기준_년분기_코드,상권_코드,상권_코드_명,자치구,상권유형,서비스_업종_코드,서비스_업종_코드_명,전체_점포_수,p_순감소,예측_개업건수,예측_폐업건수,예측_개업률,예측_폐업률
20261,3110001,이북5도청사,종로구,골목상권,CS100001,한식음식점,11,0.16699405593540176,0.33801060605073024,0.28179026640066884,3.072823691370275,2.5617296945515347
20261,3110002,독립문역 1번,종로구,골목상권,CS100001,한식음식점,6,0.10161191870674172,0.1956611859503488,0.17274711912751745,3.261019765839147,2.8791186521252907
20261,3110003,세검정초등학교,종로구,골목상권,CS100001,한식음식점,5,0.10890399703028267,0.16370899502625982,0.12884699068130204,3.274179900525197,2.5769398136260406
20261,3110003,세검정초등학교,종로구,골목상권,CS100009,호프-간이주점,7,0.14442785977126987,0.13976757530273218,0.1957611919699891,1.9966796471818882,2.79658845671413
20261,3110003,세검정초등학교,종로구,골목상권,CS100010,커피-음료,7,0.15425993991416997,0.22966521264744835,0.23811501480278432,3.2809316092492624,3.401643068611205
20261,3110005,세검정,종로구,골목상권,CS100001,한식음식점,7,0.18600336392549882,0.19002352323899543,0.1632248401803508,2.714621760557078,2.3317834311478687
20261,3110007,사직공원(한국사회과학도서관),종로구,골목상권,CS100010,커피-음료,6,0.18221067122240653,0.21923823359257108,0.2165078779294998,3.6539705598761842,3.60846463215833
20261,3110008,배화여자대학교(박노수미술관),종로구,골목상권,CS100001,한식음식점,16,0.2519194179226991,0.5929023639073626,0.4645287594129574,3.7056397744210163,2.9033047463309836
20261,3110008,배화여자대학교(박노수미술관),종로구,골목상권,CS100003,일식음식점,10,0.2224119110409753,0.291706099287358,0.3688248185905415,2.9170609928735804,3.688248185905415
20261,3110008,배화여자대학교(박노수미술관),종로구,골목상권,CS100004,양식음식점,19,0.3162118344969859,0.5772592456639942,0.711073427970786,3.0382065561262857,3.7424917261620316
20261,3110008,배화여자대학교(박노수미술관),종로구,골목상권,CS100005,제과점,8,0.22044736192057235,0.21715828529052927,0.26981466705882245,2.714478566131616,3.3726833382352805
20261,3110008,배화여자대학교(박노수미술관),종로구,골목상권,CS100006,패스트푸드점,6,0.18243657676947528,0.17819447005552896,0.25549882842841853,2.969907834258816,4.2583138071403095
20261,3110008,배화여자대학교(박노수미술관),종로구,골목상권,CS100009,호프-간이주점,12,0.30867490814255444,0.28806738019403083,0.36301350097956064,2.4005615016169237,3.0251125081630055
20261,3110008,배화여자대학교(박노수미술관),종로구,골목상권,CS100010,커피-음료,46,0.3998461161175995,1.509128805165787,1.8331285617967787,3.2807147938386674,3.985062090862562
20261,3110009,자하문터널,종로구,골목상권,CS100001,한식음식점,10,0.14620515132437187,0.33963694697275076,0.24772404347953858,3.3963694697275075,2.4772404347953856
20261,3110009,자하문터널,종로구,골목상권,CS100004,양식음식점,7,0.13348569297696128,0.20515869985276217,0.21595693759987247,2.9308385693251737,3.0850991085696067
20261,3110009,자하문터널,종로구,골목상권,CS100005,제과점,5,0.14457624748404907,0.12439649681922454,0.14388685083430497,2.487929936384491,2.8777370166860994
20261,3110009,자하문터널,종로구,골목상권,CS100010,커피-음료,13,0.2627567809557348,0.4221198109643364,0.4197373145071614,3.2470754689564334,3.2287485731320107
20261,3110010,평창동서측,종로구,골목상권,CS100001,한식음식점,12,0.2955603457746175,0.37636368021373445,0.3026086718027221,3.13636400178112,2.5217389316893506
20261,3110010,평창동서측,종로구,골목상권,CS100008,분식전문점,6,0.16409418392893899,0.17658380949477334,0.1945855322108607,2.9430634915795557,3.2430922035143452
20261,3110010,평창동서측,종로구,골목상권,CS100010,커피-음료,8,0.1858146889844092,0.2579324686489943,0.25202445296547393,3.2241558581124283,3.150305662068424
20261,3110012,성곡미술관,종로구,골목상권,CS100001,한식음식점,12,0.1743382232576231,0.4162112919585763,0.3269558869153462,3.468427432988136,2.7246323909612182
20261,3110012,성곡미술관,종로구,골목상권,CS100003,일식음식점,8,0.20187060026851347,0.21366206057439632,0.2774314250247313,2.670775757179954,3.467892812809141
20261,3110012,성곡미술관,종로구,골목상권,CS100004,양식음식점,10,0.15807344308155735,0.2952237716246687,0.3433569642247561,2.952237716246687,3.433569642247561
20261,3110012,성곡미술관,종로구,골목상권,CS100010,커피-음료,12,0.24935759430314078,0.4017529553385467,0.4179534653543779,3.3479412944878892,3.482945544619816
20261,3110014,경복고등학교,종로구,골목상권,CS100001,한식음식점,5,0.10311978329748726,0.1412732090816133,0.11695983829560559,2.8254641816322663,2.339196765912112
20261,3110014,경복고등학교,종로구,골목상권,CS100010,커피-음료,7,0.1682888652464709,0.18773674611313723,0.21445171313472455,2.6819535159019603,3.0635959019246366
20261,3110016,평창동동측,종로구,골목상권,CS100010,커피-음료,7,0.15884058923046301,0.17880185799438258,0.19544231111047008,2.5543122570626084,2.7920330158638587
20261,3110017,정독도서관,종로구,골목상권,CS100010,커피-음료,5,0.12421465910258152,0.16045183128278395,0.18724875466200194,3.209036625655679,3.744975093240039
20261,3110018,중앙고등학교,종로구,골목상권,CS100001,한식음식점,9,0.11798851676652261,0.3031160705942052,0.2537700362116848,3.3679563399356134,2.8196670690187204
20261,3110018,중앙고등학교,종로구,골목상권,CS100010,커피-음료,19,0.2862532920573817,0.5652525139180588,0.717328503037374,2.9750132311476776,3.7754131738809162
20261,3110019,창덕궁,종로구,골목상권,CS100001,한식음식점,12,0.2958266927520726,0.36916404105178074,0.3549428820180938,3.0763670087648394,2.957857350150782
20261,3110019,창덕궁,종로구,골목상권,CS100004,양식음식점,17,0.3492410164102636,0.42152341988328956,0.6556792316192979,2.4795495287252325,3.856936656584105
20261,3110019,창덕궁,종로구,골목상권,CS100009,호프-간이주점,11,0.23383758949161781,0.21500218697900514,0.3434801118922566,1.9545653361727742,3.122546471747787
20261,3110019,창덕궁,종로구,골목상권,CS100010,커피-음료,21,0.2621349682840394,0.6055619439189859,0.8265143287491935,2.8836283043761233,3.935782517853302
20261,3110020,서울국제고등학교,종로구,골목상권,CS100001,한식음식점,27,0.31158123471231625,1.0092702470692743,0.7716447125170159,3.738037952108423,2.8579433796926517
20261,3110020,서울국제고등학교,종로구,골목상권,CS100002,중식음식점,7,0.21725240058386916,0.23583021886546895,0.24816410000568398,3.3690031266495564,3.5452014286526286
20261,3110020,서울국제고등학교,종로구,골목상권,CS100008,분식전문점,11,0.2428960100212588,0.3560815682905743,0.3931777196306266,3.2371051662779484,3.574342905732969
20261,3110020,서울국제고등학교,종로구,골목상권,CS100010,커피-음료,8,0.21723194661249534,0.33871016264578335,0.2716409052558529,4.233877033072292,3.395511315698161
20261,3110021,성균관대학교,종로구,골목상권,CS100001,한식음식점,19,0.2753057217796577,0.7107699000250368,0.535215476665844,3.7408942106580882,2.8169235613991788
20261,3110021,성균관대학교,종로구,골목상권,CS100004,양식음식점,11,0.24646276103724765,0.3607000431303438,0.3809956555428197,3.2790913011849434,3.4635968685710887
20261,3110021,성균관대학교,종로구,골목상권,CS100007,치킨전문점,5,0.15866079068907515,0.13386341032522614,0.1799745619312932,2.677268206504523,3.599491238625864
20261,3110021,성균관대학교,종로구,골목상권,CS100009,호프-간이주점,18,0.3391217756342956,0.418027306442525,0.5348749897379187,2.3223739246806945,2.9715277207662147
20261,3110021,성균관대학교,종로구,골목상권,CS100010,커피-음료,14,0.25318574485202117,0.5256129714807005,0.4948644346752483,3.7543783677192897,3.5347459619660593
20261,3110022,경신고등학교,종로구,골목상권,CS100001,한식음식점,6,0.120230935059328,0.1887776461566359,0.17666537503948718,3.146294102610598,2.9444229173247862
20261,3110023,서울대병원,종로구,골목상권,CS100001,한식음식점,12,0.20022059962468325,0.4346776459950875,0.34299821392399216,3.6223137166257295,2.8583184493666014
20261,3110023,서울대병원,종로구,골목상권,CS100010,커피-음료,9,0.19101221397746226,0.35017827098358506,0.32646164665125704,3.89086967759539,3.627351629458411
20261,3110024,혜화동주민센터,종로구,골목상권,CS100001,한식음식점,13,0.16685199663323405,0.4019263001071489,0.38337360207336313,3.091740770054992,2.949027708256639
20261,3110024,혜화동주민센터,종로구,골목상권,CS100010,커피-음료,14,0.2841600398966225,0.4271766107016177,0.5325944979494877,3.051261505011555,3.8042464139249117
20261,3110025,충신시장옆,종로구,골목상권,CS100001,한식음식점,6,0.11587250015368553,0.17682163601734352,0.18391978105600193,2.9470272669557254,3.0653296842666986
20261,3110025,충신시장옆,종로구,골목상권,CS100010,커피-음료,5,0.14615088433535525,0.1527574973568361,0.19512551275232384,3.055149947136722,3.902510255046477
20261,3110027,혜화역 1번,종로구,골목상권,CS100001,한식음식점,7,0.1559665974928226,0.24101292601999078,0.18641678099461392,3.4430418002855823,2.6630968713516276
20261,3110027,혜화역 1번,종로구,골목상권,CS100010,커피-음료,10,0.20274981363549052,0.33242286872395466,0.35020368995016715,3.3242286872395463,3.5020368995016717
20261,3110028,이화달팽이길,종로구,골목상권,CS100001,한식음식점,16,0.26409221673316313,0.6129337200310694,0.48668651713708017,3.8308357501941837,3.041790732106751
20261,3110028,이화달팽이길,종로구,골목상권,CS100005,제과점,5,0.16612423011843316,0.14511125065614272,0.17105044743365486,2.9022250131228544,3.4210089486730975
20261,3110028,이화달팽이길,종로구,골목상권,CS100009,호프-간이주점,6,0.2041224352518471,0.1573588804277547,0.1814480225837339,2.622648007129245,3.0241337097288987
20261,3110028,이화달팽이길,종로구,골목상권,CS100010,커피-음료,16,0.31640925755794386,0.5939839339619009,0.6224972542901637,3.7123995872618805,3.890607839313523
20261,3110029,동대문역 1번,종로구,골목상권,CS100001,한식음식점,15,0.2586417550091216,0.5580027061949959,0.46103984543285154,3.7200180412999733,3.073598969552344
20261,3110029,동대문역 1번,종로구,골목상권,CS100010,커피-음료,8,0.25632239811796986,0.310152424981056,0.3023930893798684,3.8769053122632,3.779913617248355
20261,3110030,동대문역 3번,종로구,골목상권,CS100001,한식음식점,8,0.10680016249436783,0.2155040424647491,0.22765445849587426,2.693800530809364,2.8456807311984282
20261,3110030,동대문역 3번,종로구,골목상권,CS100004,양식음식점,6,0.11430657079398067,0.13854559259328356,0.21359554362378558,2.309093209888059,3.559925727063093
20261,3110033,창신역 4번,종로구,골목상권,CS100001,한식음식점,10,0.12295759292471942,0.3298253276036297,0.2997455677000844,3.298253276036297,2.9974556770008443
20261,3110034,창신1동주민센터,종로구,골목상권,CS100001,한식음식점,8,0.16317296646305193,0.22573753526955995,0.2520424280321509,2.821719190869499,3.150530350401886
20261,3110035,동묘앞역 2번,종로구,골목상권,CS100001,한식음식점,8,0.14769054961437827,0.29637726256970626,0.23045990268208627,3.7047157821213283,2.8807487835260783
20261,3110035,동묘앞역 2번,종로구,골목상권,CS100008,분식전문점,5,0.17177445747880293,0.15349722951121547,0.1851699419358691,3.0699445902243094,3.7033988387173826
20261,3110035,동묘앞역 2번,종로구,골목상권,CS100009,호프-간이주점,6,0.14347950116487462,0.14062418187926215,0.1794772506283813,2.343736364654369,2.9912875104730214
20261,3110035,동묘앞역 2번,종로구,골목상권,CS100010,커피-음료,6,0.12536373427806413,0.22591407829770785,0.21759288818614084,3.7652346382951305,3.62654813643568
20261,3110037,신설동역 12번,종로구,골목상권,CS100001,한식음식점,19,0.34368050790169796,0.6040643992119664,0.5625849213830629,3.179286311641929,2.9609732704371736
20261,3110037,신설동역 12번,종로구,골목상권,CS100010,커피-음료,5,0.131457073190252,0.18242300901201108,0.17458171611633017,3.648460180240222,3.491634322326603
20261,3110038,경향신문사,중구,골목상권,CS100001,한식음식점,11,0.12247007310164439,0.2860942806935507,0.26860540269742866,2.600857097214097,2.4418672972493516
20261,3110038,경향신문사,중구,골목상권,CS100010,커피-음료,10,0.1890856703016174,0.27342642928123734,0.31366605260417335,2.7342642928123735,3.1366605260417333
20261,3110039,회현역 1번,중구,골목상권,CS100001,한식음식점,6,0.11274957912228006,0.1757411458171475,0.1587289234390716,2.9290190969524583,2.64548205731786
20261,3110040,중구회현체육센터(정화예술대남산캠퍼스),중구,골목상권,CS100001,한식음식점,6,0.1095807641645377,0.18254078990224296,0.1612607738026216,3.042346498370716,2.687679563377027
20261,3110040,중구회현체육센터(정화예술대남산캠퍼스),중구,골목상권,CS100010,커피-음료,6,0.1663186471338661,0.1790065806681097,0.2066164678742989,2.9834430111351615,3.4436077979049817
20261,3110041,남산케이블카,중구,골목상권,CS100001,한식음식점,13,0.14276960240131975,0.40787576546556376,0.37404280306245064,3.137505888196644,2.8772523312496205
20261,3110041,남산케이블카,중구,골목상권,CS100004,양식음식점,8,0.14656930511468147,0.21613876930972356,0.2836611047369478,2.7017346163715446,3.5457638092118473
20261,3110041,남산케이블카,중구,골목상권,CS100010,커피-음료,15,0.271702353833187,0.4485719001637941,0.5569768767695276,2.9904793344252942,3.7131791784635175
20261,3110042,남산골공원옆,중구,골목상권,CS100001,한식음식점,8,0.15013078123865373,0.2601747160883251,0.24888555528632983,3.2521839511040636,3.111069441079123
20261,3110042,남산골공원옆,중구,골목상권,CS100010,커피-음료,5,0.1622208926330564,0.1733363457041249,0.19435679320556437,3.4667269140824977,3.887135864111287
20261,3110043,충무초등학교,중구,골목상권,CS100001,한식음식점,19,0.31884175336451437,0.6586223820720303,0.5781637926831191,3.466433589852791,3.042967329911153
20261,3110043,충무초등학교,중구,골목상권,CS100006,패스트푸드점,6,0.1769274938573108,0.18480351736718403,0.2681554024493846,3.080058622786401,4.469256707489743
20261,3110043,충무초등학교,중구,골목상권,CS100008,분식전문점,6,0.14723479400609682,0.1869809821978402,0.2249998193474545,3.116349703297337,3.7499969891242415
20261,3110043,충무초등학교,중구,골목상권,CS100010,커피-음료,17,0.2964697185696667,0.6136742312777873,0.6627432602316057,3.609848419281102,3.8984897660682685
20261,3110045,동대문역사문화공원역 5번,중구,골목상권,CS100001,한식음식점,32,0.2383883324238478,0.9803045229201973,0.9445496580591347,3.0634516341256166,2.951717681434796
20261,3110045,동대문역사문화공원역 5번,중구,골목상권,CS100003,일식음식점,5,0.10780938419270049,0.13789635676556158,0.17128288550319762,2.7579271353112316,3.4256577100639523
20261,3110045,동대문역사문화공원역 5번,중구,골목상권,CS100010,커피-음료,6,0.14905683952440132,0.21196148455084565,0.20344969835800727,3.532691409180761,3.390828305966788
20261,3110047,다산성곽길,중구,골목상권,CS100010,커피-음료,9,0.20491597569614414,0.30299196027223485,0.3728920829351156,3.366577336358165,4.143245365945729
20261,3110048,장충동주민센터,중구,골목상권,CS100010,커피-음료,5,0.10553224438428453,0.19172467062198836,0.20044693878804196,3.834493412439767,4.008938775760839
20261,3110049,장충단 고개,중구,골목상권,CS100001,한식음식점,20,0.2379176654508238,0.6902325834197243,0.6398527844465686,3.451162917098621,3.199263922232843
20261,3110049,장충단 고개,중구,골목상권,CS100004,양식음식점,5,0.21312601732781447,0.15990051465161495,0.18551026912352023,3.198010293032299,3.7102053824704044
20261,3110049,장충단 고개,중구,골목상권,CS100009,호프-간이주점,6,0.13777600172580942,0.14705044718998295,0.18849565508152868,2.4508407864997155,3.141594251358811
20261,3110049,장충단 고개,중구,골목상권,CS100010,커피-음료,12,0.33692921509174345,0.4213503491316995,0.47490149509166796,3.5112529094308296,3.957512459097233
20261,3110050,약수역 7번,중구,골목상권,CS100001,한식음식점,8,0.10439385584480604,0.2578577148130327,0.22728907641071336,3.223221435162909,2.8411134551339168
20261,3110051,한양공고앞 교차로,중구,골목상권,CS100001,한식음식점,10,0.1597942818883721,0.35267797932684863,0.35077305557749855,3.5267797932684863,3.5077305557749856
20261,3110052,장충초등학교,중구,골목상권,CS100001,한식음식점,17,0.275062504372709,0.5282249989261019,0.5230426140751601,3.107205876035893,3.0767212592656477
20261,3110052,장충초등학교,중구,골목상권,CS100008,분식전문점,5,0.12127787052813237,0.14565769199901982,0.18966759649589462,2.9131538399803962,3.7933519299178924
20261,3110052,장충초등학교,중구,골목상권,CS100009,호프-간이주점,7,0.20486044596653993,0.15172301894266121,0.21630187352833033,2.1674716991808745,3.0900267646904336
20261,3110053,청구역 1번,중구,골목상권,CS100001,한식음식점,17,0.2722374776396312,0.5877532480872621,0.5586043143015205,3.4573720475721306,3.285907731185415
20261,3110053,청구역 1번,중구,골목상권,CS100002,중식음식점,6,0.1376192433985264,0.18327003452898702,0.24989373229718478,3.054500575483117,4.164895538286413
20261,3110053,청구역 1번,중구,골목상권,CS100005,제과점,6,0.2437173596340894,0.16556790258032608,0.22558567640645846,2.759465043005435,3.7597612734409744
20261,3110053,청구역 1번,중구,골목상권,CS100010,커피-음료,6,0.17136792782316612,0.22251091845846652,0.2356383056344518,3.708515307641109,3.9273050939075302
20261,3110054,청구역 3번,중구,골목상권,CS100001,한식음식점,14,0.29135283986988947,0.48747746526116886,0.4823040176127766,3.481981894722635,3.445028697234118
20261,3110054,청구역 3번,중구,골목상권,CS100004,양식음식점,7,0.2724933555122049,0.2086408052031419,0.2920777717574973,2.9805829314734558,4.1725395965356755
20261,3110054,청구역 3번,중구,골목상권,CS100006,패스트푸드점,6,0.12453532626164666,0.1800959070384913,0.30966005616225395,3.0015984506415214,5.161000936037566
20261,3110054,청구역 3번,중구,골목상권,CS100010,커피-음료,8,0.20527984268293678,0.2768890646959764,0.3384593390765976,3.461113308699705,4.2307417384574695
20261,3110055,황학동벼룩시장,중구,골목상권,CS100001,한식음식점,9,0.16193830612502141,0.2670572733629134,0.2988179859169228,2.9673030373657046,3.3201998435213644
20261,3110056,신당역 3번,중구,골목상권,CS100001,한식음식점,43,0.39003162275364134,1.4374404050894216,1.375085872676547,3.342884662998655,3.1978741225035976
20261,3110056,신당역 3번,중구,골목상권,CS100007,치킨전문점,6,0.20876393703404816,0.1563131683016847,0.23605498146091672,2.605219471694745,3.934249691015278
20261,3110056,신당역 3번,중구,골목상권,CS100009,호프-간이주점,5,0.1294053799921729,0.12855498800688842,0.14734480612835946,2.571099760137768,2.9468961225671895
20261,3110056,신당역 3번,중구,골목상권,CS100010,커피-음료,14,0.2859520033216885,0.5210468739799916,0.5345654508864395,3.7217633855713688,3.8183246491888534
20261,3110057,황학코아루아파트,중구,골목상권,CS100001,한식음식점,8,0.11436663486178747,0.27458179502422053,0.26040150276291546,3.4322724378027565,3.255018784536443
20261,3110057,황학코아루아파트,중구,골목상권,CS100010,커피-음료,5,0.08369528404533708,0.18120825453132297,0.20306967060729958,3.6241650906264593,4.061393412145992
20261,3110058,성심여자고등학교,용산구,골목상권,CS100001,한식음식점,18,0.3028921323925207,0.7153209040606092,0.6407146515007203,3.97400502255894,3.559525841670668
20261,3110058,성심여자고등학교,용산구,골목상권,CS100010,커피-음료,10,0.26150412169208814,0.42757290736702436,0.4412083134427924,4.275729073670244,4.412083134427924
20261,3110059,새남터성지,용산구,골목상권,CS100001,한식음식점,7,0.18487055253271073,0.2562536160473519,0.24258685974360178,3.660765943533599,3.46552656776574
20261,3110060,효창공원앞역 6번,용산구,골목상권,CS100001,한식음식점,8,0.17615818382825063,0.31821010698910873,0.26043614937087767,3.977626337363859,3.255451867135971
20261,3110060,효창공원앞역 6번,용산구,골목상권,CS100007,치킨전문점,7,0.17675226444702105,0.18555581641096405,0.3169868452043975,2.650797377299486,4.528383502919964
20261,3110060,효창공원앞역 6번,용산구,골목상권,CS100010,커피-음료,12,0.2773683523942969,0.4395112078159122,0.512170920360783,3.6625933984659347,4.268091003006525
20261,3110061,효창동주민센터,용산구,골목상권,CS100010,커피-음료,9,0.1791719552049008,0.364512039897738,0.3935287585630443,4.050133776641533,4.372541761811603
20261,3110062,한강로동땡땡거리(은행나무길),용산구,골목상권,CS100001,한식음식점,74,0.3207477827595144,2.7928254171326605,2.318250392312507,3.7740884015306224,3.132770800422306
20261,3110062,한강로동땡땡거리(은행나무길),용산구,골목상권,CS100003,일식음식점,6,0.15916504961297867,0.21667317235136194,0.2089343506232038,3.611219539189366,3.482239177053397
20261,3110062,한강로동땡땡거리(은행나무길),용산구,골목상권,CS100004,양식음식점,31,0.3630059332115668,1.0583387635877706,1.1692045935820292,3.413996011573454,3.7716277212323526
20261,3110062,한강로동땡땡거리(은행나무길),용산구,골목상권,CS100006,패스트푸드점,5,0.1993957286458314,0.1792067253244041,0.20556443461677854,3.584134506488082,4.11128869233557
20261,3110062,한강로동땡땡거리(은행나무길),용산구,골목상권,CS100008,분식전문점,5,0.1974174949318078,0.20575590422356,0.1756802708545524,4.1151180844712,3.513605417091048
20261,3110062,한강로동땡땡거리(은행나무길),용산구,골목상권,CS100009,호프-간이주점,12,0.27534504829410406,0.3394093526331304,0.35434578315870946,2.828411271942753,2.952881526322579
20261,3110062,한강로동땡땡거리(은행나무길),용산구,골목상권,CS100010,커피-음료,41,0.30491242256969153,1.6100127010512928,1.5840056644005216,3.926860246466568,3.8634284497573694
20261,3110063,효창공원앞역 5번,용산구,골목상권,CS100001,한식음식점,31,0.2994164621650972,1.1537386491991604,1.0506643447166248,3.7217375780618074,3.3892398216665316
20261,3110063,효창공원앞역 5번,용산구,골목상권,CS100004,양식음식점,5,0.15822350256250786,0.18173619796356413,0.1912697737850213,3.6347239592712826,3.8253954757004256
20261,3110063,효창공원앞역 5번,용산구,골목상권,CS100009,호프-간이주점,15,0.2822384666703269,0.3751751672065196,0.5143647510254041,2.501167781376797,3.4290983401693604
20261,3110063,효창공원앞역 5번,용산구,골목상권,CS100010,커피-음료,8,0.16538000654842058,0.3346756931046942,0.31827831004251894,4.183446163808678,3.978478875531487
20261,3110064,효창공원앞역 2번,용산구,골목상권,CS100001,한식음식점,6,0.10278782772343445,0.2717240430078072,0.19421393760484143,4.5287340501301205,3.2368989600806906
20261,3110064,효창공원앞역 2번,용산구,골목상권,CS100005,제과점,7,0.1267317449664853,0.2072736451173244,0.2768916379929784,2.9610520731046344,3.9555948284711198
20261,3110064,효창공원앞역 2번,용산구,골목상권,CS100008,분식전문점,6,0.13502511514865181,0.2203115495748959,0.25833403410408595,3.671859159581598,4.305567235068099
20261,3110064,효창공원앞역 2번,용산구,골목상권,CS100010,커피-음료,13,0.2559645825411717,0.5266561095417749,0.5656274071409213,4.051200842629037,4.350980054930164
20261,3110066,서울역 15번,용산구,골목상권,CS100001,한식음식점,35,0.3427984655746326,1.4108682780158148,1.2247406832155008,4.0310522229023285,3.499259094901431
20261,3110066,서울역 15번,용산구,골목상권,CS100004,양식음식점,7,0.1922336872685791,0.2748959210841194,0.2811241799276942,3.9270845869159916,4.0160597132527736
20261,3110066,서울역 15번,용산구,골목상권,CS100008,분식전문점,6,0.13685270114870238,0.23261214862974158,0.2489348224507355,3.8768691438290266,4.148913707512259
20261,3110066,서울역 15번,용산구,골목상권,CS100009,호프-간이주점,9,0.21212133622565651,0.2662386898905383,0.30696132980088814,2.9582076654504257,3.410681442232091
20261,3110066,서울역 15번,용산구,골목상권,CS100010,커피-음료,13,0.21873010966322792,0.5739181428460403,0.5475569810562125,4.414754944969541,4.211976777355481
20261,3110067,배문고등학교,용산구,골목상권,CS100001,한식음식점,17,0.2699511961661679,0.7385841600861253,0.5859825498181586,4.344612706388972,3.446956175400933
20261,3110067,배문고등학교,용산구,골목상권,CS100008,분식전문점,5,0.12167677587617416,0.19175693622178167,0.21063900896086873,3.8351387244356334,4.212780179217375
20261,3110067,배문고등학교,용산구,골목상권,CS100010,커피-음료,11,0.229103795518515,0.49783441823814345,0.4734662281647092,4.525767438528576,4.304238437860993
20261,3110068,남영역 1번,용산구,골목상권,CS100001,한식음식점,32,0.3159784532681341,1.284109534884305,1.0858747647323033,4.012842296513453,3.3933586397884477
20261,3110068,남영역 1번,용산구,골목상권,CS100004,양식음식점,9,0.21636034103951252,0.3404172116512305,0.35838597600874506,3.78241346279145,3.9820664000971675
20261,3110068,남영역 1번,용산구,골목상권,CS100008,분식전문점,10,0.20220344790113745,0.3711118763947944,0.4195548299976605,3.7111187639479444,4.195548299976605
20261,3110068,남영역 1번,용산구,골목상권,CS100009,호프-간이주점,8,0.20006212463869374,0.24253619621783248,0.265124225267383,3.031702452722906,3.3140528158422873
20261,3110068,남영역 1번,용산구,골목상권,CS100010,커피-음료,19,0.2683825031900558,0.8022391207705827,0.8007867775757879,4.222311161950435,4.214667250398883
20261,3110069,숙대입구,용산구,골목상권,CS100001,한식음식점,55,0.3903527939243124,2.4201245813323946,1.8138936921423154,4.400226511513445,3.2979885311678463
20261,3110069,숙대입구,용산구,골목상권,CS100002,중식음식점,12,0.3368309686174008,0.5096501844242711,0.48910602918236085,4.247084870202259,4.075883576519674
20261,3110069,숙대입구,용산구,골목상권,CS100003,일식음식점,12,0.27558504902209013,0.46717459843583276,0.47043262865723184,3.8931216536319395,3.9202719054769317
20261,3110069,숙대입구,용산구,골목상권,CS100004,양식음식점,25,0.32843264953489504,0.9796127831243135,0.9968036898907036,3.918451132497254,3.9872147595628142
20261,3110069,숙대입구,용산구,골목상권,CS100005,제과점,7,0.16016904638133878,0.2521905305491574,0.24453735871565485,3.602721864987963,3.493390838795069
20261,3110069,숙대입구,용산구,골목상권,CS100006,패스트푸드점,19,0.3840431528995947,0.682151619408315,0.9154862646212102,3.590271681096395,4.818348761164264
20261,3110069,숙대입구,용산구,골목상권,CS100007,치킨전문점,5,0.21078839464215288,0.17620992848525294,0.19687575160274778,3.524198569705059,3.9375150320549555
20261,3110069,숙대입구,용산구,골목상권,CS100008,분식전문점,42,0.3820306895334636,1.5682764081721101,1.8154783735824758,3.733991448028834,4.322567556148752
20261,3110069,숙대입구,용산구,골목상권,CS100009,호프-간이주점,18,0.3265490581472617,0.5410678161224259,0.5836728277804663,3.0059323117912555,3.24262682100259
20261,3110069,숙대입구,용산구,골목상권,CS100010,커피-음료,51,0.3814671670349904,2.208734341446049,2.1433189168589672,4.330851649894214,4.202586111488172
20261,3110071,한강미주맨션아파트,용산구,골목상권,CS100001,한식음식점,10,0.13111578745342856,0.33208288906339545,0.29704188506364765,3.3208288906339547,2.9704188506364764
20261,3110072,열정도,용산구,골목상권,CS100001,한식음식점,17,0.24709834095021688,0.5686519130424549,0.5950903793702601,3.3450112531909113,3.5005316433544706
20261,3110072,열정도,용산구,골목상권,CS100010,커피-음료,9,0.22563035000265533,0.32748706503978053,0.3896386161795452,3.638745167108673,4.329317957550502
20261,3110073,삼각지역 3번,용산구,골목상권,CS100001,한식음식점,13,0.2781957158298521,0.44572284017112435,0.4360350326784662,3.428637232085572,3.3541156359882014
20261,3110073,삼각지역 3번,용산구,골목상권,CS100004,양식음식점,6,0.16198492169638548,0.18214912051116328,0.24339647673113582,3.0358186751860545,4.05660794551893
20261,3110073,삼각지역 3번,용산구,골목상권,CS100010,커피-음료,8,0.18771308405904902,0.27784261420633616,0.3323796709654357,3.473032677579202,4.154745887067946
20261,3110074,서울역 12번,용산구,골목상권,CS100001,한식음식점,67,0.38387340455852226,2.2539488077409806,2.1207972839590736,3.364102698120867,3.1653690805359305
20261,3110074,서울역 12번,용산구,골목상권,CS100002,중식음식점,5,0.09969914291638372,0.17786021630268128,0.18204909446217019,3.5572043260536255,3.640981889243404
20261,3110074,서울역 12번,용산구,골목상권,CS100003,일식음식점,7,0.13376370588472836,0.21610104458558568,0.24977163448892076,3.0871577797940812,3.568166206984582
20261,3110074,서울역 12번,용산구,골목상권,CS100006,패스트푸드점,5,0.11566563105955537,0.16775956196476563,0.210841798857133,3.3551912392953125,4.21683597714266
20261,3110074,서울역 12번,용산구,골목상권,CS100007,치킨전문점,6,0.14925259551809583,0.16762708289215356,0.22767638089900327,2.7937847148692256,3.794606348316721
20261,3110074,서울역 12번,용산구,골목상권,CS100008,분식전문점,6,0.1401228633445454,0.20917435935576573,0.21621684011055226,3.4862393225960955,3.6036140018425376
20261,3110074,서울역 12번,용산구,골목상권,CS100009,호프-간이주점,6,0.1338760285137988,0.15747986534609335,0.1717865621543505,2.624664422434889,2.863109369239175
20261,3110074,서울역 12번,용산구,골목상권,CS100010,커피-음료,16,0.29082657146180857,0.6458678809566034,0.596500576311215,4.036674255978771,3.7281286019450937
20261,3110075,숙대입구역 1번,용산구,골목상권,CS100001,한식음식점,13,0.2685159589619965,0.538762221213713,0.42281343885205686,4.1443247785670225,3.2524110680927447
20261,3110075,숙대입구역 1번,용산구,골목상권,CS100010,커피-음료,15,0.2940807805546713,0.5743608021045963,0.6267588662425172,3.829072014030642,4.178392441616782
20261,3110076,삼각지역 14번,용산구,골목상권,CS100001,한식음식점,8,0.09632222833253279,0.266088311927245,0.22944318828312626,3.3261038990905627,2.868039853539078
20261,3110077,삼광초등학교,용산구,골목상권,CS100001,한식음식점,8,0.14292387481622132,0.31425752046676064,0.2704038726744277,3.928219005834508,3.3800484084303464
20261,3110077,삼광초등학교,용산구,골목상권,CS100010,커피-음료,6,0.10176491624231786,0.23208998112455342,0.254136696840182,3.8681663520758907,4.235611614003033
20261,3110079,후암동주민센터,용산구,골목상권,CS100001,한식음식점,34,0.3128469829711167,1.4422025688040374,1.1373097073284903,4.241772261188345,3.3450285509661484
20261,3110079,후암동주민센터,용산구,골목상권,CS100004,양식음식점,15,0.2581202494544187,0.5646226948379063,0.6048712388573433,3.764151298919375,4.032474925715622
20261,3110079,후암동주민센터,용산구,골목상권,CS100005,제과점,5,0.17531926919405477,0.17200021423897296,0.17895369789885876,3.440004284779459,3.5790739579771755
20261,3110079,후암동주민센터,용산구,골목상권,CS100006,패스트푸드점,5,0.14473332194084823,0.1841768027068864,0.23043507730826174,3.683536054137728,4.608701546165235
20261,3110079,후암동주민센터,용산구,골목상권,CS100007,치킨전문점,5,0.21328089790492538,0.1611032686979189,0.20585447298267623,3.2220653739583787,4.117089459653524
20261,3110079,후암동주민센터,용산구,골목상권,CS100008,분식전문점,8,0.1574992455220719,0.3341987183188248,0.32647367961349594,4.17748397898531,4.080920995168699
20261,3110079,후암동주민센터,용산구,골목상권,CS100009,호프-간이주점,8,0.20537279803493252,0.2418587158950632,0.2579017477965002,3.02323394868829,3.223771847456253
20261,3110079,후암동주민센터,용산구,골목상권,CS100010,커피-음료,43,0.38781300273260677,1.757763513361781,1.8727962931900783,4.0878221240971655,4.355340216721112
20261,3110080,해방촌예술마을,용산구,골목상권,CS100001,한식음식점,15,0.31834858455612247,0.6595901868385475,0.4981168618831791,4.397267912256984,3.3207790792211944
20261,3110080,해방촌예술마을,용산구,골목상권,CS100004,양식음식점,15,0.29448474649988027,0.5429539316787585,0.6337747233232117,3.61969287785839,4.225164822154745
20261,3110080,해방촌예술마을,용산구,골목상권,CS100009,호프-간이주점,5,0.12876381931649983,0.1521278161388755,0.16379335759945224,3.04255632277751,3.2758671519890448
20261,3110080,해방촌예술마을,용산구,골목상권,CS100010,커피-음료,17,0.2822697780431548,0.7231563126883607,0.7290808806713297,4.25386066287271,4.288711062772528
20261,3110081,해방촌 남동측,용산구,골목상권,CS100001,한식음식점,20,0.29085290206011166,0.9088513137073476,0.6061618940023864,4.5442565685367375,3.030809470011932
20261,3110081,해방촌 남동측,용산구,골목상권,CS100004,양식음식점,47,0.4539914350451541,1.6302311308506479,1.9182730844089875,3.468576874150315,4.081432094487207
20261,3110081,해방촌 남동측,용산구,골목상권,CS100005,제과점,10,0.2001070924111187,0.32973705235336287,0.35159535098248335,3.2973705235336284,3.515953509824833
20261,3110081,해방촌 남동측,용산구,골목상권,CS100006,패스트푸드점,10,0.19430348331877406,0.3399385779366145,0.450253624038937,3.399385779366145,4.50253624038937
20261,3110081,해방촌 남동측,용산구,골목상권,CS100008,분식전문점,6,0.1421831103744176,0.25395458891180595,0.2243428841930936,4.232576481863433,3.7390480698848934
20261,3110081,해방촌 남동측,용산구,골목상권,CS100009,호프-간이주점,16,0.27774464090395445,0.4691896178216768,0.5075803496335523,2.93243511138548,3.172377185209702
20261,3110081,해방촌 남동측,용산구,골목상권,CS100010,커피-음료,36,0.38218444148233377,1.5171110426522179,1.4528116388208887,4.214197340700605,4.03558788561358
20261,3110082,용산구청,용산구,골목상권,CS100001,한식음식점,25,0.277032741560593,0.9091743985545399,0.7652292300228023,3.6366975942181594,3.060916920091209
20261,3110082,용산구청,용산구,골목상권,CS100004,양식음식점,22,0.31842469483476293,0.6701778994293646,0.8503093727137835,3.0462631792243844,3.8650426032444702
20261,3110082,용산구청,용산구,골목상권,CS100006,패스트푸드점,5,0.10167112067931976,0.14892434390478904,0.21423550706871994,2.9784868780957807,4.284710141374399
20261,3110082,용산구청,용산구,골목상권,CS100009,호프-간이주점,10,0.18486582648412472,0.25323858340609745,0.3066317166742939,2.5323858340609746,3.0663171667429387
20261,3110082,용산구청,용산구,골목상권,CS100010,커피-음료,18,0.24212346417786718,0.6716739599520192,0.6923225775549503,3.73152199973344,3.8462365419719458
20261,3110083,서빙고역 1번,용산구,골목상권,CS100010,커피-음료,5,0.1622122387072899,0.15739569630788317,0.2070081373296697,3.147913926157663,4.140162746593394
20261,3110084,경리단길북측,용산구,골목상권,CS100001,한식음식점,29,0.3768707814219613,1.182295519680022,0.9181794103692,4.076881102344903,3.1661358978248275
20261,3110084,경리단길북측,용산구,골목상권,CS100004,양식음식점,42,0.436103674902274,1.3681821214121057,1.7348275579647612,3.2575764795526325,4.1305418046780025
20261,3110084,경리단길북측,용산구,골목상권,CS100005,제과점,5,0.15251505586247677,0.1774170574009432,0.17330294683115846,3.5483411480188645,3.466058936623169
20261,3110084,경리단길북측,용산구,골목상권,CS100006,패스트푸드점,7,0.19435492771060564,0.2425466042065689,0.3165983968599905,3.46495148866527,4.522834240857008
20261,3110084,경리단길북측,용산구,골목상권,CS100008,분식전문점,6,0.12797544329161456,0.24448385060167083,0.22990134475384208,4.074730843361181,3.831689079230701
20261,3110084,경리단길북측,용산구,골목상권,CS100009,호프-간이주점,25,0.3705786898424138,0.6471752996457693,0.8314755674548628,2.588701198583077,3.3259022698194514
20261,3110084,경리단길북측,용산구,골목상권,CS100010,커피-음료,26,0.3499905281694449,1.0745669311223982,1.050691838178067,4.1329497350861475,4.041122454531028
20261,3110085,경리단길남측,용산구,골목상권,CS100001,한식음식점,24,0.31903970993162534,1.0154821651675132,0.7568178634511723,4.231175688197972,3.153407764379885
20261,3110085,경리단길남측,용산구,골목상권,CS100004,양식음식점,31,0.35914198563271243,1.0417071294539344,1.2626851063300983,3.360345578883659,4.073177762355156
20261,3110085,경리단길남측,용산구,골목상권,CS100005,제과점,9,0.2193876107252835,0.2921667327674293,0.3244310412457102,3.246297030749215,3.604789347174558
20261,3110085,경리단길남측,용산구,골목상권,CS100006,패스트푸드점,7,0.283430718797329,0.24294927170256195,0.3184454240077489,3.470703881465171,4.549220342967841
20261,3110085,경리단길남측,용산구,골목상권,CS100007,치킨전문점,5,0.15669130679331789,0.14854957731872648,0.1972288413752586,2.9709915463745293,3.9445768275051716
20261,3110085,경리단길남측,용산구,골목상권,CS100009,호프-간이주점,21,0.31709789473524924,0.553799616265311,0.6945724915735775,2.637141029834815,3.307488055112274
20261,3110085,경리단길남측,용산구,골목상권,CS100010,커피-음료,32,0.38655124778992245,1.261038018104821,1.3128557613475644,3.940743806577566,4.102674254211139
20261,3110086,이태원역 북측,용산구,골목상권,CS100010,커피-음료,5,0.12725090914883852,0.2059130554844578,0.2036438639489485,4.118261109689156,4.07287727897897
20261,3110087,이태원엔틱가구거리,용산구,골목상권,CS100004,양식음식점,6,0.18229659667850792,0.17442509653282307,0.25738788785372585,2.907084942213718,4.289798130895431
20261,3110087,이태원엔틱가구거리,용산구,골목상권,CS100010,커피-음료,6,0.08911596958264233,0.20518148417281323,0.25871564321010887,3.4196914028802206,4.311927386835148
20261,3110088,오산고등학교,용산구,골목상권,CS100001,한식음식점,15,0.2557748837204617,0.5367351020002536,0.4854418450360201,3.5782340133350243,3.2362789669068004
20261,3110088,오산고등학교,용산구,골목상권,CS100010,커피-음료,7,0.17421222268109537,0.2716990469679032,0.2772726728924164,3.8814149566843312,3.9610381841773776
20261,3110089,서빙고동주민센터,용산구,골목상권,CS100010,커피-음료,6,0.17857377205742408,0.22940031883540835,0.2608590197822059,3.8233386472568056,4.3476503297034315
20261,3110090,한국폴리텍대학서울정수캠퍼스,용산구,골목상권,CS100001,한식음식점,15,0.2522067811620708,0.5763827796623963,0.5148547093064822,3.842551864415975,3.4323647287098815
20261,3110091,리움미술관,용산구,골목상권,CS100004,양식음식점,8,0.21593764229940995,0.23779187955576206,0.3331108334388969,2.9723984944470256,4.1638854179862115
20261,3110091,리움미술관,용산구,골목상권,CS100010,커피-음료,8,0.15240064752654378,0.2797217358129011,0.33482921147546973,3.496521697661264,4.185365143443372
20261,3110092,NH농협은행 보광동지점,용산구,골목상권,CS100001,한식음식점,5,0.1168510989849316,0.17844592181475136,0.14987805127210543,3.5689184362950273,2.997561025442109
20261,3110093,우사단길,용산구,골목상권,CS100001,한식음식점,19,0.25063890253430265,0.7766366119466567,0.6134202671825678,4.087561115508719,3.228527722013515
20261,3110093,우사단길,용산구,골목상권,CS100004,양식음식점,18,0.3352018319616578,0.6043936270127303,0.7360165931106964,3.3577423722929463,4.0889810728372025
20261,3110093,우사단길,용산구,골목상권,CS100009,호프-간이주점,12,0.220123001111271,0.31670199263546706,0.39802298670125097,2.6391832719622252,3.316858222510425
20261,3110093,우사단길,용산구,골목상권,CS100010,커피-음료,14,0.24273123927936327,0.5821544299221318,0.5682908132453612,4.158245928015227,4.059220094609723
20261,3110094,오산중학교,용산구,골목상권,CS100001,한식음식점,13,0.2220855927535687,0.40812008935429317,0.3998325142181995,3.1393853027253322,3.0756347247553806
20261,3110095,한강진역 3번,용산구,골목상권,CS100001,한식음식점,9,0.14558544974503698,0.37970975849363214,0.2686618306740365,4.218997316595913,2.9851314519337384
20261,3110095,한강진역 3번,용산구,골목상권,CS100003,일식음식점,7,0.16980224423982748,0.22761159703278458,0.26926633329747224,3.251594243325494,3.8466619042496033
20261,3110095,한강진역 3번,용산구,골목상권,CS100004,양식음식점,30,0.38442749170205354,0.9450015837992796,1.2358919657657434,3.1500052793309323,4.119639885885811
20261,3110095,한강진역 3번,용산구,골목상권,CS100005,제과점,12,0.2899349042432953,0.33726621173822,0.44361240073059643,2.810551764485167,3.6967700060883035
20261,3110095,한강진역 3번,용산구,골목상권,CS100009,호프-간이주점,10,0.1874080296223918,0.2631071467632364,0.3191118343865304,2.631071467632364,3.191118343865304
20261,3110095,한강진역 3번,용산구,골목상권,CS100010,커피-음료,35,0.33826328800142835,1.2765409031066872,1.4637613219306056,3.6472597231619637,4.182175205516016
20261,3110096,한남힐사이드아파트,용산구,골목상권,CS100010,커피-음료,9,0.19651566075074997,0.2782112240624443,0.4154961601933746,3.091235822916048,4.6166240021486065
20261,3110098,서울독일학교,용산구,골목상권,CS100001,한식음식점,8,0.11666687090826348,0.27108927494832247,0.2280490102846665,3.388615936854031,2.8506126285583315
20261,3110098,서울독일학교,용산구,골목상권,CS100004,양식음식점,12,0.2047799064136109,0.3311301686613283,0.44874623845353,2.7594180721777355,3.73955198711275
20261,3110098,서울독일학교,용산구,골목상권,CS100010,커피-음료,7,0.10147501282560119,0.24210884049986062,0.2544490557759319,3.4586977214265806,3.6349865110847417
20261,3110102,옥수역 6번,성동구,골목상권,CS100001,한식음식점,18,0.25517973180060566,0.6919682172909483,0.6584623093389833,3.8442678738386014,3.6581239407721298
20261,3110102,옥수역 6번,성동구,골목상권,CS100005,제과점,5,0.16151951305951115,0.16806866830425202,0.2080876490152032,3.36137336608504,4.1617529803040645
20261,3110102,옥수역 6번,성동구,골목상권,CS100008,분식전문점,10,0.2094477020511348,0.34487066563692986,0.4713103218742578,3.4487066563692985,4.713103218742578
20261,3110102,옥수역 6번,성동구,골목상권,CS100010,커피-음료,7,0.12994351975884094,0.2878534131856083,0.30829148866789474,4.112191616937261,4.404164123827068
20261,3110104,신금호역 4번,성동구,골목상권,CS100001,한식음식점,7,0.11467197101636911,0.312154368250735,0.265809979155187,4.459348117867643,3.7972854165026715
20261,3110105,금동어린이공원,성동구,골목상권,CS100001,한식음식점,13,0.21581467949461317,0.5522809716947037,0.4643085713131734,4.248315166882336,3.571604394716718
20261,3110105,금동어린이공원,성동구,골목상권,CS100010,커피-음료,9,0.3338125088691492,0.4165828162975994,0.40618827176097977,4.628697958862215,4.513203019566442
20261,3110106,금북초등학교,성동구,골목상권,CS100001,한식음식점,6,0.17242105166891294,0.22959975906239793,0.21437323552351906,3.8266626510399657,3.5728872587253178
20261,3110107,금호사거리,성동구,골목상권,CS100001,한식음식점,13,0.14562069773108827,0.4557469382393984,0.41305701319881855,3.5057456787646033,3.1773616399909117
20261,3110109,금호삼성래미안아파트,성동구,골목상권,CS100001,한식음식점,10,0.13776856794484454,0.38256003862508764,0.3803960690380717,3.8256003862508763,3.803960690380717
20261,3110109,금호삼성래미안아파트,성동구,골목상권,CS100004,양식음식점,6,0.17853353134450078,0.1972753256402422,0.2806247297783139,3.2879220940040366,4.677078829638565
20261,3110109,금호삼성래미안아파트,성동구,골목상권,CS100009,호프-간이주점,5,0.2053946113696721,0.12645359945030732,0.19247560224042032,2.5290719890061464,3.8495120448084066
20261,3110109,금호삼성래미안아파트,성동구,골목상권,CS100010,커피-음료,11,0.29426417393660315,0.4011965937045328,0.5379811653988662,3.6472417609502985,4.89073786726242
20261,3110110,상왕십리역 6번,성동구,골목상권,CS100001,한식음식점,6,0.10791934603846956,0.2616432578647959,0.23444090010104623,4.360720964413265,3.9073483350174376
20261,3110112,행당역 2번,성동구,골목상권,CS100001,한식음식점,15,0.23137686318130612,0.6676042734557309,0.5650360839190695,4.450695156371539,3.7669072261271292
20261,3110112,행당역 2번,성동구,골목상권,CS100010,커피-음료,6,0.11768856986200131,0.2934928737222816,0.2737914490330109,4.89154789537136,4.563190817216848
20261,3110114,왕십리파출소,성동구,골목상권,CS100001,한식음식점,6,0.11922339363921307,0.23880759959897724,0.23606863915295012,3.9801266599829543,3.9344773192158353
20261,3110115,상왕십리역 3번,성동구,골목상권,CS100001,한식음식점,14,0.19313590384966972,0.590625870151837,0.5113573372054961,4.218756215370264,3.6525524086106866
20261,3110115,상왕십리역 3번,성동구,골목상권,CS100008,분식전문점,6,0.14352733614615712,0.22683787378619283,0.2765631348801198,3.7806312297698805,4.60938558133533
20261,3110115,상왕십리역 3번,성동구,골목상권,CS100009,호프-간이주점,5,0.11446796084112375,0.14484949131408947,0.18094624103946289,2.8969898262817892,3.6189248207892577
20261,3110115,상왕십리역 3번,성동구,골목상권,CS100010,커피-음료,11,0.2617877366775254,0.4756841577498121,0.5082965343361624,4.324401434089201,4.620877584874203
20261,3110117,성동구보건소,성동구,골목상권,CS100001,한식음식점,10,0.14435217624301272,0.39581776800445806,0.3803178607075172,3.9581776800445807,3.8031786070751723
20261,3110118,왕십리역 9번,성동구,골목상권,CS100001,한식음식점,13,0.22475365412148848,0.6097689595903288,0.5156656140338819,4.690530458387145,3.966658569491399
20261,3110118,왕십리역 9번,성동구,골목상권,CS100010,커피-음료,7,0.22068755344038962,0.3497954336860872,0.3428272565510415,4.99707762408696,4.897532236443451
20261,3110120,서울숲카페거리,성동구,골목상권,CS100001,한식음식점,10,0.2266192812519895,0.43139298212307486,0.3622171850104241,4.313929821230748,3.622171850104241
20261,3110120,서울숲카페거리,성동구,골목상권,CS100004,양식음식점,19,0.33448213781395614,0.6421234865285007,0.9147467468352629,3.3795972975184245,4.814456562290857
20261,3110120,서울숲카페거리,성동구,골목상권,CS100005,제과점,11,0.26657936674589855,0.32205997250909124,0.48727366794831056,2.9278179319008295,4.429760617711914
20261,3110120,서울숲카페거리,성동구,골목상권,CS100008,분식전문점,5,0.20645723907760696,0.18702385385298242,0.23025607955873367,3.7404770770596487,4.605121591174673
20261,3110120,서울숲카페거리,성동구,골목상권,CS100010,커피-음료,34,0.4815271028016952,1.2776298215018578,1.7089925301951276,3.757734769123111,5.026448618220964
20261,3110121,한양대역 4번,성동구,골목상권,CS100001,한식음식점,8,0.16078018689549237,0.3260923828462091,0.28066236657481936,4.076154785577614,3.508279582185242
20261,3110121,한양대역 4번,성동구,골목상권,CS100004,양식음식점,5,0.160070940864075,0.17781269608023742,0.21684819622925292,3.5562539216047484,4.336963924585058
20261,3110122,마장역 2번,성동구,골목상권,CS100001,한식음식점,16,0.23023295450709158,0.5763210620220491,0.5733150580191488,3.6020066376378073,3.5832191126196804
20261,3110122,마장역 2번,성동구,골목상권,CS100010,커피-음료,6,0.11588937946240584,0.25622931027856977,0.2619807180964761,4.27048850464283,4.366345301607935
20261,3110123,마장역 3번,성동구,골목상권,CS100001,한식음식점,13,0.22251671452631383,0.5609333890001156,0.48986419104734674,4.314872223077812,3.7681860849795905
20261,3110124,뚝섬역교차로,성동구,골목상권,CS100001,한식음식점,12,0.20912061813949742,0.46467175598037214,0.4479740379788797,3.8722646331697677,3.7331169831573305
20261,3110124,뚝섬역교차로,성동구,골목상권,CS100005,제과점,6,0.2155172171337657,0.17019213937120192,0.26019910168966875,2.836535656186699,4.336651694827812
20261,3110124,뚝섬역교차로,성동구,골목상권,CS100010,커피-음료,15,0.35564121176814645,0.5863368287395372,0.7333478035073291,3.9089121915969147,4.888985356715527
20261,3110125,사근동살곶이상점가,성동구,골목상권,CS100001,한식음식점,13,0.19301230691879992,0.6286564424498898,0.4330346721473918,4.835818788076075,3.331035939595321
20261,3110125,사근동살곶이상점가,성동구,골목상권,CS100007,치킨전문점,6,0.19277198211887508,0.18211994973708082,0.2619745559204935,3.0353324956180137,4.366242598674892
20261,3110125,사근동살곶이상점가,성동구,골목상권,CS100008,분식전문점,6,0.1342865016348411,0.2578888588355483,0.25340200417190145,4.298147647259138,4.223366736198358
20261,3110125,사근동살곶이상점가,성동구,골목상권,CS100010,커피-음료,12,0.26654490920712454,0.5651842176561519,0.5084044406496925,4.709868480467932,4.236703672080771
20261,3110126,서울숲역 1번,성동구,골목상권,CS100001,한식음식점,8,0.16346844074568637,0.33543916462235573,0.2664023914452881,4.1929895577794465,3.330029893066101
20261,3110126,서울숲역 1번,성동구,골목상권,CS100010,커피-음료,8,0.17201219558403602,0.3289446589629184,0.34132988361486416,4.11180823703648,4.266623545185802
20261,3110127,성수1가1동주민센터,성동구,골목상권,CS100001,한식음식점,7,0.12341314809890416,0.25233630428731146,0.24734546817032654,3.6048043469615925,3.5335066881475217
20261,3110127,성수1가1동주민센터,성동구,골목상권,CS100010,커피-음료,12,0.30605331986945117,0.42890810786474215,0.567906521429351,3.5742342322061846,4.7325543452445915
20261,3110128,성원중학교,성동구,골목상권,CS100001,한식음식점,50,0.3658029879575197,2.00998203067996,1.8211728253121406,4.01996406135992,3.6423456506242813
20261,3110128,성원중학교,성동구,골목상권,CS100004,양식음식점,12,0.29750387722126476,0.45650675750782316,0.5067940053268665,3.80422297923186,4.223283377723887
20261,3110128,성원중학교,성동구,골목상권,CS100005,제과점,12,0.3137185539979805,0.3810743143943745,0.48432781135048225,3.175619286619787,4.036065094587352
20261,3110128,성원중학교,성동구,골목상권,CS100006,패스트푸드점,6,0.1429080421571237,0.21341304267247782,0.2970925408988015,3.5568840445412966,4.9515423483133585
20261,3110128,성원중학교,성동구,골목상권,CS100007,치킨전문점,7,0.4051598553110846,0.22671540115186753,0.3152770621301663,3.2387914450266795,4.5039580304309474
20261,3110128,성원중학교,성동구,골목상권,CS100008,분식전문점,10,0.21593344586945737,0.37658355481990907,0.43549853134463223,3.765835548199091,4.354985313446322
20261,3110128,성원중학교,성동구,골목상권,CS100009,호프-간이주점,9,0.23243188277650986,0.2717252737946808,0.3116520073492906,3.019169708829787,3.4628000816587843
20261,3110128,성원중학교,성동구,골목상권,CS100010,커피-음료,25,0.4041802959206555,1.04201507798005,1.1132944183373166,4.1680603119202,4.453177673349266
20261,3110129,성원어린이공원,성동구,골목상권,CS100001,한식음식점,14,0.23165680140084882,0.5042145535632738,0.5403257716990146,3.601532525451956,3.859469797850105
20261,3110129,성원어린이공원,성동구,골목상권,CS100010,커피-음료,15,0.43805962209415933,0.5121770710279436,0.7421625446433562,3.4145138068529577,4.947750297622375
20261,3110131,성수동카페거리,성동구,골목상권,CS100001,한식음식점,62,0.3628044661391802,2.6277871914746935,2.5373701186204936,4.2383664378624095,4.092532449387893
20261,3110131,성수동카페거리,성동구,골목상권,CS100002,중식음식점,7,0.14387277838741194,0.29766430908269687,0.3379282011477907,4.252347272609955,4.827545730682725
20261,3110131,성수동카페거리,성동구,골목상권,CS100003,일식음식점,20,0.3351989006362153,0.6963397504480657,0.9928146988317067,3.481698752240329,4.964073494158534
20261,3110131,성수동카페거리,성동구,골목상권,CS100004,양식음식점,31,0.4043988386207854,1.1606448150373658,1.5436438404508885,3.7440155323785995,4.979496259518995
20261,3110131,성수동카페거리,성동구,골목상권,CS100005,제과점,15,0.33368180993635604,0.495254106848906,0.6792899190846043,3.301694045659373,4.528599460564029
20261,3110131,성수동카페거리,성동구,골목상권,CS100006,패스트푸드점,6,0.14412235488476002,0.22037226191262002,0.3271771367189577,3.672871031877,5.452952278649295
20261,3110131,성수동카페거리,성동구,골목상권,CS100008,분식전문점,13,0.24976236581109182,0.5237312401112006,0.6398635450789615,4.028701847009235,4.922027269838165
20261,3110131,성수동카페거리,성동구,골목상권,CS100009,호프-간이주점,19,0.3367770493073108,0.5624319385277562,0.7630050786826914,2.960168097514506,4.015816203593112
20261,3110131,성수동카페거리,성동구,골목상권,CS100010,커피-음료,51,0.44815824892400874,2.1782647581051413,2.6435877043555425,4.2711073688336105,5.1835053026579265
20261,3110132,성수2가3동주민센터,성동구,골목상권,CS100001,한식음식점,6,0.17280947853092157,0.2687888827327603,0.20816106178666355,4.479814712212671,3.4693510297777257
20261,3110132,성수2가3동주민센터,성동구,골목상권,CS100004,양식음식점,8,0.21636735591794942,0.29055861821396967,0.36048457669209616,3.631982727674621,4.506057208651202
20261,3110132,성수2가3동주민센터,성동구,골목상권,CS100005,제과점,5,0.16388389192267586,0.16219888103874017,0.20948891234962072,3.2439776207748032,4.1897782469924145
20261,3110132,성수2가3동주민센터,성동구,골목상권,CS100010,커피-음료,18,0.28117867670722263,0.7109651820023968,0.8595446866796453,3.949806566679982,4.775248259331363
20261,3110133,서울교통공사,성동구,골목상권,CS100001,한식음식점,9,0.12864892119383045,0.35528116762254947,0.34292821877985497,3.9475685291394385,3.8103135419983882
20261,3110134,성수119안전센터,성동구,골목상권,CS100001,한식음식점,37,0.41614475114130783,1.61060181592824,1.3199093898645786,4.352977880887135,3.567322675309672
20261,3110134,성수119안전센터,성동구,골목상권,CS100004,양식음식점,5,0.2415977952482066,0.21911209757679426,0.1993933919340396,4.382241951535885,3.987867838680792
20261,3110134,성수119안전센터,성동구,골목상권,CS100005,제과점,6,0.22910256277894278,0.21226586199563674,0.23086902669708245,3.5377643665939456,3.847817111618041
20261,3110134,성수119안전센터,성동구,골목상권,CS100006,패스트푸드점,5,0.15246062289508316,0.20023691887344378,0.2461631305968025,4.004738377468875,4.9232626119360505
20261,3110134,성수119안전센터,성동구,골목상권,CS100009,호프-간이주점,16,0.3253689577543438,0.47910520189161476,0.5743043820256126,2.994407511822592,3.589402387660079
20261,3110134,성수119안전센터,성동구,골목상권,CS100010,커피-음료,18,0.33122623520988914,0.8196693414749191,0.7843727775636307,4.553718563749551,4.35762654202017
20261,3110135,성동세무서,성동구,골목상권,CS100001,한식음식점,14,0.19015574821919917,0.5182304438724221,0.4896095164547416,3.7016460276601584,3.4972108318195825
20261,3110135,성동세무서,성동구,골목상권,CS100010,커피-음료,9,0.2277498213478935,0.336388303928372,0.39105095847697,3.7376478214263558,4.345010649744111
20261,3110136,경수초등학교,성동구,골목상권,CS100001,한식음식점,28,0.2817042184935575,1.2636341006208929,1.0393968129964204,4.512978930788903,3.712131474987216
20261,3110136,경수초등학교,성동구,골목상권,CS100002,중식음식점,5,0.1123764885008758,0.21388382756470428,0.2251773255266145,4.2776765512940855,4.50354651053229
20261,3110136,경수초등학교,성동구,골목상권,CS100003,일식음식점,10,0.20460432344585935,0.3725067129406342,0.45422985821186673,3.7250671294063418,4.542298582118668
20261,3110136,경수초등학교,성동구,골목상권,CS100004,양식음식점,32,0.3938625974028587,1.1804209890507922,1.5259100591891142,3.6888155907837255,4.7684689349659815
20261,3110136,경수초등학교,성동구,골목상권,CS100005,제과점,12,0.296272186960362,0.3999518274705023,0.5117934102101329,3.3329318955875187,4.264945085084441
20261,3110136,경수초등학교,성동구,골목상권,CS100006,패스트푸드점,9,0.22766469943385184,0.33166634436769904,0.48538125276486305,3.6851816040855447,5.3931250307207
20261,3110136,경수초등학교,성동구,골목상권,CS100008,분식전문점,9,0.22766666877770378,0.37286155509773206,0.41355008382256997,4.142906167752578,4.595000931361889
20261,3110136,경수초등학교,성동구,골목상권,CS100009,호프-간이주점,10,0.25008868007422586,0.312009268957496,0.3681577288870167,3.1200926895749594,3.681577288870167
20261,3110136,경수초등학교,성동구,골목상권,CS100010,커피-음료,51,0.45339757756131505,2.147082629268311,2.5253502973380773,4.209965939741786,4.9516672496825045
20261,3110137,성수초등학교,성동구,골목상권,CS100001,한식음식점,61,0.36292522121983994,2.712035650602004,2.4718042681502492,4.445960082954105,4.052138144508605
20261,3110137,성수초등학교,성동구,골목상권,CS100003,일식음식점,5,0.1597480392033377,0.21448848954106098,0.22567604197695978,4.28976979082122,4.513520839539196
20261,3110137,성수초등학교,성동구,골목상권,CS100004,양식음식점,8,0.22455898423249826,0.35829774466476944,0.3615612291207119,4.478721808309618,4.519515364008899
20261,3110137,성수초등학교,성동구,골목상권,CS100005,제과점,7,0.19750814515351184,0.2690312666471241,0.3003603215861635,3.84330380924463,4.290861736945193
20261,3110137,성수초등학교,성동구,골목상권,CS100008,분식전문점,5,0.16670339665540698,0.22259728186125535,0.22790579059179608,4.451945637225107,4.558115811835921
20261,3110137,성수초등학교,성동구,골목상권,CS100010,커피-음료,54,0.4212221570805474,2.4172397618189607,2.787287131657195,4.476369929294371,5.161642836402213
20261,3110138,송정체육공원,성동구,골목상권,CS100001,한식음식점,16,0.3267566544543435,0.6905268532222905,0.5919270393821844,4.315792832639316,3.6995439961386523
20261,3110138,송정체육공원,성동구,골목상권,CS100008,분식전문점,5,0.17280447110838063,0.19581535059051508,0.22807635015103805,3.9163070118103014,4.561527003020761
20261,3110138,송정체육공원,성동구,골목상권,CS100010,커피-음료,10,0.21867726904464344,0.45140721834411873,0.46096855671907955,4.514072183441187,4.6096855671907955
20261,3110139,자양4동주민센터,광진구,골목상권,CS100001,한식음식점,25,0.3673695048165357,1.083728698802641,1.022712879916956,4.334914795210564,4.090851519667824
20261,3110139,자양4동주민센터,광진구,골목상권,CS100002,중식음식점,5,0.11134501349458709,0.20150342653864123,0.24968606808260088,4.030068530772825,4.9937213616520175
20261,3110139,자양4동주민센터,광진구,골목상권,CS100008,분식전문점,7,0.19859940669059312,0.2816368189624333,0.3511691162710066,4.023383128034761,5.0167016610143795
20261,3110139,자양4동주민센터,광진구,골목상권,CS100009,호프-간이주점,14,0.28722148479454973,0.403771525333962,0.5853492664435327,2.884082323814014,4.181066188882376
20261,3110139,자양4동주민센터,광진구,골목상권,CS100010,커피-음료,21,0.29410406398530964,0.8942329410252308,1.0858608553168063,4.2582521001201465,5.170765977699078
20261,3110140,건대입구역 6번,광진구,골목상권,CS100001,한식음식점,41,0.39917542446356663,1.8231559566591349,1.690802518873323,4.446721845510085,4.123908582617861
20261,3110140,건대입구역 6번,광진구,골목상권,CS100002,중식음식점,59,0.4193952545311785,2.03336677234745,3.3824611904111226,3.446384359910932,5.732985068493428
20261,3110140,건대입구역 6번,광진구,골목상권,CS100009,호프-간이주점,14,0.2677295384865042,0.43708609179099905,0.5718403483266327,3.12204351279285,4.084573916618805
20261,3110140,건대입구역 6번,광진구,골목상권,CS100010,커피-음료,17,0.3586669855381784,0.8363282638995421,0.8525026392923687,4.919578022938483,5.014721407602169
20261,3110141,건대입구역 1번,광진구,골목상권,CS100001,한식음식점,24,0.34371508095081676,1.1162148024907448,1.0654935666823047,4.650895010378103,4.439556527842936
20261,3110141,건대입구역 1번,광진구,골목상권,CS100007,치킨전문점,5,0.14407472951397188,0.18152426681479647,0.2819763112998588,3.630485336295929,5.639526225997176
20261,3110141,건대입구역 1번,광진구,골목상권,CS100009,호프-간이주점,19,0.34741407534918345,0.5628709553079284,0.8805180831023774,2.9624787121469915,4.634305700538829
20261,3110141,건대입구역 1번,광진구,골목상권,CS100010,커피-음료,7,0.1432591685527977,0.3485168907737749,0.36575139578890403,4.978812725339641,5.225019939841486
20261,3110142,화양사거리,광진구,골목상권,CS100001,한식음식점,50,0.41351812630054907,2.1752187050418224,1.9919129189986322,4.350437410083645,3.9838258379972644
20261,3110142,화양사거리,광진구,골목상권,CS100002,중식음식점,5,0.09761113970335664,0.2229246590336978,0.2334354505771711,4.458493180673956,4.668709011543422
20261,3110142,화양사거리,광진구,골목상권,CS100003,일식음식점,7,0.19556294532232016,0.27085456591981766,0.3202737932345695,3.869350941711681,4.575339903350993
20261,3110142,화양사거리,광진구,골목상권,CS100004,양식음식점,9,0.24492705174350488,0.37668073580890743,0.40733049718537795,4.18534150898786,4.525894413170866
20261,3110142,화양사거리,광진구,골목상권,CS100006,패스트푸드점,6,0.19191076605658242,0.22123918020866323,0.32292222821091254,3.687319670144387,5.382037136848542
20261,3110142,화양사거리,광진구,골목상권,CS100007,치킨전문점,6,0.21978966442901185,0.20356156571464434,0.2906038863725471,3.392692761910739,4.8433981062091185
20261,3110142,화양사거리,광진구,골목상권,CS100008,분식전문점,7,0.23814719390248673,0.3166832298004115,0.32909003912371726,4.524046140005879,4.701286273195961
20261,3110142,화양사거리,광진구,골목상권,CS100009,호프-간이주점,12,0.30069745344132215,0.36913871898848893,0.4609211680412339,3.076155991570741,3.841009733676949
20261,3110142,화양사거리,광진구,골목상권,CS100010,커피-음료,24,0.44912658591956284,1.1090679590788184,1.169286996833575,4.6211164961617435,4.872029153473229
20261,3110144,어린이대공원역 4번,광진구,골목상권,CS100001,한식음식점,6,0.12051000239826347,0.260095405476087,0.24058735149737584,4.33492342460145,4.0097891916229305
20261,3110144,어린이대공원역 4번,광진구,골목상권,CS100008,분식전문점,5,0.1727506960244152,0.16790796489789045,0.26111987518621044,3.358159297957809,5.222397503724209
20261,3110144,어린이대공원역 4번,광진구,골목상권,CS100010,커피-음료,6,0.1579946185756227,0.2394342931752822,0.3054353412624743,3.99057155292137,5.090589021041239
20261,3110146,신자초등학교,광진구,골목상권,CS100001,한식음식점,18,0.289739998391176,0.7250555222149858,0.748019362757563,4.028086234527699,4.155663126430905
20261,3110146,신자초등학교,광진구,골목상권,CS100010,커피-음료,15,0.36650090759930565,0.6107398176431235,0.7906833192926239,4.07159878428749,5.2712221286174925
20261,3110147,능동우편취급국,광진구,골목상권,CS100001,한식음식점,28,0.29112859031956206,1.177496920879015,1.1659667259819992,4.205346145996482,4.164166878507141
20261,3110147,능동우편취급국,광진구,골목상권,CS100006,패스트푸드점,6,0.19483622814912419,0.21204169092931388,0.35297929402271083,3.5340281821552315,5.882988233711847
20261,3110147,능동우편취급국,광진구,골목상권,CS100009,호프-간이주점,9,0.2358285049419084,0.27572880331056693,0.3714131789655956,3.06365337011741,4.1268130996177295
20261,3110147,능동우편취급국,광진구,골목상권,CS100010,커피-음료,11,0.2649069994878523,0.5018044923750664,0.5530431330874729,4.561859021591513,5.0276648462497535
20261,3110148,어린이대공원역 3번,광진구,골목상권,CS100001,한식음식점,28,0.2964347032343071,1.2313248750381893,1.1685909276287785,4.397588839422105,4.173539027245638
20261,3110148,어린이대공원역 3번,광진구,골목상권,CS100008,분식전문점,5,0.1739890803181667,0.21293033804332367,0.2484693183496017,4.258606760866473,4.969386366992034
20261,3110148,어린이대공원역 3번,광진구,골목상권,CS100010,커피-음료,11,0.251223665166772,0.52313081679517,0.554039915386068,4.75573469813791,5.036726503509709
20261,3110150,중곡1동 마을마당,광진구,골목상권,CS100001,한식음식점,25,0.31945453161489984,1.0877621816513727,1.0689578610873514,4.351048726605491,4.275831444349405
20261,3110150,중곡1동 마을마당,광진구,골목상권,CS100004,양식음식점,9,0.24133508958841904,0.36528412892491297,0.4598156714264658,4.058712543610144,5.10906301584962
20261,3110150,중곡1동 마을마당,광진구,골목상권,CS100009,호프-간이주점,16,0.32102991462859914,0.45450407049384317,0.7047241900689621,2.84065044058652,4.404526187931014
20261,3110150,중곡1동 마을마당,광진구,골목상권,CS100010,커피-음료,15,0.32124232889741117,0.6673878388867167,0.7939684293589107,4.449252259244778,5.293122862392738
20261,3110151,자양한강도서관,광진구,골목상권,CS100001,한식음식점,37,0.3724949058867944,1.4905007523467808,1.5825899070358989,4.028380411748056,4.277270019015942
20261,3110151,자양한강도서관,광진구,골목상권,CS100004,양식음식점,5,0.18347879723839278,0.2017363960890113,0.2388974672954848,4.0347279217802265,4.777949345909696
20261,3110151,자양한강도서관,광진구,골목상권,CS100009,호프-간이주점,11,0.2399081776519201,0.3216651359945178,0.4631619056424148,2.924228509041071,4.2105627785674065
20261,3110151,자양한강도서관,광진구,골목상권,CS100010,커피-음료,10,0.20851375270312586,0.4697952089300372,0.5066359861370135,4.6979520893003714,5.0663598613701355
20261,3110152,중곡어린이공원,광진구,골목상권,CS100001,한식음식점,7,0.1205029113240121,0.25194076315769265,0.277917204762361,3.599153759395609,3.9702457823194424
20261,3110152,중곡어린이공원,광진구,골목상권,CS100007,치킨전문점,5,0.14623784969595027,0.1286821689345997,0.27452269861424394,2.573643378691994,5.490453972284879
20261,3110152,중곡어린이공원,광진구,골목상권,CS100010,커피-음료,5,0.21809766708848496,0.18936527677187226,0.25020090612345397,3.787305535437445,5.00401812246908
20261,3110153,중곡1동주민센터,광진구,골목상권,CS100009,호프-간이주점,6,0.13113806534037548,0.15090721727441483,0.26641021973978485,2.515120287906914,4.440170328996414
20261,3110153,중곡1동주민센터,광진구,골목상권,CS100010,커피-음료,5,0.1447544224405179,0.19302906975646675,0.26354335799384077,3.8605813951293353,5.270867159876815
20261,3110154,광진정말공원,광진구,골목상권,CS100001,한식음식점,32,0.36056722497355637,1.2918848796051448,1.373033645435414,4.037140248766077,4.2907301419856685
20261,3110154,광진정말공원,광진구,골목상권,CS100009,호프-간이주점,7,0.15084845329949728,0.21391476715722293,0.2903239101257206,3.055925245103185,4.147484430367437
20261,3110154,광진정말공원,광진구,골목상권,CS100010,커피-음료,11,0.2695158814444117,0.49105357353908585,0.5654237924266516,4.464123395809871,5.140216294787742
20261,3110155,광진구청,광진구,골목상권,CS100001,한식음식점,20,0.2939998987424838,0.8580052281897667,0.850579894979026,4.290026140948833,4.25289947489513
20261,3110155,광진구청,광진구,골목상권,CS100010,커피-음료,13,0.3598745429667109,0.5760505196470966,0.6897788034579206,4.4311578434392045,5.305990795830159
20261,3110156,군자역 5번,광진구,골목상권,CS100001,한식음식점,17,0.2989369891783717,0.7405310974009478,0.7505379972399554,4.356065278829105,4.414929395529149
20261,3110156,군자역 5번,광진구,골목상권,CS100010,커피-음료,9,0.1995916279141094,0.39541408613288137,0.48604866591165935,4.393489845920904,5.400540732351771
20261,3110157,자양동우체국,광진구,골목상권,CS100001,한식음식점,13,0.2037412267931957,0.5653102383517258,0.5434502299456303,4.348540295013275,4.180386384197156
20261,3110157,자양동우체국,광진구,골목상권,CS100007,치킨전문점,5,0.16926564413354644,0.1451892965249649,0.27248626198133685,2.903785930499298,5.449725239626737
20261,3110157,자양동우체국,광진구,골목상권,CS100009,호프-간이주점,9,0.2229236212792141,0.25180557211830323,0.38915303188069306,2.7978396902033693,4.323922576452145
20261,3110157,자양동우체국,광진구,골목상권,CS100010,커피-음료,12,0.27333341241221065,0.5414008156409257,0.643926264134144,4.511673463674381,5.366052201117866
20261,3110158,중곡3동주민센터,광진구,골목상권,CS100001,한식음식점,34,0.31625847945416286,1.4873323619805012,1.397516554363887,4.374506947001474,4.110342806952609
20261,3110158,중곡3동주민센터,광진구,골목상권,CS100007,치킨전문점,7,0.28286387889109926,0.21916395803143165,0.36057472246791994,3.1309136861633093,5.151067463827428
20261,3110158,중곡3동주민센터,광진구,골목상권,CS100009,호프-간이주점,21,0.4269187157692508,0.599675962279981,0.8866330017274866,2.8555998203808617,4.222061912988032
20261,3110158,중곡3동주민센터,광진구,골목상권,CS100010,커피-음료,9,0.20424625089236179,0.46256964765073505,0.4379279674089629,5.139662751674834,4.865866304544032
20261,3110159,구의역 4번,광진구,골목상권,CS100001,한식음식점,43,0.3666469664121704,1.8974018750881585,1.8642957082221008,4.41256250020502,4.335571414470002
20261,3110159,구의역 4번,광진구,골목상권,CS100002,중식음식점,6,0.1764256417860981,0.2578125499772,0.3106982895041419,4.296875832953333,5.1783048250690324
20261,3110159,구의역 4번,광진구,골목상권,CS100004,양식음식점,7,0.22780510854082053,0.2963276987387567,0.3419102566722695,4.233252839125096,4.884432238175278
20261,3110159,구의역 4번,광진구,골목상권,CS100007,치킨전문점,6,0.21438668734799138,0.20094263140782043,0.3188071428768127,3.349043856797007,5.313452381280212
20261,3110159,구의역 4번,광진구,골목상권,CS100008,분식전문점,8,0.24711161044527824,0.33294669107197644,0.4127445048080243,4.161833638399705,5.1593063101003045
20261,3110159,구의역 4번,광진구,골목상권,CS100009,호프-간이주점,11,0.30686250410151744,0.3486675882405737,0.46320885006001533,3.169705347641579,4.210989546000139
20261,3110159,구의역 4번,광진구,골목상권,CS100010,커피-음료,16,0.297516407116383,0.7711797604126119,0.8347791155066927,4.819873502578824,5.21736947191683
20261,3110161,중곡역 3번,광진구,골목상권,CS100001,한식음식점,31,0.38035159513908934,1.1520835953759645,1.2359248409676002,3.7163986947611756,3.986854325701936
20261,3110161,중곡역 3번,광진구,골목상권,CS100005,제과점,5,0.11673139062390198,0.1567847413025075,0.21609809776460204,3.1356948260501496,4.32196195529204
20261,3110161,중곡역 3번,광진구,골목상권,CS100006,패스트푸드점,5,0.2125877435351528,0.16788416511041304,0.27826517389262606,3.357683302208261,5.565303477852521
20261,3110161,중곡역 3번,광진구,골목상권,CS100009,호프-간이주점,10,0.21348049500901356,0.25965148839841123,0.39282573488694617,2.5965148839841126,3.928257348869461
20261,3110161,중곡역 3번,광진구,골목상권,CS100010,커피-음료,9,0.2629520446792756,0.39144829038292484,0.4276503997937802,4.349425448699165,4.75167110881978
20261,3110162,군자역 4번,광진구,골목상권,CS100001,한식음식점,10,0.16888497937556235,0.37808996760421554,0.40730669319806895,3.780899676042156,4.073066931980689
20261,3110162,군자역 4번,광진구,골목상권,CS100008,분식전문점,6,0.19853604439331488,0.19946282251899256,0.3158659753606849,3.324380375316543,5.264432922678082
20261,3110163,성자초등학교,광진구,골목상권,CS100001,한식음식점,13,0.24366187619678242,0.5102121114133737,0.516573369539224,3.924708549333644,3.9736413041478764
20261,3110163,성자초등학교,광진구,골목상권,CS100003,일식음식점,5,0.11578618551008783,0.15725415392858927,0.2434981810330932,3.145083078571785,4.869963620661864
20261,3110163,성자초등학교,광진구,골목상권,CS100009,호프-간이주점,6,0.1320042667055189,0.16542688751526746,0.24187337193651104,2.7571147919211243,4.031222865608517
20261,3110163,성자초등학교,광진구,골목상권,CS100010,커피-음료,12,0.271621498035629,0.481556175875315,0.6107840346640447,4.012968132294292,5.089866955533706
20261,3110165,국립정신건강센터,광진구,골목상권,CS100001,한식음식점,21,0.2774401317766272,0.823712830701167,0.8803548491774094,3.922442050957938,4.192165948463853
20261,3110165,국립정신건강센터,광진구,골목상권,CS100010,커피-음료,9,0.2011644901576872,0.40882891695191886,0.46306526250051,4.542543521687987,5.145169583339
20261,3110166,구의1동주민센터,광진구,골목상권,CS100001,한식음식점,54,0.4168208820573941,2.2548550675196304,2.339785545295695,4.1756575324437595,4.332936194992027
20261,3110166,구의1동주민센터,광진구,골목상권,CS100003,일식음식점,6,0.15211091575238953,0.2298696349319494,0.29448380792804146,3.8311605821991566,4.908063465467357
20261,3110166,구의1동주민센터,광진구,골목상권,CS100005,제과점,8,0.22665174571072652,0.27795747959308653,0.3724926905574271,3.4744684949135816,4.656158631967839
20261,3110166,구의1동주민센터,광진구,골목상권,CS100007,치킨전문점,5,0.2471477456292921,0.16630304102975718,0.2588280079884593,3.3260608205951434,5.176560159769186
20261,3110166,구의1동주민센터,광진구,골목상권,CS100008,분식전문점,16,0.29009051111378076,0.6153105201287732,0.8530334078053717,3.8456907508048324,5.331458798783573
20261,3110166,구의1동주민센터,광진구,골목상권,CS100009,호프-간이주점,10,0.16167710552165485,0.3054112910013588,0.41127702109522807,3.054112910013588,4.112770210952281
20261,3110166,구의1동주민센터,광진구,골목상권,CS100010,커피-음료,20,0.30332974032560167,0.906071701973577,1.0414321292636106,4.530358509867885,5.207160646318052
20261,3110167,용마초등학교,광진구,골목상권,CS100001,한식음식점,27,0.31230474687677345,1.155693215826558,1.1339753519262985,4.280345243802067,4.199908710838143
20261,3110167,용마초등학교,광진구,골목상권,CS100009,호프-간이주점,10,0.21111408891875094,0.29069910277193584,0.4166562341433748,2.9069910277193585,4.166562341433748
20261,3110167,용마초등학교,광진구,골목상권,CS100010,커피-음료,11,0.28391615643585016,0.5193354514468567,0.5607565939329021,4.721231376789606,5.097787217571837
20261,3110168,대원고등학교,광진구,골목상권,CS100010,커피-음료,6,0.20045561390664593,0.2564686701902536,0.3316805321168894,4.274477836504227,5.528008868614823
20261,3110169,성동초등학교,광진구,골목상권,CS100001,한식음식점,12,0.20964753815927045,0.46324152759711235,0.48612529498127605,3.8603460633092697,4.051044124843967
20261,3110169,성동초등학교,광진구,골목상권,CS100010,커피-음료,5,0.09113130003788997,0.21398796278076998,0.24647601181871978,4.279759255615399,4.929520236374396
20261,3110170,동대부여고,광진구,골목상권,CS100001,한식음식점,20,0.33888523974856544,0.9096372778222992,0.8987248270067548,4.548186389111495,4.493624135033774
20261,3110170,동대부여고,광진구,골목상권,CS100006,패스트푸드점,5,0.16404562231235337,0.19813234592693876,0.3230146647146159,3.962646918538775,6.460293294292317
20261,3110170,동대부여고,광진구,골목상권,CS100007,치킨전문점,5,0.16505845902693383,0.16685974090837943,0.28697240670106194,3.337194818167589,5.739448134021239
20261,3110170,동대부여고,광진구,골목상권,CS100009,호프-간이주점,5,0.16940428311889585,0.1577531181473071,0.21672565239790448,3.155062362946142,4.33451304795809
20261,3110170,동대부여고,광진구,골목상권,CS100010,커피-음료,9,0.26069218009823014,0.4355068675467439,0.4921851973408146,4.838965194963821,5.46872441489794
20261,3110172,광진초등학교,광진구,골목상권,CS100001,한식음식점,16,0.260412991229783,0.661618925715212,0.6835724441706031,4.135118285720075,4.27232777606627
20261,3110172,광진초등학교,광진구,골목상권,CS100010,커피-음료,8,0.2451056649350588,0.33879418328151994,0.4171242382694353,4.234927291018999,5.214052978367941
20261,3110173,구남초등학교,광진구,골목상권,CS100001,한식음식점,5,0.10433144021160048,0.20442800054096277,0.2033907253174571,4.088560010819255,4.0678145063491415
20261,3110173,구남초등학교,광진구,골목상권,CS100010,커피-음료,8,0.30373848868208186,0.3168263547742019,0.43200811962260577,3.960329434677524,5.400101495282572
20261,3110174,아차산역 1번,광진구,골목상권,CS100001,한식음식점,36,0.3787044960562609,1.3725530238552623,1.5215698042385712,3.8126472884868394,4.226582789551587
20261,3110174,아차산역 1번,광진구,골목상권,CS100005,제과점,6,0.1887367656001674,0.1844244486400488,0.2738086139137073,3.07374081066748,4.563476898561788
20261,3110174,아차산역 1번,광진구,골목상권,CS100008,분식전문점,5,0.18339789812211757,0.1851543915854949,0.2467696913604725,3.7030878317098983,4.93539382720945
20261,3110174,아차산역 1번,광진구,골목상권,CS100009,호프-간이주점,7,0.15011894205623688,0.1949659223555397,0.2818661389648393,2.7852274622219957,4.026659128069133
20261,3110174,아차산역 1번,광진구,골목상권,CS100010,커피-음료,7,0.13307538932021784,0.3034689736986753,0.3401600810008604,4.335271052838219,4.85942972858372
20261,3110175,푸른동산공원,광진구,골목상권,CS100001,한식음식점,13,0.2228045736651981,0.563997717288823,0.548956918093481,4.338443979144792,4.222745523796008
20261,3110175,푸른동산공원,광진구,골목상권,CS100010,커피-음료,12,0.2792894674342212,0.4924728342477914,0.6417760825889312,4.103940285398262,5.348134021574427
20261,3110176,해오름공원,광진구,골목상권,CS100001,한식음식점,21,0.267385917334505,0.8683815068113138,0.8746910410297258,4.135150032434828,4.165195433474885
20261,3110176,해오름공원,광진구,골목상권,CS100008,분식전문점,7,0.19187982797321432,0.25405351293121087,0.3595946884389584,3.629335899017298,5.137066977699406
20261,3110176,해오름공원,광진구,골목상권,CS100010,커피-음료,9,0.19298877707324882,0.4021667323151486,0.4554801462332664,4.468519247946095,5.06089051370296
20261,3110177,동의초등학교,광진구,골목상권,CS100001,한식음식점,8,0.1577352435727909,0.2897307381914836,0.32697748398576815,3.621634227393545,4.087218549822102
20261,3110177,동의초등학교,광진구,골목상권,CS100010,커피-음료,5,0.14652369568092907,0.1858428600942381,0.2539358757626729,3.7168572018847614,5.078717515253458
20261,3110178,장로회신학대학교,광진구,골목상권,CS100001,한식음식점,8,0.16381084180950284,0.3215721645413654,0.29669470162146006,4.019652056767067,3.7086837702682507
20261,3110178,장로회신학대학교,광진구,골목상권,CS100010,커피-음료,8,0.1921520140469702,0.3153461406813232,0.3801421129299363,3.94182675851654,4.7517764116242045
20261,3110179,광나루역 1번,광진구,골목상권,CS100001,한식음식점,13,0.15259239763429397,0.5075658988770175,0.49870514633210833,3.9043530682847503,3.8361934333239103
20261,3110179,광나루역 1번,광진구,골목상권,CS100008,분식전문점,6,0.13796901781514637,0.20519925730602415,0.29121284355006316,3.4199876217670693,4.853547392501053
20261,3110179,광나루역 1번,광진구,골목상권,CS100009,호프-간이주점,6,0.13098486177615373,0.15448715372762206,0.23137167864944938,2.5747858954603675,3.8561946441574895
20261,3110179,광나루역 1번,광진구,골목상권,CS100010,커피-음료,10,0.1354057369916687,0.38873591731401347,0.48246112808831954,3.8873591731401347,4.824611280883195
20261,3110180,광진정보도서관,광진구,골목상권,CS100001,한식음식점,24,0.30503808743032607,0.846285142310603,0.9702348045053564,3.526188092960846,4.042645018772318
20261,3110180,광진정보도서관,광진구,골목상권,CS100004,양식음식점,6,0.17542751998159195,0.2017093596091655,0.2824620488775312,3.3618226601527588,4.70770081462552
20261,3110180,광진정보도서관,광진구,골목상권,CS100010,커피-음료,15,0.2784702218721327,0.5394143354073774,0.7528077718300372,3.596095569382516,5.018718478866915
20261,3110181,신설동역 9번,동대문구,골목상권,CS100001,한식음식점,11,0.18948682788615256,0.41497061360926496,0.43981898540987463,3.7724601237205904,3.9983544128170423
20261,3110181,신설동역 9번,동대문구,골목상권,CS100010,커피-음료,6,0.25066032816723416,0.25074168520856077,0.2981901652240124,4.179028086809346,4.969836087066874
20261,3110183,한국의류시험연구원,동대문구,골목상권,CS100001,한식음식점,21,0.3114887457246174,0.7464117459005627,0.7725642880518131,3.554341647145537,3.678877562151491
20261,3110183,한국의류시험연구원,동대문구,골목상권,CS100010,커피-음료,9,0.23951547627802072,0.3384716056800602,0.401069376364727,3.7607956186673355,4.456326404052522
20261,3110184,용두사거리,동대문구,골목상권,CS100001,한식음식점,5,0.11491105072746696,0.17596757771382382,0.17756311986023784,3.5193515542764766,3.5512623972047566
20261,3110185,용두초등학교,동대문구,골목상권,CS100001,한식음식점,7,0.13271053049188725,0.2545887348567568,0.2687951909099536,3.636981926525097,3.8399312987136227
20261,3110187,제기동역 6번,동대문구,골목상권,CS100001,한식음식점,45,0.3339314961719331,1.6532670923181354,1.7991483876857302,3.6739268718180784,3.9981075281905114
20261,3110187,제기동역 6번,동대문구,골목상권,CS100008,분식전문점,5,0.15158868003396964,0.18269875185604664,0.23012866209530936,3.653975037120933,4.602573241906187
20261,3110187,제기동역 6번,동대문구,골목상권,CS100010,커피-음료,9,0.22171331081491732,0.4002660196889029,0.4184208933188353,4.447400218765588,4.649121036875948
20261,3110188,용두동신동아아파트,동대문구,골목상권,CS100001,한식음식점,22,0.31812085349033875,0.7645705036219472,0.815120972629612,3.475320471008851,3.7050953301346
20261,3110188,용두동신동아아파트,동대문구,골목상권,CS100009,호프-간이주점,6,0.1267122111221623,0.15113684173654768,0.2172995590201037,2.5189473622757945,3.621659317001728
20261,3110188,용두동신동아아파트,동대문구,골목상권,CS100010,커피-음료,9,0.21846460153356875,0.3576416726391374,0.4070030159350296,3.973796362657082,4.522255732611439
20261,3110190,고대앞사거리,동대문구,골목상권,CS100001,한식음식점,16,0.25874704784896657,0.6247945259836304,0.5634998817825574,3.90496578739769,3.521874261140984
20261,3110190,고대앞사거리,동대문구,골목상권,CS100010,커피-음료,8,0.21170158641584458,0.3276129166692106,0.34504111234847096,4.095161458365133,4.313013904355887
20261,3110191,고려대역 6번,동대문구,골목상권,CS100001,한식음식점,29,0.282441593451313,1.1527836979504953,1.0174829187385663,3.9751161998292943,3.5085617887536773
20261,3110191,고려대역 6번,동대문구,골목상권,CS100002,중식음식점,9,0.21778561783779649,0.3215135330288266,0.39716358196009455,3.572372589209185,4.412928688445495
20261,3110191,고려대역 6번,동대문구,골목상권,CS100008,분식전문점,5,0.17047888714970308,0.18980226010928147,0.2078772652554773,3.7960452021856295,4.157545305109546
20261,3110191,고려대역 6번,동대문구,골목상권,CS100010,커피-음료,18,0.31665016957695485,0.7300361962228238,0.7836445620446334,4.055756645682354,4.353580900247963
20261,3110192,동의보감타워,동대문구,골목상권,CS100001,한식음식점,15,0.21027681195752884,0.44847774364600185,0.5456644833954115,2.989851624306679,3.637763222636077
20261,3110192,동의보감타워,동대문구,골목상권,CS100009,호프-간이주점,6,0.13095622630506204,0.12586883741347055,0.21889204287009406,2.0978139568911756,3.648200714501568
20261,3110193,고려대역 4번,동대문구,골목상권,CS100001,한식음식점,13,0.21581467949461317,0.46450582409201574,0.4561081189810447,3.573121723784736,3.508523992161882
20261,3110193,고려대역 4번,동대문구,골목상권,CS100010,커피-음료,5,0.1256668207524159,0.19960732206274898,0.21235642815116265,3.9921464412549796,4.247128563023253
20261,3110194,홍파초등학교,동대문구,골목상권,CS100001,한식음식점,7,0.17377287746339667,0.23888921768835034,0.2622570840480938,3.4127031098335765,3.7465297721156254
20261,3110195,동대문구청,동대문구,골목상권,CS100001,한식음식점,36,0.4084268130104325,1.3031116472057263,1.3746949127850572,3.619754575571462,3.818596979958492
20261,3110195,동대문구청,동대문구,골목상권,CS100008,분식전문점,6,0.2841960339342095,0.22077865988856826,0.2732375336375567,3.6796443314761373,4.553958893959279
20261,3110195,동대문구청,동대문구,골목상권,CS100009,호프-간이주점,9,0.21820835141288092,0.23226761933828374,0.33282717169547044,2.5807513259809305,3.6980796855052267
20261,3110195,동대문구청,동대문구,골목상권,CS100010,커피-음료,9,0.24001436401105383,0.369229213848541,0.40289243562751254,4.102546820539345,4.476582618083472
20261,3110198,동대문중앙새마을금고본점,동대문구,골목상권,CS100009,호프-간이주점,10,0.22697926842829586,0.20272815080980305,0.39805867056919014,2.0272815080980306,3.980586705691901
20261,3110199,홍릉시장,동대문구,골목상권,CS100001,한식음식점,20,0.3101555541771812,0.6334261610911419,0.6982096624474803,3.16713080545571,3.4910483122374014
20261,3110199,홍릉시장,동대문구,골목상권,CS100009,호프-간이주점,13,0.2900442715850266,0.26789069848781066,0.4678398395700824,2.0606976806754664,3.598767996692941
20261,3110200,동대문경찰서,동대문구,골목상권,CS100001,한식음식점,6,0.10577184909438957,0.2191225134796783,0.1990326302968805,3.6520418913279715,3.3172105049480085
20261,3110201,전농119안전센터,동대문구,골목상권,CS100001,한식음식점,5,0.1082391247479105,0.15215447332228152,0.17326233084293716,3.0430894664456303,3.465246616858743
20261,3110202,전농1동주민센터(전농시장),동대문구,골목상권,CS100001,한식음식점,5,0.11157473505590974,0.16640246142791737,0.1849150345769577,3.3280492285583474,3.698300691539154
20261,3110203,떡전교사거리,동대문구,골목상권,CS100001,한식음식점,14,0.2599351625107471,0.49427927637146674,0.5510344336482828,3.530566259796191,3.935960240344877
20261,3110204,간데메공원,동대문구,골목상권,CS100001,한식음식점,26,0.31891499143759816,0.9544960488746135,0.9791598286961042,3.671138649517744,3.765999341138862
20261,3110204,간데메공원,동대문구,골목상권,CS100007,치킨전문점,5,0.17449624807764635,0.14141096726345193,0.23722851044077234,2.8282193452690385,4.744570208815447
20261,3110204,간데메공원,동대문구,골목상권,CS100008,분식전문점,7,0.1561848242259286,0.2395588378541941,0.32248459789158923,3.422269112202773,4.606922827022704
20261,3110204,간데메공원,동대문구,골목상권,CS100009,호프-간이주점,5,0.17605560892416605,0.13886177738624136,0.18014859512800618,2.7772355477248274,3.6029719025601237
20261,3110204,간데메공원,동대문구,골목상권,CS100010,커피-음료,10,0.21520769197142528,0.40422538015288656,0.4549152512754699,4.042253801528865,4.5491525127546995
20261,3110205,경희대삼거리,동대문구,골목상권,CS100001,한식음식점,32,0.3079485205588509,1.2637325298329058,1.1717071127369014,3.9491641557278307,3.661584727302817
20261,3110205,경희대삼거리,동대문구,골목상권,CS100002,중식음식점,10,0.2152153151833198,0.3507030199545973,0.4599953828155735,3.5070301995459725,4.599953828155735
20261,3110205,경희대삼거리,동대문구,골목상권,CS100003,일식음식점,5,0.10756441233362836,0.1883959657463799,0.21427612145701197,3.767919314927598,4.285522429140239
20261,3110205,경희대삼거리,동대문구,골목상권,CS100004,양식음식점,7,0.19736007014072046,0.26228008083383975,0.29512554819431314,3.7468582976262823,4.216079259918759
20261,3110205,경희대삼거리,동대문구,골목상권,CS100005,제과점,7,0.21973946766606903,0.21550826243524215,0.28139561222706144,3.078689463360602,4.0199373175294495
20261,3110205,경희대삼거리,동대문구,골목상권,CS100006,패스트푸드점,7,0.20013804254019896,0.2282775627267633,0.3617772764370699,3.2611080389537617,5.168246806243856
20261,3110205,경희대삼거리,동대문구,골목상권,CS100008,분식전문점,10,0.2945005719688772,0.35204606654089304,0.4503073535465088,3.52046066540893,4.503073535465088
20261,3110205,경희대삼거리,동대문구,골목상권,CS100009,호프-간이주점,14,0.23803524004159837,0.3757573526501941,0.5153651684829937,2.6839810903585293,3.681179774878527
20261,3110205,경희대삼거리,동대문구,골목상권,CS100010,커피-음료,23,0.31707293435052963,0.9184768119770975,1.0558439036920368,3.993377443378685,4.590625668226247
20261,3110206,텃골근린공원,동대문구,골목상권,CS100001,한식음식점,11,0.2698612540578591,0.41600893002354067,0.41228151787405865,3.7818993638503695,3.748013798855079
20261,3110206,텃골근린공원,동대문구,골목상권,CS100010,커피-음료,11,0.25763402621960474,0.41504918058370377,0.5295636407582464,3.7731743689427617,4.814214915984058
20261,3110207,시립대앞사거리,동대문구,골목상권,CS100001,한식음식점,17,0.2808937061949915,0.6412100355196014,0.6490648332519626,3.7718237383505966,3.818028430893898
20261,3110207,시립대앞사거리,동대문구,골목상권,CS100009,호프-간이주점,10,0.2038494293942757,0.25694746772707583,0.3930952947292047,2.569474677270758,3.930952947292047
20261,3110210,서울시립대,동대문구,골목상권,CS100001,한식음식점,11,0.19144995332276282,0.4651590176706286,0.39384176024515677,4.22871834246026,3.580379638592334
20261,3110210,서울시립대,동대문구,골목상권,CS100008,분식전문점,9,0.21380148166544963,0.321328951253626,0.42434583289848077,3.570321680595844,4.714953698872009
20261,3110210,서울시립대,동대문구,골목상권,CS100009,호프-간이주점,6,0.14286592390712957,0.16951169073592942,0.21923554553887556,2.8251948455988236,3.6539257589812593
20261,3110210,서울시립대,동대문구,골목상권,CS100010,커피-음료,12,0.2515688067597964,0.5174067181108476,0.5574460728188134,4.31172265092373,4.645383940156778
20261,3110211,전곡마을마당공원,동대문구,골목상권,CS100001,한식음식점,37,0.4077964244963162,1.44119660323475,1.426439094347547,3.8951259546885137,3.8552407955339105
20261,3110211,전곡마을마당공원,동대문구,골목상권,CS100008,분식전문점,6,0.2891415124112923,0.23827319547527254,0.27537854624322167,3.9712199245878756,4.589642437387028
20261,3110211,전곡마을마당공원,동대문구,골목상권,CS100009,호프-간이주점,8,0.22730239455078308,0.2253754774678164,0.29588333804329436,2.8171934683477047,3.6985417255411797
20261,3110211,전곡마을마당공원,동대문구,골목상권,CS100010,커피-음료,8,0.2590800788220908,0.36783563176317746,0.35954497446741884,4.597945397039719,4.494312180842735
20261,3110212,답십리초등학교,동대문구,골목상권,CS100001,한식음식점,23,0.3127943619874215,0.8206704216231835,0.8398501160567141,3.5681322679268845,3.651522243724844
20261,3110212,답십리초등학교,동대문구,골목상권,CS100006,패스트푸드점,6,0.1703310866437335,0.18621907208741528,0.31596723794609405,3.103651201456921,5.266120632434901
20261,3110212,답십리초등학교,동대문구,골목상권,CS100007,치킨전문점,8,0.22163085401713364,0.20048665023652248,0.38058165937130845,2.506083127956531,4.757270742141356
20261,3110212,답십리초등학교,동대문구,골목상권,CS100008,분식전문점,14,0.29474278602054393,0.4353509094946253,0.660645795652234,3.1096493535330376,4.7188985403731
20261,3110212,답십리초등학교,동대문구,골목상권,CS100010,커피-음료,16,0.2945322670841913,0.6052101830684444,0.7356184020434822,3.7825636441777775,4.597615012771763
20261,3110213,청량초등학교,동대문구,골목상권,CS100010,커피-음료,7,0.1631534576112603,0.234378967382415,0.2888531418631978,3.3482709626059286,4.12647345518854
20261,3110214,경희대후문,동대문구,골목상권,CS100001,한식음식점,16,0.2541511594502406,0.6868107417809873,0.5469624605692935,4.292567136131171,3.4185153785580846
20261,3110214,경희대후문,동대문구,골목상권,CS100002,중식음식점,5,0.23651711672072934,0.18724041229250465,0.2141755171849856,3.744808245850093,4.283510343699712
20261,3110214,경희대후문,동대문구,골목상권,CS100004,양식음식점,5,0.16841417133886952,0.19325478616798464,0.20092120263527458,3.8650957233596928,4.018424052705492
20261,3110214,경희대후문,동대문구,골목상권,CS100010,커피-음료,16,0.25091719444370103,0.6655769342722456,0.6995933068108332,4.159855839201535,4.372458167567707
20261,3110215,회기역 1번,동대문구,골목상권,CS100001,한식음식점,7,0.1332498048705303,0.2595495576809759,0.2534243920271657,3.707850824013941,3.6203484575309384
20261,3110216,전농중학교,동대문구,골목상권,CS100001,한식음식점,19,0.3130078022628699,0.5899249403993523,0.6630000510799262,3.1048681073650117,3.489473953052243
20261,3110216,전농중학교,동대문구,골목상권,CS100008,분식전문점,9,0.2291673964431819,0.2594587662172195,0.4015439558926549,2.8828751801913284,4.461599509918387
20261,3110216,전농중학교,동대문구,골목상권,CS100010,커피-음료,7,0.27967941137765073,0.23476608582864386,0.2932357611661226,3.3538012261234837,4.18908230237318
20261,3110217,자동차부품상가,동대문구,골목상권,CS100001,한식음식점,6,0.1370043703210404,0.19490739761365847,0.25472161178949915,3.2484566268943076,4.245360196491652
20261,3110218,답십리사거리,동대문구,골목상권,CS100001,한식음식점,29,0.29418620882873675,1.0050583754491909,1.0904214820596143,3.465718536031693,3.7600740760676357
20261,3110218,답십리사거리,동대문구,골목상권,CS100005,제과점,6,0.15386703564275828,0.1626855160710547,0.24671985468927085,2.7114252678509114,4.111997578154514
20261,3110218,답십리사거리,동대문구,골목상권,CS100009,호프-간이주점,6,0.19022564173297388,0.15443707943576926,0.21651230240923341,2.5739513239294878,3.6085383734872236
20261,3110218,답십리사거리,동대문구,골목상권,CS100010,커피-음료,6,0.17082715320289915,0.24038489101663285,0.2612901379203792,4.006414850277214,4.35483563200632
20261,3110219,삼육보건대학교,동대문구,골목상권,CS100001,한식음식점,31,0.35408665011012447,1.1963105049269316,1.1344133213604195,3.859066144925586,3.659397810840063
20261,3110219,삼육보건대학교,동대문구,골목상권,CS100006,패스트푸드점,6,0.2082421184806198,0.19804590336069472,0.3084893460421054,3.3007650560115787,5.141489100701756
20261,3110219,삼육보건대학교,동대문구,골목상권,CS100007,치킨전문점,6,0.20231591561133633,0.1605790214286836,0.27256133739487837,2.6763170238113934,4.542688956581306
20261,3110219,삼육보건대학교,동대문구,골목상권,CS100008,분식전문점,10,0.21736754637049047,0.3516833407656859,0.45262036061906236,3.5168334076568595,4.526203606190624
20261,3110219,삼육보건대학교,동대문구,골목상권,CS100009,호프-간이주점,9,0.2611763316322134,0.24951636838602034,0.3231122329709786,2.772404093178004,3.590135921899762
20261,3110219,삼육보건대학교,동대문구,골목상권,CS100010,커피-음료,20,0.35834475284670614,0.795494060711042,0.912280149537263,3.9774703035552097,4.561400747686315
20261,3110220,외대앞역 1번,동대문구,골목상권,CS100001,한식음식점,64,0.395180468860492,2.3942725793063167,2.3467049010023424,3.74105090516612,3.66672640781616
20261,3110220,외대앞역 1번,동대문구,골목상권,CS100002,중식음식점,10,0.21737315348329497,0.36575054801046597,0.4421467900609254,3.65750548010466,4.421467900609254
20261,3110220,외대앞역 1번,동대문구,골목상권,CS100003,일식음식점,8,0.22151558463422893,0.2810908269042948,0.3365329382540131,3.513635336303685,4.206661728175163
20261,3110220,외대앞역 1번,동대문구,골목상권,CS100004,양식음식점,15,0.28831653977003396,0.5241856212794275,0.6353341455823504,3.4945708085295166,4.2355609705490025
20261,3110220,외대앞역 1번,동대문구,골목상권,CS100006,패스트푸드점,8,0.21957099936675425,0.28335122884259223,0.4040217035014148,3.541890360532403,5.050271293767685
20261,3110220,외대앞역 1번,동대문구,골목상권,CS100007,치킨전문점,6,0.17625136491960083,0.17302533007432397,0.2618466712176144,2.883755501238733,4.3641111869602405
20261,3110220,외대앞역 1번,동대문구,골목상권,CS100008,분식전문점,17,0.36174340755659296,0.6103511698182242,0.764941727850919,3.590300998930731,4.4996572226524645
20261,3110220,외대앞역 1번,동대문구,골목상권,CS100009,호프-간이주점,23,0.3744843373783992,0.592495218024711,0.8363315145807532,2.5760661653248302,3.636223976438057
20261,3110220,외대앞역 1번,동대문구,골목상권,CS100010,커피-음료,20,0.33018434586104956,0.9130892296867785,0.8845058887632149,4.565446148433892,4.4225294438160745
20261,3110221,의릉,성북구,골목상권,CS100001,한식음식점,12,0.2527290666279423,0.4478876083181945,0.4159549747109428,3.7323967359849544,3.466291455924523
20261,3110221,의릉,성북구,골목상권,CS100010,커피-음료,5,0.12532177729201938,0.2082075366785794,0.21109197875522417,4.164150733571588,4.221839575104483
20261,3110222,회기역 2번,동대문구,골목상권,CS100001,한식음식점,6,0.16700085118319632,0.17213903825801544,0.22994925551975676,2.868983970966924,3.8324875919959456
20261,3110224,외대앞역 2번,동대문구,골목상권,CS100001,한식음식점,20,0.3093873072054868,0.6996758630560497,0.7543399573773668,3.4983793152802485,3.771699786886834
20261,3110225,촬영소사거리,동대문구,골목상권,CS100001,한식음식점,18,0.31870848814088243,0.5584316961793478,0.6810615883107737,3.1023983121074883,3.7836754906154098
20261,3110226,장안1동주민센터,동대문구,골목상권,CS100001,한식음식점,98,0.5175719633628781,3.6161409057391594,3.924848709521979,3.689939699733836,4.004947662777529
20261,3110226,장안1동주민센터,동대문구,골목상권,CS100002,중식음식점,10,0.23152722992752955,0.3794413788402929,0.4703298201738571,3.794413788402929,4.703298201738571
20261,3110226,장안1동주민센터,동대문구,골목상권,CS100004,양식음식점,10,0.2798791277783999,0.3770527564451785,0.4387980016065801,3.7705275644517853,4.387980016065801
20261,3110226,장안1동주민센터,동대문구,골목상권,CS100005,제과점,6,0.1532732530620651,0.20158506165538492,0.243924387468931,3.359751027589749,4.0654064578155165
20261,3110226,장안1동주민센터,동대문구,골목상권,CS100006,패스트푸드점,5,0.16178440644070552,0.19136736901063067,0.2603223926649222,3.827347380212613,5.206447853298444
20261,3110226,장안1동주민센터,동대문구,골목상권,CS100007,치킨전문점,10,0.2705773127322045,0.29574180595910887,0.48260486537822944,2.957418059591089,4.826048653782294
20261,3110226,장안1동주민센터,동대문구,골목상권,CS100008,분식전문점,13,0.30950369978216846,0.4785363127105384,0.6081054388917952,3.6810485593118343,4.6777341453215024
20261,3110226,장안1동주민센터,동대문구,골목상권,CS100009,호프-간이주점,18,0.3110879295157913,0.5001051146129157,0.6867072363856024,2.778361747849532,3.8150402021422356
20261,3110226,장안1동주민센터,동대문구,골목상권,CS100010,커피-음료,21,0.30951772879112566,0.8987589063725712,0.9772579520885923,4.279804316059862,4.6536092956599635
20261,3110227,답십리공원,동대문구,골목상권,CS100010,커피-음료,5,0.09965838222378702,0.18615303461821528,0.23419293892481027,3.7230606923643057,4.683858778496205
20261,3110228,장안근린공원,동대문구,골목상권,CS100001,한식음식점,52,0.4532068141731408,1.9270398011939966,2.0234600137917202,3.7058457715269166,3.89126925729177
20261,3110228,장안근린공원,동대문구,골목상권,CS100002,중식음식점,6,0.1300025401975645,0.22433415307687757,0.27610730983261683,3.738902551281293,4.60178849721028
20261,3110228,장안근린공원,동대문구,골목상권,CS100008,분식전문점,8,0.22426031300467647,0.28292431328775514,0.3655309922853054,3.5365539160969393,4.569137403566318
20261,3110228,장안근린공원,동대문구,골목상권,CS100009,호프-간이주점,8,0.21119969848943873,0.21984396961273284,0.2917552816319013,2.7480496201591604,3.646941020398766
20261,3110228,장안근린공원,동대문구,골목상권,CS100010,커피-음료,7,0.20079617380807177,0.3033142297145548,0.30541175899348,4.33306042449364,4.363025128478286
20261,3110229,장평중학교,동대문구,골목상권,CS100001,한식음식점,36,0.40434280209140844,1.3251883297529874,1.4014563857422353,3.681078693758298,3.8929344048395422
20261,3110229,장평중학교,동대문구,골목상권,CS100003,일식음식점,5,0.1774806655662616,0.16497017442150788,0.22365742814074288,3.2994034884301575,4.473148562814858
20261,3110229,장평중학교,동대문구,골목상권,CS100008,분식전문점,8,0.23585743232257156,0.2850649697418246,0.3772847938674103,3.5633121217728077,4.716059923342629
20261,3110229,장평중학교,동대문구,골목상권,CS100009,호프-간이주점,7,0.14722645955547867,0.18724888074094986,0.2594168236286558,2.674984010584998,3.7059546232665115
20261,3110229,장평중학교,동대문구,골목상권,CS100010,커피-음료,12,0.303642708850806,0.4972633076395024,0.5597290626902628,4.143860896995853,4.66440885575219
20261,3110230,장안현대홈타운1차아파트,동대문구,골목상권,CS100001,한식음식점,22,0.2731587445058396,0.7839341868073355,0.8735054671582168,3.563337212760616,3.970479396173712
20261,3110230,장안현대홈타운1차아파트,동대문구,골목상권,CS100009,호프-간이주점,6,0.12669886146652706,0.1514427983503769,0.23208742272127095,2.5240466391729486,3.8681237120211827
20261,3110232,동대부고,동대문구,골목상권,CS100001,한식음식점,24,0.2957480572940641,0.8151083968379677,0.931613856451261,3.396284986824865,3.8817244018802546
20261,3110232,동대부고,동대문구,골목상권,CS100007,치킨전문점,6,0.12606415345346939,0.1538344530405222,0.29870652144157894,2.56390755067537,4.978442024026316
20261,3110232,동대부고,동대문구,골목상권,CS100010,커피-음료,10,0.2039784291058898,0.3636610233932385,0.46996773604665865,3.636610233932385,4.699677360466587
20261,3110233,중랑역 1번,중랑구,골목상권,CS100001,한식음식점,19,0.29935407330968944,0.8125046113618126,0.8521001004707156,4.276340059799014,4.484737370898503
20261,3110234,중랑역 4번,중랑구,골목상권,CS100001,한식음식점,9,0.11299385446217178,0.35768191623778633,0.35599595362854497,3.9742435137531813,3.9555105958727217
20261,3110234,중랑역 4번,중랑구,골목상권,CS100006,패스트푸드점,6,0.16566243163868427,0.21170527924496713,0.36979989127520324,3.528421320749452,6.1633315212533875
20261,3110236,신묵초등학교,중랑구,골목상권,CS100001,한식음식점,34,0.3461660289570574,1.4761284687871477,1.5394915410699757,4.341554319962198,4.5279162972646345
20261,3110236,신묵초등학교,중랑구,골목상권,CS100007,치킨전문점,5,0.30816479537322267,0.16581536785786632,0.27887584632146034,3.316307357157326,5.577516926429206
20261,3110236,신묵초등학교,중랑구,골목상권,CS100008,분식전문점,6,0.24308438598962748,0.25498991202994564,0.32368280040152636,4.249831867165761,5.394713340025439
20261,3110236,신묵초등학교,중랑구,골목상권,CS100009,호프-간이주점,14,0.29110403983426764,0.41265782156847275,0.63414802441019,2.947555868346234,4.529628745787072
20261,3110236,신묵초등학교,중랑구,골목상권,CS100010,커피-음료,8,0.21445809348673905,0.38746970904660455,0.4216434111987271,4.843371363082557,5.270542639984089
20261,3110237,메가박스 상봉,중랑구,골목상권,CS100001,한식음식점,66,0.4202329110762499,2.6932009591898587,2.777486787249127,4.080607513924028,4.208313314013829
20261,3110237,메가박스 상봉,중랑구,골목상권,CS100008,분식전문점,5,0.15914343888446753,0.21868731630431942,0.23755277551861334,4.373746326086389,4.751055510372266
20261,3110237,메가박스 상봉,중랑구,골목상권,CS100009,호프-간이주점,30,0.4523434343976796,0.8410939175520709,1.2751159277750483,2.8036463918402363,4.250386425916828
20261,3110237,메가박스 상봉,중랑구,골목상권,CS100010,커피-음료,13,0.28054784917170655,0.6124675692712142,0.6310363172307851,4.711288994393955,4.854125517159886
20261,3110239,중랑역 2번,중랑구,골목상권,CS100001,한식음식점,11,0.1499108113118892,0.42678663543764395,0.4771115108263341,3.8798785039785817,4.3373773711484915
20261,3110240,태릉시장 특화거리,중랑구,골목상권,CS100001,한식음식점,33,0.2643778017181963,1.2711469300927445,1.3628249954192944,3.8519603942204377,4.129772713391801
20261,3110240,태릉시장 특화거리,중랑구,골목상권,CS100009,호프-간이주점,11,0.25965179691984525,0.2952061035330608,0.44858048101153425,2.6836918503005527,4.07800437283213
20261,3110240,태릉시장 특화거리,중랑구,골목상권,CS100010,커피-음료,5,0.14464358264559415,0.2341443623194135,0.2350302087646755,4.68288724638827,4.70060417529351
20261,3110241,먹골역 5번,중랑구,골목상권,CS100001,한식음식점,44,0.3957879351598169,1.7096892542411675,1.9016100244812921,3.8856573960026535,4.321840964730209
20261,3110241,먹골역 5번,중랑구,골목상권,CS100008,분식전문점,5,0.16318304661868202,0.1927708956454029,0.24912042788485525,3.855417912908058,4.982408557697105
20261,3110241,먹골역 5번,중랑구,골목상권,CS100009,호프-간이주점,19,0.32336306788701974,0.505209710090306,0.8255116459937165,2.6589984741595054,4.344798136809034
20261,3110241,먹골역 5번,중랑구,골목상권,CS100010,커피-음료,10,0.20446546114940523,0.4704062566258598,0.5076812422349153,4.704062566258598,5.076812422349153
20261,3110242,면목5동주민센터,중랑구,골목상권,CS100001,한식음식점,13,0.2099985503676548,0.5300565712734145,0.5399343598436747,4.0773582405647275,4.1533412295667285
20261,3110243,중랑노인종합복지관,중랑구,골목상권,CS100001,한식음식점,51,0.4156726874030038,1.9646706289791853,2.191693680561086,3.852295350939579,4.297438589335463
20261,3110243,중랑노인종합복지관,중랑구,골목상권,CS100007,치킨전문점,5,0.16245425493243967,0.15358991874306283,0.257913778140732,3.0717983748612565,5.158275562814641
20261,3110243,중랑노인종합복지관,중랑구,골목상권,CS100008,분식전문점,12,0.2877762631013307,0.42797510040706527,0.6235159874550723,3.566459170058877,5.195966562125602
20261,3110243,중랑노인종합복지관,중랑구,골목상권,CS100009,호프-간이주점,9,0.21548898682229056,0.2564603356564063,0.36631654284444526,2.849559285071181,4.0701838093827245
20261,3110243,중랑노인종합복지관,중랑구,골목상권,CS100010,커피-음료,10,0.22422011063637665,0.47364142049269015,0.5000642366739512,4.736414204926902,5.000642366739512
20261,3110244,중화역 4번,중랑구,골목상권,CS100001,한식음식점,26,0.2871290046231718,1.0638415874410174,1.1146061604892108,4.091698413234682,4.2869467711123495
20261,3110244,중화역 4번,중랑구,골목상권,CS100008,분식전문점,6,0.31459159203941994,0.26033338335444717,0.31670497276727255,4.33888972257412,5.278416212787876
20261,3110244,중화역 4번,중랑구,골목상권,CS100009,호프-간이주점,12,0.24673638910442963,0.3440933834754434,0.5217038415911696,2.867444862295361,4.347532013259746
20261,3110244,중화역 4번,중랑구,골목상권,CS100010,커피-음료,9,0.19582037581635434,0.44465238394081286,0.46841796047546735,4.940582043786809,5.2046440052829706
20261,3110245,KB국민은행 중화동지점,중랑구,골목상권,CS100001,한식음식점,7,0.11933880059098367,0.30606299925374414,0.31303389064699394,4.372328560767773,4.471912723528485
20261,3110246,월드순복음교회,중랑구,골목상권,CS100001,한식음식점,23,0.3367115075449333,0.9615868524150671,1.08472790167684,4.18081240180464,4.716208268160174
20261,3110246,월드순복음교회,중랑구,골목상권,CS100009,호프-간이주점,6,0.13530209842223337,0.18425187791136477,0.27616034187360033,3.0708646318560797,4.602672364560005
20261,3110246,월드순복음교회,중랑구,골목상권,CS100010,커피-음료,8,0.18538190823893094,0.386874154921242,0.45538728020572405,4.835926936515525,5.692341002571551
20261,3110247,먹골역 1번,중랑구,골목상권,CS100001,한식음식점,13,0.2952807262982256,0.629223536175843,0.5713019742695865,4.840181047506485,4.3946305713045115
20261,3110247,먹골역 1번,중랑구,골목상권,CS100006,패스트푸드점,8,0.21660988019873326,0.31625978805793675,0.5377794972334476,3.9532473507242094,6.722243715418095
20261,3110247,먹골역 1번,중랑구,골목상권,CS100008,분식전문점,7,0.1545112753798287,0.29472920301394595,0.393594266602516,4.2104171859135135,5.6227752371788
20261,3110247,먹골역 1번,중랑구,골목상권,CS100010,커피-음료,7,0.1264923449314499,0.35647004736197907,0.37912613606472084,5.092429248028273,5.416087658067441
20261,3110249,중화역 1번,중랑구,골목상권,CS100001,한식음식점,22,0.295395488865259,0.9626338494881036,0.9759039428349194,4.3756084067641074,4.4359270128859976
20261,3110249,중화역 1번,중랑구,골목상권,CS100008,분식전문점,5,0.12811835514580683,0.19951835108045773,0.26684927906804173,3.990367021609155,5.3369855813608345
20261,3110249,중화역 1번,중랑구,골목상권,CS100010,커피-음료,11,0.26415804354244593,0.5091301864786612,0.5983125854816183,4.628456240715102,5.4392053225601655
20261,3110250,화랑대역 7번,중랑구,골목상권,CS100008,분식전문점,6,0.18640275474585852,0.19909945360074388,0.36016673036305014,3.3183242266790645,6.002778839384169
20261,3110251,장안중학교,중랑구,골목상권,CS100001,한식음식점,10,0.13891975256669364,0.4049758582429939,0.42297178423541504,4.04975858242994,4.229717842354151
20261,3110251,장안중학교,중랑구,골목상권,CS100010,커피-음료,5,0.15864241365549203,0.21235032731877695,0.2589932307757276,4.247006546375539,5.1798646155145525
20261,3110252,장안제일시장,중랑구,골목상권,CS100001,한식음식점,31,0.2983358266281998,1.3015218434647664,1.3826605981528555,4.198457559563763,4.460195477912436
20261,3110252,장안제일시장,중랑구,골목상권,CS100010,커피-음료,11,0.26840064963439947,0.49706818732555114,0.5869288587609964,4.518801702959556,5.335716897827241
20261,3110253,중곡초등학교,중랑구,골목상권,CS100001,한식음식점,22,0.2972263324291019,0.8902738127512696,0.9719231306619533,4.046699148869407,4.417832412099788
20261,3110253,중곡초등학교,중랑구,골목상권,CS100008,분식전문점,6,0.1911023826961821,0.22844204189885572,0.32502609029646135,3.8073673649809283,5.417101504941022
20261,3110254,오거리공원,중랑구,골목상권,CS100001,한식음식점,35,0.31299840469124235,1.5618714959919642,1.6393595996127708,4.462489988548469,4.683884570322202
20261,3110254,오거리공원,중랑구,골목상권,CS100009,호프-간이주점,13,0.3176509307360777,0.4022697129694115,0.6060357791542542,3.0943824074570117,4.661813685801955
20261,3110254,오거리공원,중랑구,골목상권,CS100010,커피-음료,8,0.17969555276185742,0.4440345658501079,0.44210031816006434,5.550432073126349,5.526253977000804
20261,3110255,상봉역 4번,중랑구,골목상권,CS100001,한식음식점,50,0.40233939388949785,2.2386388909928874,2.2640547118161733,4.477277781985775,4.528109423632347
20261,3110255,상봉역 4번,중랑구,골목상권,CS100002,중식음식점,5,0.2098120926049226,0.2225669296073316,0.2641607718520427,4.451338592146632,5.2832154370408535
20261,3110255,상봉역 4번,중랑구,골목상권,CS100007,치킨전문점,7,0.19438353769906558,0.23191336103972623,0.38713205925371863,3.313048014853232,5.530457989338838
20261,3110255,상봉역 4번,중랑구,골목상권,CS100008,분식전문점,5,0.19035790497388397,0.22341926830424433,0.25859724364057063,4.4683853660848865,5.171944872811412
20261,3110255,상봉역 4번,중랑구,골목상권,CS100009,호프-간이주점,8,0.22114329223253168,0.2654132963019668,0.3405245222781884,3.317666203774585,4.256556528477355
20261,3110255,상봉역 4번,중랑구,골목상권,CS100010,커피-음료,15,0.38873065673583795,0.7570450044107497,0.8072079739525113,5.046966696071665,5.381386493016742
20261,3110256,면목2동체육관,중랑구,골목상권,CS100001,한식음식점,26,0.3573864007672914,1.175465784949402,1.1314688909464994,4.521022249805392,4.351803426717305
20261,3110256,면목2동체육관,중랑구,골목상권,CS100008,분식전문점,6,0.21199532537314122,0.26418228976950703,0.317545025755236,4.403038162825117,5.292417095920601
20261,3110256,면목2동체육관,중랑구,골목상권,CS100010,커피-음료,8,0.2558997115299494,0.3889472972418081,0.41175242014119695,4.861841215522602,5.146905251764962
20261,3110257,상봉역 7번,중랑구,골목상권,CS100001,한식음식점,18,0.32745161292963487,0.8231700708301006,0.8184385743955329,4.573167060167226,4.546880968864072
20261,3110257,상봉역 7번,중랑구,골목상권,CS100010,커피-음료,5,0.142410320192992,0.25383733717904555,0.26794466574169695,5.076746743580911,5.358893314833939
20261,3110258,면동초등학교,중랑구,골목상권,CS100001,한식음식점,16,0.3008715992174697,0.7082795812433135,0.6866616421414936,4.426747382770709,4.291635263384335
20261,3110258,면동초등학교,중랑구,골목상권,CS100009,호프-간이주점,8,0.19119676146913628,0.23578981815194383,0.34780137581521847,2.9473727268992977,4.347517197690231
20261,3110258,면동초등학교,중랑구,골목상권,CS100010,커피-음료,8,0.2296219792980399,0.37581698967149985,0.4211801278654718,4.697712370893748,5.264751598318398
20261,3110259,사가정역 1번,중랑구,골목상권,CS100001,한식음식점,49,0.3523034198696883,2.0946081476988163,2.156785102464114,4.274710505507788,4.401602249926763
20261,3110259,사가정역 1번,중랑구,골목상권,CS100007,치킨전문점,5,0.12085500060923222,0.17357427899009106,0.26570893508064203,3.471485579801821,5.314178701612841
20261,3110259,사가정역 1번,중랑구,골목상권,CS100009,호프-간이주점,16,0.3641687277570627,0.47479122023392184,0.6939266444083874,2.9674451264620116,4.337041527552421
20261,3110259,사가정역 1번,중랑구,골목상권,CS100010,커피-음료,9,0.24314297316282465,0.4343353859006497,0.45293383889744243,4.825948732229441,5.0325982099715825
20261,3110260,면목역 3번,중랑구,골목상권,CS100001,한식음식점,23,0.30908137424611615,0.9497367806770943,1.028884929618836,4.129290350769976,4.4734127374732005
20261,3110261,사가정역 4번,중랑구,골목상권,CS100001,한식음식점,9,0.1456139196764086,0.4490577299325541,0.38001295347496605,4.989530332583934,4.222366149721845
20261,3110261,사가정역 4번,중랑구,골목상권,CS100008,분식전문점,11,0.34147162567596734,0.44063994859392885,0.6268116886448755,4.005817714490263,5.698288078589777
20261,3110261,사가정역 4번,중랑구,골목상권,CS100009,호프-간이주점,5,0.18620603797393287,0.15951230560126295,0.21439584534942907,3.1902461120252594,4.287916906988581
20261,3110261,사가정역 4번,중랑구,골목상권,CS100010,커피-음료,9,0.2539996648785244,0.43118083401934754,0.48540550222825507,4.790898155770528,5.393394469202835
20261,3110262,상봉역 3번,중랑구,골목상권,CS100001,한식음식점,84,0.3239333461499762,3.6021844077405114,3.722162280349144,4.288314771119657,4.431145571844219
20261,3110262,상봉역 3번,중랑구,골목상권,CS100003,일식음식점,5,0.15937060031002792,0.21521615481304163,0.2419881203379283,4.304323096260833,4.839762406758566
20261,3110262,상봉역 3번,중랑구,골목상권,CS100006,패스트푸드점,5,0.17211275868279133,0.21797789284809355,0.29071697539900904,4.359557856961871,5.81433950798018
20261,3110262,상봉역 3번,중랑구,골목상권,CS100007,치킨전문점,5,0.13766472566569704,0.17674022099252437,0.25685881420142376,3.5348044198504875,5.137176284028476
20261,3110262,상봉역 3번,중랑구,골목상권,CS100008,분식전문점,8,0.23417187311989326,0.3496586465480218,0.40456663738672816,4.370733081850273,5.057082967334102
20261,3110262,상봉역 3번,중랑구,골목상권,CS100009,호프-간이주점,35,0.4709202437094507,1.0339036636342513,1.5562252664421954,2.9540104675264325,4.446357904120559
20261,3110262,상봉역 3번,중랑구,골목상권,CS100010,커피-음료,6,0.18175520497480976,0.3184973246071333,0.28585336371322206,5.308288743452222,4.764222728553701
20261,3110263,면목역 1번,중랑구,골목상권,CS100001,한식음식점,10,0.20557963298780865,0.4728177974194181,0.44556964177097136,4.728177974194181,4.455696417709714
20261,3110263,면목역 1번,중랑구,골목상권,CS100009,호프-간이주점,5,0.16362423245605617,0.15628791910083933,0.2254526061659504,3.125758382016787,4.509052123319008
20261,3110264,면목역 2번,중랑구,골목상권,CS100001,한식음식점,33,0.31573805501443175,1.5596085432922362,1.447097172179968,4.726086494824958,4.3851429459999025
20261,3110264,면목역 2번,중랑구,골목상권,CS100006,패스트푸드점,5,0.18100583065879022,0.21364019991460995,0.30458073784058654,4.272803998292199,6.0916147568117305
20261,3110264,면목역 2번,중랑구,골목상권,CS100008,분식전문점,10,0.2261660480927873,0.44166502526054824,0.5416800083906386,4.416650252605482,5.416800083906385
20261,3110264,면목역 2번,중랑구,골목상권,CS100009,호프-간이주점,17,0.3060462181168785,0.5395687009091666,0.757919911572741,3.1739335347598043,4.458352421016124
20261,3110264,면목역 2번,중랑구,골목상권,CS100010,커피-음료,12,0.2848593004028096,0.6358085653828814,0.6344839193642496,5.298404711524012,5.28736599470208
20261,3110265,망우역 1번,중랑구,골목상권,CS100001,한식음식점,12,0.20963589884305814,0.5479243922439946,0.46436405099247813,4.5660366020332885,3.8697004249373177
20261,3110265,망우역 1번,중랑구,골목상권,CS100008,분식전문점,8,0.2161322122028614,0.29844165806350925,0.3992007791345375,3.7305207257938657,4.990009739181719
20261,3110265,망우역 1번,중랑구,골목상권,CS100009,호프-간이주점,7,0.1327971667865363,0.21119954168480123,0.27747404154514504,3.0171363097828747,3.963914879216358
20261,3110265,망우역 1번,중랑구,골목상권,CS100010,커피-음료,9,0.26991857744603825,0.4276759439000376,0.43995073798622114,4.75195493222264,4.888341533180235
20261,3110266,면목동우체국,중랑구,골목상권,CS100001,한식음식점,22,0.3144216782841112,0.9762957599047964,0.9795276782800479,4.437707999567256,4.452398537636581
20261,3110266,면목동우체국,중랑구,골목상권,CS100008,분식전문점,5,0.17822075712120972,0.21567912599140093,0.2703346043213367,4.313582519828019,5.406692086426734
20261,3110266,면목동우체국,중랑구,골목상권,CS100009,호프-간이주점,5,0.14802173077800806,0.1613537867912403,0.2145864741689576,3.227075735824806,4.291729483379152
20261,3110267,망우역 2번,중랑구,골목상권,CS100001,한식음식점,19,0.333151051379959,0.8385794905145555,0.8413757447178957,4.413576265866082,4.4282933932520825
20261,3110267,망우역 2번,중랑구,골목상권,CS100007,치킨전문점,5,0.15197357145760892,0.15951890383224418,0.28333641992114383,3.1903780766448833,5.666728398422877
20261,3110267,망우역 2번,중랑구,골목상권,CS100008,분식전문점,7,0.2050102010429604,0.2806819601906635,0.38729181270738205,4.00974228843805,5.532740181534029
20261,3110267,망우역 2번,중랑구,골목상권,CS100010,커피-음료,10,0.2097294250979789,0.4647177509323304,0.5448324004498356,4.647177509323304,5.448324004498356
20261,3110268,망우3동주민센터,중랑구,골목상권,CS100001,한식음식점,7,0.11986190108249618,0.29221730929091355,0.30726300951401764,4.174532989870194,4.389471564485966
20261,3110268,망우3동주민센터,중랑구,골목상권,CS100010,커피-음료,6,0.30679461005493563,0.2741150520467915,0.3387028487976857,4.568584200779858,5.645047479961429
20261,3110269,용마문화복지센터,중랑구,골목상권,CS100001,한식음식점,15,0.3059651080240396,0.6321659361221913,0.6163448195785161,4.214439574147942,4.108965463856774
20261,3110270,혜원여고,중랑구,골목상권,CS100001,한식음식점,7,0.11305413571037086,0.2710207049555383,0.2681980866282431,3.87172435650769,3.83140123754633
20261,3110271,신내역 1번,중랑구,골목상권,CS100001,한식음식점,7,0.10400256410929212,0.26665395678480813,0.2686746789747561,3.8093422397829735,3.838209699639373
20261,3110272,신내1동주민센터,중랑구,골목상권,CS100001,한식음식점,85,0.41174981725067755,3.4948778641692972,3.6781232348902226,4.111621016669761,4.327203805753204
20261,3110272,신내1동주민센터,중랑구,골목상권,CS100002,중식음식점,5,0.1338793112075731,0.22041255222458567,0.24471056526363066,4.408251044491713,4.894211305272613
20261,3110272,신내1동주민센터,중랑구,골목상권,CS100004,양식음식점,5,0.18480611914885306,0.22749245276366648,0.2295665803288805,4.549849055273329,4.591331606577611
20261,3110272,신내1동주민센터,중랑구,골목상권,CS100005,제과점,6,0.14301151756245037,0.23328705987607867,0.2680120395874069,3.8881176646013116,4.466867326456781
20261,3110272,신내1동주민센터,중랑구,골목상권,CS100006,패스트푸드점,5,0.17875478804954925,0.21593250863585234,0.2849802274771569,4.318650172717047,5.699604549543138
20261,3110272,신내1동주민센터,중랑구,골목상권,CS100007,치킨전문점,7,0.17513728054119984,0.23343255235890184,0.35947563151249196,3.3347507479843124,5.135366164464171
20261,3110272,신내1동주민센터,중랑구,골목상권,CS100008,분식전문점,13,0.2545239833628472,0.5275063171830809,0.6634511787640007,4.057740901408315,5.103470605876929
20261,3110272,신내1동주민센터,중랑구,골목상권,CS100009,호프-간이주점,15,0.2911045316959613,0.45790720829077114,0.6150885472102127,3.0527147219384743,4.1005903147347516
20261,3110272,신내1동주민센터,중랑구,골목상권,CS100010,커피-음료,25,0.28798222300667087,1.1892344382365956,1.2885005850497506,4.756937752946382,5.1540023401990025
20261,3110273,장스여성병원,중랑구,골목상권,CS100001,한식음식점,24,0.27575925526740225,1.0038292384227856,0.9728745913960402,4.182621826761607,4.053644130816834
20261,3110273,장스여성병원,중랑구,골목상권,CS100009,호프-간이주점,13,0.2500235728299118,0.35500039317440196,0.5357055306938265,2.7307722551877074,4.120811774567897
20261,3110273,장스여성병원,중랑구,골목상권,CS100010,커피-음료,5,0.09301585825254949,0.25149762837043044,0.236222795066871,5.029952567408609,4.72445590133742
20261,3110274,서일대학교,중랑구,골목상권,CS100001,한식음식점,21,0.27420877727370285,0.9452802825874653,0.89255221452332,4.501334678987931,4.250248640587238
20261,3110274,서일대학교,중랑구,골목상권,CS100005,제과점,5,0.12804969660166324,0.1807005890039035,0.23589043034791743,3.6140117800780707,4.717808606958348
20261,3110274,서일대학교,중랑구,골목상권,CS100008,분식전문점,9,0.22445949620417305,0.3576240371147272,0.48167432930996756,3.9736004123858573,5.351936992332973
20261,3110274,서일대학교,중랑구,골목상권,CS100010,커피-음료,21,0.3323345713977294,0.9697966284488716,1.1511173761217697,4.618079183089865,5.481511314865569
20261,3110275,하나은행 망우동지점,중랑구,골목상권,CS100001,한식음식점,20,0.23636279293464352,0.8186043001541552,0.8420653144919134,4.093021500770775,4.210326572459567
20261,3110275,하나은행 망우동지점,중랑구,골목상권,CS100009,호프-간이주점,12,0.24400132894263862,0.32104531420612503,0.5178796091664548,2.6753776183843754,4.315663409720457
20261,3110275,하나은행 망우동지점,중랑구,골목상권,CS100010,커피-음료,6,0.15797239923138578,0.26301032745038216,0.2979975196199981,4.383505457506369,4.966625326999968
20261,3110277,러스크서울병원,중랑구,골목상권,CS100001,한식음식점,22,0.32890030975104917,0.8813425501218588,0.9315884512628809,4.0061025005539035,4.234492960285823
20261,3110277,러스크서울병원,중랑구,골목상권,CS100010,커피-음료,5,0.09791339712367954,0.22477818810728492,0.24598357997184067,4.495563762145698,4.919671599436813
20261,3110278,망우본동주민센터,중랑구,골목상권,CS100001,한식음식점,23,0.32193666841595325,0.9305074325085955,0.9231325540720106,4.045684489167806,4.01361980031309
20261,3110278,망우본동주민센터,중랑구,골목상권,CS100005,제과점,6,0.13104307807091203,0.19225919630560892,0.268720341443836,3.2043199384268153,4.478672357397267
20261,3110278,망우본동주민센터,중랑구,골목상권,CS100008,분식전문점,7,0.14867006740747862,0.2748876002617321,0.3490893371959136,3.926965718024744,4.9869905313701945
20261,3110278,망우본동주민센터,중랑구,골목상권,CS100009,호프-간이주점,10,0.19512041020873006,0.2769753527594109,0.40373928841925244,2.769753527594109,4.037392884192524
20261,3110278,망우본동주민센터,중랑구,골목상권,CS100010,커피-음료,13,0.2875076649492473,0.5440110088052403,0.6439297184441962,4.184700067732618,4.953305526493817
20261,3110279,신내역 2번,중랑구,골목상권,CS100001,한식음식점,6,0.17493887593315902,0.21236425805894757,0.193905747213266,3.539404300982459,3.2317624535544334
20261,3110280,북정마을,성북구,골목상권,CS100010,커피-음료,5,0.08770342570766111,0.19365616057014987,0.2055479554677829,3.873123211402997,4.110959109355658
20261,3110282,국민대학교앞,성북구,골목상권,CS100001,한식음식점,7,0.13471801741125816,0.20356814160897777,0.20566564389684674,2.9081163086996824,2.938080627097811
20261,3110282,국민대학교앞,성북구,골목상권,CS100009,호프-간이주점,7,0.14687804911372662,0.13177405053686408,0.21921353926282056,1.8824864362409155,3.131621989468865
20261,3110283,성북초등학교앞,성북구,골목상권,CS100001,한식음식점,7,0.09483125224569816,0.23652428686849342,0.22819483299628074,3.3789183838356203,3.2599261856611537
20261,3110283,성북초등학교앞,성북구,골목상권,CS100010,커피-음료,9,0.3123442528084761,0.2910464305817794,0.38212321543543093,3.2338492286864384,4.245813504838122
20261,3110285,홍대부중,성북구,골목상권,CS100001,한식음식점,5,0.11951199764211688,0.19461737720891648,0.16582731578688645,3.8923475441783295,3.316546315737729
20261,3110285,홍대부중,성북구,골목상권,CS100005,제과점,5,0.10145021470715353,0.12357016577955925,0.19933362211503391,2.4714033155911848,3.9866724423006783
20261,3110285,홍대부중,성북구,골목상권,CS100010,커피-음료,9,0.1940477799299736,0.28962019194315763,0.3908668141037359,3.218002132701751,4.342964601152621
20261,3110286,한성대입구역 5번,성북구,골목상권,CS100001,한식음식점,13,0.2768714766811267,0.49965475180881574,0.44742079574926924,3.843498090837044,3.4416984288405326
20261,3110286,한성대입구역 5번,성북구,골목상권,CS100010,커피-음료,18,0.3136656499757075,0.6573932293654269,0.8107689800721294,3.6521846075857045,4.504272111511829
20261,3110287,정릉3동주민센터,성북구,골목상권,CS100001,한식음식점,5,0.09765256229682746,0.17739672675594526,0.1707747945022723,3.5479345351189053,3.415495890045446
20261,3110288,동구여중,성북구,골목상권,CS100001,한식음식점,9,0.10963397566416808,0.2932147220231736,0.31307935821553895,3.2579413558130406,3.47865953572821
20261,3110288,동구여중,성북구,골목상권,CS100010,커피-음료,13,0.26549049844932043,0.4008057847112441,0.5934785695031572,3.083121420855724,4.5652197654089015
20261,3110289,북한산보국문역 2번,성북구,골목상권,CS100001,한식음식점,6,0.11442200717057002,0.2585500595787492,0.21849647895451024,4.30916765964582,3.6416079825751706
20261,3110289,북한산보국문역 2번,성북구,골목상권,CS100010,커피-음료,7,0.17414398045528637,0.28235224013792914,0.32839607539122234,4.033603430541845,4.691372505588891
20261,3110290,북한산보국문역 1번,성북구,골목상권,CS100001,한식음식점,5,0.10864971505738669,0.1832771474032143,0.17020429474967744,3.665542948064286,3.4040858949935484
20261,3110291,한성대입구역 3번,성북구,골목상권,CS100001,한식음식점,25,0.31986269489095376,1.0149173232581068,0.9459062426295664,4.059669293032427,3.783624970518265
20261,3110291,한성대입구역 3번,성북구,골목상권,CS100003,일식음식점,5,0.1010135038558133,0.18392099138549906,0.224105803598993,3.6784198277099813,4.48211607197986
20261,3110291,한성대입구역 3번,성북구,골목상권,CS100008,분식전문점,13,0.31363708231042137,0.46581760090549235,0.6289220327014337,3.5832123146576333,4.837861790011028
20261,3110291,한성대입구역 3번,성북구,골목상권,CS100009,호프-간이주점,10,0.24703232190750143,0.28810444756200343,0.38007606815170536,2.881044475620034,3.8007606815170534
20261,3110291,한성대입구역 3번,성북구,골목상권,CS100010,커피-음료,16,0.3555121179697561,0.6839647759468592,0.7564693393833396,4.27477984966787,4.727933371145872
20261,3110292,정릉역 2번,성북구,골목상권,CS100001,한식음식점,6,0.10917012085439198,0.19918313115102562,0.2224088562583482,3.3197188525170938,3.7068142709724703
20261,3110293,삼선중학교,성북구,골목상권,CS100001,한식음식점,18,0.2692059289154759,0.6823754278009511,0.7645825062459926,3.7909745988941728,4.247680590255514
20261,3110293,삼선중학교,성북구,골목상권,CS100008,분식전문점,7,0.1479352698845946,0.2371835917064015,0.3722073626003043,3.3883370243771647,5.317248037147204
20261,3110293,삼선중학교,성북구,골목상권,CS100010,커피-음료,10,0.19843414436818207,0.39269864447639513,0.5236119746839173,3.926986444763951,5.236119746839172
20261,3110294,서경대학교,성북구,골목상권,CS100001,한식음식점,20,0.26755998667582576,0.7866065554106143,0.7473482707524804,3.9330327770530715,3.7367413537624024
20261,3110294,서경대학교,성북구,골목상권,CS100009,호프-간이주점,5,0.10501068027601786,0.14035315948209637,0.1809680796465023,2.8070631896419274,3.619361592930046
20261,3110294,서경대학교,성북구,골목상권,CS100010,커피-음료,12,0.2704795711699542,0.47866612378150386,0.5544303829228231,3.9888843648458656,4.620253191023526
20261,3110295,정릉우체국,성북구,골목상권,CS100001,한식음식점,15,0.2881538717377761,0.573680024209699,0.5597200971168208,3.8245334947313268,3.7314673141121384
20261,3110295,정릉우체국,성북구,골목상권,CS100008,분식전문점,5,0.14822722688517245,0.1660266199375948,0.22974472171579502,3.3205323987518955,4.594894434315901
20261,3110295,정릉우체국,성북구,골목상권,CS100010,커피-음료,7,0.1336694924976185,0.3115953753440065,0.32298802693236534,4.451362504914378,4.614114670462362
20261,3110296,성신여대입구역 4번,성북구,골목상권,CS100001,한식음식점,8,0.13482453043824796,0.2964622071704222,0.30774902285846467,3.705777589630278,3.846862785730808
20261,3110296,성신여대입구역 4번,성북구,골목상권,CS100010,커피-음료,9,0.1298021709128418,0.32335420578161217,0.4470137555047749,3.59282450868458,4.96681950560861
20261,3110297,경동고등학교,성북구,골목상권,CS100001,한식음식점,26,0.3601727095026735,1.0487279176483013,1.035323896531477,4.033568914031928,3.9820149866595274
20261,3110297,경동고등학교,성북구,골목상권,CS100009,호프-간이주점,6,0.13413273793397093,0.1719275302789434,0.22979668423947494,2.86545883798239,3.8299447373245825
20261,3110297,경동고등학교,성북구,골목상권,CS100010,커피-음료,17,0.37485745450054875,0.6931924034628503,0.8423232445745467,4.077602373310884,4.954842615144392
20261,3110299,정릉역 1번,성북구,골목상권,CS100001,한식음식점,37,0.3719702902572438,1.4341666659362344,1.475221676159168,3.876126124151985,3.9870856112409947
20261,3110299,정릉역 1번,성북구,골목상권,CS100007,치킨전문점,6,0.20780761157452388,0.16588049274124944,0.2940289947879623,2.764674879020824,4.900483246466038
20261,3110299,정릉역 1번,성북구,골목상권,CS100008,분식전문점,5,0.16847147329319026,0.1812058006048784,0.23100008974815536,3.624116012097568,4.620001794963107
20261,3110299,정릉역 1번,성북구,골목상권,CS100009,호프-간이주점,9,0.24945391201984493,0.2394276216457828,0.34484557748918376,2.6603069071753644,3.831617527657597
20261,3110299,정릉역 1번,성북구,골목상권,CS100010,커피-음료,8,0.1845571608259207,0.33506551593031975,0.36709383351696306,4.1883189491289965,4.588672918962038
20261,3110300,삼선동주민센터,성북구,골목상권,CS100001,한식음식점,35,0.3394635255844602,1.4832853384480431,1.3633955201012995,4.237958109851552,3.8954157717179987
20261,3110300,삼선동주민센터,성북구,골목상권,CS100004,양식음식점,6,0.21340840518438167,0.24605263901917954,0.26472554583380986,4.100877316986326,4.412092430563497
20261,3110300,삼선동주민센터,성북구,골목상권,CS100006,패스트푸드점,5,0.15572547202957182,0.19071754349129985,0.2691309852600622,3.814350869825997,5.382619705201243
20261,3110300,삼선동주민센터,성북구,골목상권,CS100007,치킨전문점,6,0.20955741511622775,0.1917754842287286,0.2908867487534148,3.19625807047881,4.8481124792235795
20261,3110300,삼선동주민센터,성북구,골목상권,CS100008,분식전문점,5,0.2238985467116461,0.21082174659111674,0.2287414642286058,4.216434931822334,4.574829284572116
20261,3110300,삼선동주민센터,성북구,골목상권,CS100009,호프-간이주점,11,0.2847354139707063,0.32707303761675993,0.4215845079064686,2.9733912510614537,3.832586435513351
20261,3110300,삼선동주민센터,성북구,골목상권,CS100010,커피-음료,26,0.3242464399980226,1.1204591867110232,1.274145484049474,4.309458410427013,4.900559554036438
20261,3110301,성신여대입구역 7번,성북구,골목상권,CS100001,한식음식점,14,0.20761611718464762,0.5657848891553139,0.5591463424169029,4.041320636823671,3.9939024458350203
20261,3110301,성신여대입구역 7번,성북구,골목상권,CS100009,호프-간이주점,7,0.15921358663287996,0.1905985345912765,0.28370178255512696,2.7228362084468074,4.0528826079303855
20261,3110302,보문역 8번,성북구,골목상권,CS100001,한식음식점,7,0.10472808130295015,0.23275317263534417,0.23967647344073756,3.3250453233620596,3.4239496205819653
20261,3110302,보문역 8번,성북구,골목상권,CS100010,커피-음료,7,0.11874240340510224,0.22824679128111547,0.3070871186287731,3.260668446873078,4.386958837553901
20261,3110303,성신여대입구역 1번,성북구,골목상권,CS100001,한식음식점,10,0.24945793993486676,0.42973917308697895,0.3771623244812841,4.29739173086979,3.771623244812841
20261,3110303,성신여대입구역 1번,성북구,골목상권,CS100008,분식전문점,6,0.22089061596871454,0.21827224272538967,0.29088128823701925,3.637870712089828,4.848021470616987
20261,3110303,성신여대입구역 1번,성북구,골목상권,CS100010,커피-음료,18,0.38643922955570076,0.7196183745009814,0.9043748319353657,3.9978798583387856,5.024304621863143
20261,3110304,보문역 4번,성북구,골목상권,CS100001,한식음식점,12,0.26532609848689803,0.4808559047437714,0.4507368026715304,4.007132539531428,3.756140022262753
20261,3110304,보문역 4번,성북구,골목상권,CS100005,제과점,5,0.16022377692761258,0.14022892196241563,0.21361998138340307,2.8045784392483126,4.272399627668062
20261,3110304,보문역 4번,성북구,골목상권,CS100010,커피-음료,12,0.31300765717071083,0.4497099280068647,0.5735442627432586,3.7475827333905394,4.779535522860489
20261,3110305,보문역 5번,성북구,골목상권,CS100001,한식음식점,21,0.3040454866777427,0.8578532359637082,0.8060408883060864,4.085015409350992,3.8382899443146976
20261,3110305,보문역 5번,성북구,골목상권,CS100010,커피-음료,18,0.3482467802486551,0.7264209178521158,0.8753991721205078,4.035671765845088,4.863328734002821
20261,3110306,미아초등학교,성북구,골목상권,CS100001,한식음식점,6,0.1844347550668934,0.2047064803220544,0.22325767024330065,3.41177467203424,3.7209611707216776
20261,3110306,미아초등학교,성북구,골목상권,CS100010,커피-음료,5,0.12678409790181017,0.15983433652249027,0.23340410386910948,3.1966867304498057,4.66808207738219
20261,3110307,길음역 7번,성북구,골목상권,CS100001,한식음식점,19,0.3399895698957653,0.6589879500459143,0.7220415311887016,3.4683576318206013,3.8002185852036927
20261,3110307,길음역 7번,성북구,골목상권,CS100005,제과점,5,0.1612744047578577,0.13356818256248842,0.21131434068685306,2.6713636512497687,4.226286813737061
20261,3110307,길음역 7번,성북구,골목상권,CS100009,호프-간이주점,5,0.11606871711109228,0.12285080533516539,0.18459188296783224,2.457016106703308,3.691837659356645
20261,3110307,길음역 7번,성북구,골목상권,CS100010,커피-음료,9,0.20416168202081228,0.3405849265957438,0.41946604266185095,3.784276962174931,4.660733807353899
20261,3110308,길음역 8번,성북구,골목상권,CS100001,한식음식점,11,0.2901577397635983,0.40818833550043654,0.4030502591971642,3.7108030500039684,3.6640932654287655
20261,3110308,길음역 8번,성북구,골목상권,CS100005,제과점,5,0.10623808794589247,0.14004062245553806,0.21214172924706723,2.800812449110761,4.2428345849413445
20261,3110308,길음역 8번,성북구,골목상권,CS100008,분식전문점,8,0.21405421295620194,0.2558355017076917,0.38356912885233957,3.1979437713461465,4.794614110654245
20261,3110308,길음역 8번,성북구,골목상권,CS100010,커피-음료,10,0.20379766106485517,0.3679029432206178,0.46667274911769496,3.6790294322061783,4.66672749117695
20261,3110309,대광초등학교,성북구,골목상권,CS100010,커피-음료,8,0.2045468814728851,0.2772651579785383,0.41863867196899496,3.4658144747317285,5.232983399612437
20261,3110312,안암역 2번,성북구,골목상권,CS100001,한식음식점,39,0.3479398992997566,1.4288802322306275,1.3652301726665386,3.6637954672580193,3.500590186324458
20261,3110312,안암역 2번,성북구,골목상권,CS100002,중식음식점,6,0.1232243806851053,0.20974875349410355,0.2520635596366583,3.495812558235059,4.201059327277638
20261,3110312,안암역 2번,성북구,골목상권,CS100003,일식음식점,7,0.17523020257724573,0.2306758327175203,0.28749079968149754,3.2953690388217183,4.107011424021394
20261,3110312,안암역 2번,성북구,골목상권,CS100004,양식음식점,10,0.19706289692559417,0.3566755899038798,0.40970815637680336,3.566755899038798,4.097081563768033
20261,3110312,안암역 2번,성북구,골목상권,CS100006,패스트푸드점,5,0.16913824464444246,0.18102524928801103,0.24306447880765408,3.620504985760221,4.861289576153081
20261,3110312,안암역 2번,성북구,골목상권,CS100008,분식전문점,6,0.1227919394794813,0.22429251377489903,0.2490320992612701,3.7382085629149837,4.150534987687835
20261,3110312,안암역 2번,성북구,골목상권,CS100009,호프-간이주점,6,0.1777634970497136,0.1636076723560545,0.19695189013279485,2.726794539267575,3.2825315022132475
20261,3110312,안암역 2번,성북구,골목상권,CS100010,커피-음료,21,0.276577688686613,0.8563518399159493,0.9134297396581453,4.077865904361663,4.349665426943549
20261,3110313,안암역 3번,성북구,골목상권,CS100001,한식음식점,58,0.361147685713418,2.3153402186828127,2.1186976774098025,3.9919658942807112,3.652927030016901
20261,3110313,안암역 3번,성북구,골목상권,CS100002,중식음식점,13,0.2330830955323969,0.4850723529644452,0.5854079492648947,3.731325792034194,4.50313807126842
20261,3110313,안암역 3번,성북구,골목상권,CS100003,일식음식점,9,0.22181393690826,0.3235446965005941,0.3813587778168651,3.594941072228823,4.237319753520723
20261,3110313,안암역 3번,성북구,골목상권,CS100004,양식음식점,6,0.2127767106274174,0.246022870893517,0.24057987969230007,4.100381181558617,4.009664661538335
20261,3110313,안암역 3번,성북구,골목상권,CS100006,패스트푸드점,11,0.27590222555106,0.400716350464225,0.5689844606416229,3.642875913311136,5.172586005832935
20261,3110313,안암역 3번,성북구,골목상권,CS100008,분식전문점,19,0.3041735771458407,0.7041387383743168,0.861824300937864,3.7059933598648254,4.535917373357179
20261,3110313,안암역 3번,성북구,골목상권,CS100009,호프-간이주점,33,0.44555139186495135,0.8497604483768475,1.2280705520501254,2.5750316617480227,3.7214259153034104
20261,3110313,안암역 3번,성북구,골목상권,CS100010,커피-음료,25,0.28749792897951626,1.106116760721781,1.1142139609325954,4.424467042887124,4.456855843730382
20261,3110314,종암경찰서,성북구,골목상권,CS100001,한식음식점,33,0.31445312097936845,1.0958340390547174,1.2461666901682482,3.32070920925672,3.77626269747954
20261,3110314,종암경찰서,성북구,골목상권,CS100007,치킨전문점,7,0.14094489255615059,0.1798740957590935,0.33584053461162644,2.5696299394156212,4.797721923023235
20261,3110314,종암경찰서,성북구,골목상권,CS100008,분식전문점,9,0.23356716574285957,0.2833512599843323,0.4172016756301015,3.148347333159248,4.635574173667795
20261,3110314,종암경찰서,성북구,골목상권,CS100009,호프-간이주점,9,0.2975020372587341,0.22486467459831794,0.3340184564476521,2.4984963844257546,3.7113161827516903
20261,3110314,종암경찰서,성북구,골목상권,CS100010,커피-음료,10,0.2161791068015542,0.4049193617833693,0.45430116422615463,4.0491936178336925,4.543011642261546
20261,3110315,종암아이파크2차,성북구,골목상권,CS100001,한식음식점,12,0.230138258321714,0.4921284711571627,0.45114198684922246,4.101070592976356,3.7595165570768536
20261,3110315,종암아이파크2차,성북구,골목상권,CS100005,제과점,9,0.30441597750145116,0.25859876772969553,0.4032805853795006,2.8733196414410616,4.480895393105563
20261,3110315,종암아이파크2차,성북구,골목상권,CS100008,분식전문점,5,0.13633190732119788,0.1861839183835558,0.23714079444402453,3.7236783676711163,4.74281588888049
20261,3110315,종암아이파크2차,성북구,골목상권,CS100010,커피-음료,8,0.19202705522134597,0.32677520789601455,0.37400698248953285,4.0846900987001815,4.67508728111916
20261,3110316,숭곡초등학교,성북구,골목상권,CS100001,한식음식점,57,0.4175579540929589,2.195823547538743,2.2760535037701204,3.8523220132258653,3.99307632240372
20261,3110316,숭곡초등학교,성북구,골목상권,CS100002,중식음식점,5,0.0981267040801606,0.20114810525211238,0.23219339913745793,4.0229621050422475,4.643867982749159
20261,3110316,숭곡초등학교,성북구,골목상권,CS100004,양식음식점,5,0.1699387760180927,0.199881857299903,0.21662670568090595,3.99763714599806,4.332534113618118
20261,3110316,숭곡초등학교,성북구,골목상권,CS100007,치킨전문점,10,0.23157556325704295,0.28769520798982723,0.4971658830252235,2.876952079898272,4.9716588302522355
20261,3110316,숭곡초등학교,성북구,골목상권,CS100008,분식전문점,8,0.2398090731397444,0.3043380373122837,0.3742292535377316,3.804225466403546,4.677865669221645
20261,3110316,숭곡초등학교,성북구,골목상권,CS100010,커피-음료,18,0.2633444715090063,0.8049650233083471,0.8613474932974439,4.472027907268595,4.785263851652466
20261,3110317,종암중학교,성북구,골목상권,CS100001,한식음식점,18,0.2611726183845952,0.6709511141835518,0.6889659750493154,3.7275061899086213,3.827588750273975
20261,3110317,종암중학교,성북구,골목상권,CS100010,커피-음료,7,0.11758466102124619,0.2774350419153594,0.322291177673524,3.9633577416479917,4.6041596810503425
20261,3110318,KT월곡지사,성북구,골목상권,CS100001,한식음식점,13,0.21281865542492553,0.5434581140869262,0.5260892613565439,4.180447031437894,4.046840471973415
20261,3110319,종암동주민센터,성북구,골목상권,CS100001,한식음식점,34,0.36665897925854185,1.2440859577701853,1.3150364998484827,3.659076346382898,3.8677544113190665
20261,3110319,종암동주민센터,성북구,골목상권,CS100005,제과점,5,0.12082683712663611,0.15917580505707568,0.20904286242654038,3.1835161011415134,4.180857248530807
20261,3110319,종암동주민센터,성북구,골목상권,CS100007,치킨전문점,6,0.18805826057866615,0.15987645179858787,0.2880148125562473,2.6646075299764647,4.800246875937455
20261,3110319,종암동주민센터,성북구,골목상권,CS100008,분식전문점,7,0.15498855569051737,0.23666916841376132,0.3238123292858307,3.3809881201965903,4.62589041836901
20261,3110319,종암동주민센터,성북구,골목상권,CS100009,호프-간이주점,6,0.1565035022477396,0.16513854259923452,0.22032845044724314,2.7523090433205755,3.6721408407873857
20261,3110319,종암동주민센터,성북구,골목상권,CS100010,커피-음료,9,0.30022519841630646,0.3746473134834299,0.41015646737029426,4.162747927593665,4.557294081892159
20261,3110320,KB국민은행 종암동지점,성북구,골목상권,CS100001,한식음식점,10,0.15640271635683672,0.32763788976646246,0.3499129759768134,3.2763788976646246,3.499129759768134
20261,3110322,장위1동주민센터,성북구,골목상권,CS100001,한식음식점,8,0.1578138619288018,0.2992311134032875,0.2926118735496181,3.740388917541094,3.657648419370226
20261,3110323,상월곡역 1번,성북구,골목상권,CS100001,한식음식점,29,0.34683662393500814,1.1323530088286156,1.0951015393548735,3.904665547684881,3.7762122046719777
20261,3110323,상월곡역 1번,성북구,골목상권,CS100003,일식음식점,5,0.153975272006846,0.17615658587879132,0.22091549154092296,3.5231317175758265,4.418309830818459
20261,3110323,상월곡역 1번,성북구,골목상권,CS100005,제과점,7,0.2030616198239766,0.21504584235030907,0.29286900066652266,3.0720834621472726,4.18384286666461
20261,3110323,상월곡역 1번,성북구,골목상권,CS100008,분식전문점,9,0.2174375613550279,0.3174858829608553,0.4185467413006533,3.5276209217872805,4.650519347785036
20261,3110323,상월곡역 1번,성북구,골목상권,CS100009,호프-간이주점,12,0.2512015270061101,0.34438370026243614,0.4587527885397564,2.869864168853635,3.8229399044979697
20261,3110323,상월곡역 1번,성북구,골목상권,CS100010,커피-음료,11,0.32005008415054703,0.47462278901843763,0.5014715265458338,4.314752627440342,4.55883205950758
20261,3110325,장곡초등학교,성북구,골목상권,CS100001,한식음식점,20,0.2798073334492702,0.757698903352271,0.7990573650680516,3.788494516761355,3.995286825340258
20261,3110325,장곡초등학교,성북구,골목상권,CS100008,분식전문점,6,0.1590487914995884,0.19937800908264355,0.29316452305245794,3.322966818044059,4.886075384207633
20261,3110325,장곡초등학교,성북구,골목상권,CS100009,호프-간이주점,7,0.1353235477317341,0.17806836274355675,0.27575164116657225,2.5438337534793822,3.9393091595224603
20261,3110327,상월곡역 2번,성북구,골목상권,CS100001,한식음식점,20,0.27059015781158813,0.7719070049491621,0.8023277763192557,3.8595350247458104,4.011638881596278
20261,3110327,상월곡역 2번,성북구,골목상권,CS100010,커피-음료,8,0.17391106650121094,0.36035127579949605,0.39218026674269385,4.5043909474937,4.902253334283673
20261,3110328,상월곡역 3번,성북구,골목상권,CS100010,커피-음료,5,0.10357765488986222,0.20680643329666556,0.25415338761855405,4.136128665933311,5.083067752371081
20261,3110329,우리은행체육관,성북구,골목상권,CS100001,한식음식점,13,0.21590267648402064,0.5022068211959737,0.5002798895380239,3.8631293938151825,3.848306842600184
20261,3110329,우리은행체육관,성북구,골목상권,CS100009,호프-간이주점,6,0.17837671237842737,0.15285601842207575,0.2321022726320346,2.547600307034596,3.86837121053391
20261,3110330,돌곶이역 1번,성북구,골목상권,CS100001,한식음식점,14,0.2342058109491426,0.5258902394138625,0.590023778396963,3.7563588529561605,4.214455559978307
20261,3110330,돌곶이역 1번,성북구,골목상권,CS100010,커피-음료,6,0.18369583139283785,0.2602276775772346,0.31021584096925825,4.3371279596205765,5.170264016154304
20261,3110331,돌곶이역 8번,성북구,골목상권,CS100001,한식음식점,21,0.26302902853554305,0.793261480580528,0.7734545294520336,3.7774356218120384,3.683116806914446
20261,3110331,돌곶이역 8번,성북구,골목상권,CS100004,양식음식점,7,0.2560165208003031,0.2407819258166479,0.3051151075225702,3.439741797380684,4.358787250322432
20261,3110331,돌곶이역 8번,성북구,골목상권,CS100006,패스트푸드점,5,0.13433040677192573,0.16865317299662302,0.2646751748057556,3.3730634599324607,5.293503496115112
20261,3110331,돌곶이역 8번,성북구,골목상권,CS100010,커피-음료,15,0.3052209176296842,0.5709416333655563,0.6919463764090458,3.806277555770375,4.612975842726972
20261,3110332,돌곶이역 3번,성북구,골목상권,CS100001,한식음식점,9,0.11804506439503587,0.32378849428539963,0.36799778391389054,3.5976499365044408,4.088864265709895
20261,3110333,돌곶이역 5번,성북구,골목상권,CS100001,한식음식점,23,0.3382235266001803,0.7796362864378655,0.862201581473153,3.389722984512459,3.7487025281441433
20261,3110333,돌곶이역 5번,성북구,골목상권,CS100008,분식전문점,7,0.22786685662608772,0.21283876550637215,0.32232976014870673,3.0405537929481734,4.604710859267239
20261,3110333,돌곶이역 5번,성북구,골목상권,CS100010,커피-음료,7,0.1577659980198042,0.2574249312408028,0.3104812414029871,3.6774990177257543,4.435446305756958
20261,3110334,석관중앙교회,성북구,골목상권,CS100001,한식음식점,19,0.29061155436702724,0.7300489067450685,0.780760825604479,3.842362667079308,4.109267503181469
20261,3110335,석계역 7번,성북구,골목상권,CS100001,한식음식점,75,0.3048912576387848,2.8807259808256496,2.815979044851028,3.840967974434199,3.7546387264680368
20261,3110335,석계역 7번,성북구,골목상권,CS100009,호프-간이주점,32,0.43101921530826126,0.8424557009283955,1.2070017105450956,2.632674065401236,3.771880345453424
20261,3110335,석계역 7번,성북구,골목상권,CS100010,커피-음료,7,0.13458534630469843,0.3405792935747633,0.2896050482671338,4.865418479639476,4.137214975244769
20261,3110336,석관고등학교,성북구,골목상권,CS100001,한식음식점,11,0.18904996202541607,0.39310208353070314,0.3860927807011828,3.5736553048245736,3.5099343700107526
20261,3110337,아카데미하우스,강북구,골목상권,CS100001,한식음식점,17,0.24229590129572187,0.6949492682719582,0.6563730389253265,4.087936872187989,3.8610178760313323
20261,3110337,아카데미하우스,강북구,골목상권,CS100010,커피-음료,15,0.25809410873490995,0.6260967045165913,0.7390407900383307,4.173978030110608,4.9269386002555375
20261,3110339,국립4.19민주묘지,강북구,골목상권,CS100001,한식음식점,5,0.10167715097198142,0.15430727691812168,0.18836568472849655,3.086145538362434,3.7673136945699306
20261,3110340,인수중학교,강북구,골목상권,CS100001,한식음식점,6,0.20685868191287649,0.22286819499529079,0.2681716591185421,3.71446991658818,4.469527651975702
20261,3110341,북한산우이역 2번,강북구,골목상권,CS100001,한식음식점,20,0.254706994311472,0.7371827469591204,0.7691172870086453,3.6859137347956024,3.8455864350432267
20261,3110341,북한산우이역 2번,강북구,골목상권,CS100008,분식전문점,6,0.1703218685917125,0.20794893374014364,0.2850458321371667,3.465815562335727,4.750763868952779
20261,3110341,북한산우이역 2번,강북구,골목상권,CS100010,커피-음료,7,0.24807438533888554,0.28778005800755824,0.3233529659957153,4.1111436858222605,4.619328085653075
20261,3110343,무너미어린이공원,강북구,골목상권,CS100008,분식전문점,6,0.19220777464522565,0.2006933920205551,0.34748571937898964,3.344889867009252,5.791428656316494
20261,3110345,솔밭공원역 2번,강북구,골목상권,CS100001,한식음식점,22,0.38330784227966286,0.7854200576473358,0.9525656411049583,3.570091171124254,4.329843823204356
20261,3110345,솔밭공원역 2번,강북구,골목상권,CS100009,호프-간이주점,6,0.1891087172563549,0.151729843413322,0.253093441230679,2.5288307235553664,4.218224020511316
20261,3110345,솔밭공원역 2번,강북구,골목상권,CS100010,커피-음료,7,0.24438771097512574,0.286566236427346,0.36278827497523053,4.093803377533515,5.182689642503293
20261,3110346,4.19민주묘지역 2번,강북구,골목상권,CS100001,한식음식점,21,0.29534047171663236,0.8583408264483308,0.8915826622244679,4.087337268801575,4.245631724878419
20261,3110346,4.19민주묘지역 2번,강북구,골목상권,CS100009,호프-간이주점,6,0.1320504149451818,0.17286133839789417,0.24891007093840561,2.8810223066315697,4.14850118230676
20261,3110346,4.19민주묘지역 2번,강북구,골목상권,CS100010,커피-음료,10,0.19940856318391517,0.451786665089495,0.5219013470704339,4.51786665089495,5.219013470704339
20261,3110348,강북문화예술회관,강북구,골목상권,CS100001,한식음식점,11,0.261672868278019,0.484167709387777,0.5278008403519223,4.401524630797972,4.798189457744749
20261,3110348,강북문화예술회관,강북구,골목상권,CS100009,호프-간이주점,5,0.11164558309425637,0.14709266472318555,0.24133859900708923,2.941853294463711,4.8267719801417845
20261,3110348,강북문화예술회관,강북구,골목상권,CS100010,커피-음료,7,0.15931502908364634,0.33653234090049927,0.4217483632522687,4.8076048700071325,6.024976617889553
20261,3110350,가오리역 2번,강북구,골목상권,CS100001,한식음식점,11,0.3089009278109682,0.4238998084856428,0.4863943875712985,3.853634622596753,4.421767159739077
20261,3110350,가오리역 2번,강북구,골목상권,CS100010,커피-음료,7,0.13187996040797326,0.2839545564724605,0.38658076564014987,4.056493663892293,5.522582366287855
20261,3110351,수유북부시장옆,강북구,골목상권,CS100001,한식음식점,8,0.17188604788713,0.3085785019953577,0.36278149383399655,3.857231274941971,4.534768672924957
20261,3110351,수유북부시장옆,강북구,골목상권,CS100010,커피-음료,5,0.13756502023426145,0.19793243800218402,0.2817418350164941,3.95864876004368,5.634836700329881
20261,3110352,수유1동주민센터,강북구,골목상권,CS100001,한식음식점,12,0.2175262342603203,0.49002115963349496,0.5262234504589534,4.083509663612458,4.385195420491278
20261,3110352,수유1동주민센터,강북구,골목상권,CS100008,분식전문점,7,0.2621689594423082,0.25777285578831016,0.3973234197150845,3.6824693684044307,5.676048853072635
20261,3110353,수유동우체국,강북구,골목상권,CS100001,한식음식점,10,0.11952209316890239,0.3895613391396221,0.46466090025979007,3.8956133913962208,4.6466090025979
20261,3110353,수유동우체국,강북구,골목상권,CS100007,치킨전문점,5,0.20714735237912518,0.12625092737496812,0.30790587805520087,2.5250185474993625,6.158117561104017
20261,3110354,삼각산119안전센터,강북구,골목상권,CS100001,한식음식점,5,0.10393720339592047,0.14901213208757083,0.20197975330390444,2.9802426417514165,4.039595066078089
20261,3110355,삼양사거리역 2번,강북구,골목상권,CS100001,한식음식점,10,0.16576173211803996,0.40330803959511236,0.44321801766868174,4.033080395951123,4.432180176686817
20261,3110356,덕수교,강북구,골목상권,CS100001,한식음식점,8,0.12058415661427006,0.3251746717010563,0.36088468210906105,4.064683396263204,4.511058526363263
20261,3110356,덕수교,강북구,골목상권,CS100009,호프-간이주점,5,0.12775142899177805,0.13918283243393403,0.23352212917941179,2.7836566486786807,4.670442583588236
20261,3110357,가오리역 1번,강북구,골목상권,CS100001,한식음식점,9,0.1872926074288078,0.3445991828023243,0.4156378813410578,3.8288798089147145,4.618198681567309
20261,3110358,인수동 우편취급국,강북구,골목상권,CS100001,한식음식점,14,0.29325695835118953,0.5587770470205237,0.6150090063142792,3.9912646215751693,4.3929214736734234
20261,3110358,인수동 우편취급국,강북구,골목상권,CS100009,호프-간이주점,6,0.18088454189410402,0.1667577194851673,0.2654885494631366,2.779295324752788,4.4248091577189435
20261,3110358,인수동 우편취급국,강북구,골목상권,CS100010,커피-음료,6,0.20236578414635145,0.2514860125292746,0.31892707181428376,4.191433542154577,5.315451196904729
20261,3110359,수유시장옆,강북구,골목상권,CS100001,한식음식점,20,0.3004607716412157,0.8413194215224831,1.0026631238463404,4.206597107612415,5.013315619231702
20261,3110359,수유시장옆,강북구,골목상권,CS100010,커피-음료,5,0.1526010409522767,0.23145300516248432,0.2926011115635794,4.629060103249687,5.8520222312715875
20261,3110360,수유초등학교,강북구,골목상권,CS100001,한식음식점,31,0.3559456614128537,1.184182975768312,1.4165997107204356,3.819945083123587,4.569676486194953
20261,3110360,수유초등학교,강북구,골목상권,CS100009,호프-간이주점,5,0.12558964148879492,0.14096990842974738,0.2147947400138103,2.819398168594948,4.295894800276206
20261,3110360,수유초등학교,강북구,골목상권,CS100010,커피-음료,6,0.25654787992983025,0.2670083759630287,0.316230188503733,4.450139599383811,5.2705031417288835
20261,3110361,삼양사거리역 1번,강북구,골목상권,CS100001,한식음식점,6,0.24543802467153542,0.2496013904701626,0.27125520801985886,4.160023174502711,4.5209201336643146
20261,3110362,우이천 계성교,강북구,골목상권,CS100001,한식음식점,21,0.2839562301736285,0.7749077900437186,0.9393652983350066,3.6900370954462787,4.473168087309555
20261,3110362,우이천 계성교,강북구,골목상권,CS100007,치킨전문점,5,0.16006193157987184,0.13601772929088654,0.2847586527016594,2.720354585817731,5.695173054033188
20261,3110362,우이천 계성교,강북구,골목상권,CS100010,커피-음료,5,0.13320287434675737,0.20789820255773903,0.2609644605481133,4.157964051154781,5.219289210962265
20261,3110364,미아역 8번,강북구,골목상권,CS100001,한식음식점,19,0.29817647748875337,0.773751396583433,0.8975217561565152,4.072375771491752,4.7237987166132385
20261,3110364,미아역 8번,강북구,골목상권,CS100008,분식전문점,8,0.2113920678445425,0.2941123813820936,0.4767414836855926,3.6764047672761704,5.959268546069907
20261,3110364,미아역 8번,강북구,골목상권,CS100009,호프-간이주점,7,0.12787455828442565,0.20884191160463228,0.33153368223653695,2.9834558800661752,4.736195460521957
20261,3110365,미아역 5번,강북구,골목상권,CS100001,한식음식점,14,0.22544018906294988,0.6037215383530468,0.6727732608209432,4.3122967025217624,4.805523291578166
20261,3110365,미아역 5번,강북구,골목상권,CS100007,치킨전문점,5,0.17078230651587864,0.15874428210541017,0.3158483061950685,3.1748856421082037,6.31696612390137
20261,3110365,미아역 5번,강북구,골목상권,CS100010,커피-음료,5,0.13336655430909464,0.24263492037463877,0.28945628889313474,4.852698407492776,5.7891257778626946
20261,3110366,광산사거리,강북구,골목상권,CS100001,한식음식점,24,0.4115396447347092,0.8656462899225812,1.081216238616623,3.6068595413440883,4.505067660902596
20261,3110366,광산사거리,강북구,골목상권,CS100007,치킨전문점,5,0.10919661576313106,0.1346817051983218,0.2843030797508133,2.6936341039664358,5.686061595016266
20261,3110366,광산사거리,강북구,골목상권,CS100010,커피-음료,5,0.11837588646444654,0.21381445378509314,0.26198704746988,4.276289075701863,5.2397409493976
20261,3110367,강북구청,강북구,골목상권,CS100001,한식음식점,24,0.2874036792307575,0.94154880286011,1.1014777943654737,3.923120011917125,4.58949080985614
20261,3110367,강북구청,강북구,골목상권,CS100009,호프-간이주점,13,0.24114458348272844,0.3405490041619305,0.6085053866491204,2.6196077243225426,4.680810666531695
20261,3110367,강북구청,강북구,골목상권,CS100010,커피-음료,10,0.20877891601697768,0.4121806552144553,0.5541290793509633,4.1218065521445535,5.541290793509633
20261,3110368,송천초등학교,강북구,골목상권,CS100001,한식음식점,14,0.2873456403485429,0.6249015248306659,0.7299088105653674,4.463582320219041,5.213634361181196
20261,3110369,성신여대운정그린캠퍼스,강북구,골목상권,CS100001,한식음식점,51,0.44639591367458936,1.8941230542976857,2.351235256870763,3.7139667731327175,4.610265209550516
20261,3110369,성신여대운정그린캠퍼스,강북구,골목상권,CS100004,양식음식점,5,0.13118450943578808,0.1924009301629737,0.25226710764969945,3.848018603259474,5.045342152993989
20261,3110369,성신여대운정그린캠퍼스,강북구,골목상권,CS100007,치킨전문점,9,0.40072769655994583,0.26042453445443214,0.5200398243703385,2.8936059383825796,5.778220270781539
20261,3110369,성신여대운정그린캠퍼스,강북구,골목상권,CS100008,분식전문점,5,0.11693860304456234,0.19436126976537763,0.26470007751061414,3.8872253953075524,5.294001550212283
20261,3110369,성신여대운정그린캠퍼스,강북구,골목상권,CS100009,호프-간이주점,8,0.22076500575592586,0.22229952704054684,0.3466448485546535,2.7787440880068357,4.333060606933168
20261,3110369,성신여대운정그린캠퍼스,강북구,골목상권,CS100010,커피-음료,13,0.2985417100342903,0.5523382140376305,0.7046427913489337,4.248755492597158,5.420329164222567
20261,3110370,도봉세무서,강북구,골목상권,CS100001,한식음식점,20,0.2896326472559032,0.757384823176177,0.9354469825995422,3.7869241158808844,4.677234912997711
20261,3110370,도봉세무서,강북구,골목상권,CS100010,커피-음료,9,0.28090915414309875,0.3687778228430311,0.5135525698236681,4.097531364922568,5.7061396647074245
20261,3110371,삼양입구사거리,강북구,골목상권,CS100001,한식음식점,30,0.28654445957388025,1.1314590611850617,1.3383100596992348,3.7715302039502054,4.461033532330783
20261,3110371,삼양입구사거리,강북구,골목상권,CS100007,치킨전문점,5,0.12852015922364526,0.13767677752581664,0.27567904798767867,2.753535550516333,5.513580959753574
20261,3110371,삼양입구사거리,강북구,골목상권,CS100009,호프-간이주점,8,0.21067721914152965,0.2198300694775917,0.3484878916816146,2.7478758684698965,4.3560986460201825
20261,3110371,삼양입구사거리,강북구,골목상권,CS100010,커피-음료,5,0.12981724177240025,0.21856929226005287,0.2540399488282106,4.371385845201058,5.080798976564212
20261,3110372,강북중학교,강북구,골목상권,CS100001,한식음식점,26,0.33093040694807846,1.0290223084335595,1.2403697140064247,3.957778109359844,4.770652746178556
20261,3110372,강북중학교,강북구,골목상권,CS100010,커피-음료,8,0.19636258988935495,0.3649227148107591,0.45595083876490106,4.561533935134489,5.6993854845612635
20261,3110373,수유역 2번,강북구,골목상권,CS100001,한식음식점,20,0.3063054448934441,0.8136393958741477,0.9855551792538811,4.068196979370739,4.927775896269406
20261,3110373,수유역 2번,강북구,골목상권,CS100008,분식전문점,9,0.29662724050585576,0.3384274502281813,0.5643818719016893,3.760305002535348,6.270909687796548
20261,3110373,수유역 2번,강북구,골목상권,CS100009,호프-간이주점,6,0.16107692073675303,0.171163745527493,0.2898039394352291,2.8527290921248833,4.830065657253818
20261,3110373,수유역 2번,강북구,골목상권,CS100010,커피-음료,6,0.202809647188067,0.2749761761602784,0.3513496889920665,4.582936269337973,5.855828149867775
20261,3110374,송중초등학교,강북구,골목상권,CS100001,한식음식점,26,0.4092118977984079,1.0449656978170057,1.2562778182808465,4.019098837757714,4.83183776261864
20261,3110375,서울북부고용노동지청,강북구,골목상권,CS100001,한식음식점,8,0.13020308267676553,0.3008619227824865,0.35079568037519737,3.7607740347810816,4.384946004689967
20261,3110376,수송초등학교,강북구,골목상권,CS100001,한식음식점,49,0.4512102016685614,2.0187456006176974,2.3398168752743236,4.119888980852444,4.775136480151681
20261,3110376,수송초등학교,강북구,골목상권,CS100008,분식전문점,10,0.3117924979953122,0.39095795252546495,0.5729298259659893,3.9095795252546495,5.729298259659893
20261,3110376,수송초등학교,강북구,골목상권,CS100009,호프-간이주점,17,0.3201365987177346,0.48676619667529586,0.8038570967010491,2.8633305686782107,4.728571157064994
20261,3110376,수송초등학교,강북구,골목상권,CS100010,커피-음료,16,0.36315209967162,0.7263515111270679,0.9110990621442124,4.539696944544174,5.694369138401328
20261,3110377,미아사거리역 3번,강북구,골목상권,CS100001,한식음식점,20,0.2589417764202101,0.7460756096785804,0.8710694193180979,3.7303780483929025,4.3553470965904895
20261,3110377,미아사거리역 3번,강북구,골목상권,CS100009,호프-간이주점,10,0.20188501731680858,0.2610503591424016,0.44440932400605276,2.610503591424016,4.4440932400605275
20261,3110378,송중동주민센터,강북구,골목상권,CS100001,한식음식점,10,0.159980109320775,0.40966210791975444,0.45255986576402407,4.096621079197544,4.525598657640241
20261,3110381,번동주공2단지,강북구,골목상권,CS100001,한식음식점,10,0.14227812891425626,0.3568669256589475,0.4133542673066767,3.5686692565894753,4.133542673066767
20261,3110383,덕성여대시반거리,도봉구,골목상권,CS100001,한식음식점,7,0.1553837995338295,0.28011267053615463,0.27105430106323036,4.001609579087924,3.872204300903291
20261,3110383,덕성여대시반거리,도봉구,골목상권,CS100003,일식음식점,5,0.11556007244628497,0.14334173019232058,0.24519275555605816,2.8668346038464114,4.903855111121163
20261,3110383,덕성여대시반거리,도봉구,골목상권,CS100004,양식음식점,6,0.13308808777177022,0.19331934157472078,0.2910790708638206,3.221989026245346,4.851317847730344
20261,3110383,덕성여대시반거리,도봉구,골목상권,CS100010,커피-음료,13,0.26109960452333403,0.4560687875493809,0.666469255848037,3.508221442687545,5.126686583446438
20261,3110387,쌍문초등학교,도봉구,골목상권,CS100001,한식음식점,15,0.26918103205650007,0.6288754810578443,0.6647228861907788,4.192503207052296,4.431485907938526
20261,3110387,쌍문초등학교,도봉구,골목상권,CS100010,커피-음료,5,0.1258557417634441,0.24355731290506286,0.26670659269154445,4.871146258101257,5.334131853830889
20261,3110388,도봉우체국,도봉구,골목상권,CS100001,한식음식점,5,0.10416221200216691,0.207846872442307,0.2193772815566893,4.15693744884614,4.387545631133786
20261,3110389,한일병원,도봉구,골목상권,CS100001,한식음식점,7,0.1522450886050725,0.2906142351194616,0.3005354363378248,4.151631930278023,4.29336337625464
20261,3110389,한일병원,도봉구,골목상권,CS100010,커피-음료,5,0.14561158283944323,0.19921055757206624,0.2669657653003003,3.9842111514413245,5.339315306006006
20261,3110390,방학초등학교,도봉구,골목상권,CS100001,한식음식점,20,0.2542769549649235,0.7055014535505515,0.8811897265795345,3.5275072677527572,4.405948632897673
20261,3110390,방학초등학교,도봉구,골목상권,CS100010,커피-음료,6,0.15172716275784587,0.24146383413070532,0.3147211965269881,4.024397235511755,5.245353275449801
20261,3110391,샘말어린이공원,도봉구,골목상권,CS100001,한식음식점,11,0.2104454651861011,0.46362443027226574,0.4602188229263514,4.214767547929688,4.18380748114865
20261,3110394,방학중학교,도봉구,골목상권,CS100001,한식음식점,31,0.30594163742019787,1.1953970451262328,1.4232136925060697,3.856119500407203,4.591011911309902
20261,3110394,방학중학교,도봉구,골목상권,CS100010,커피-음료,8,0.2769394708393027,0.35945011843589864,0.4333926071346676,4.4931264804487325,5.417407589183345
20261,3110395,신한은행 방학동지점,도봉구,골목상권,CS100001,한식음식점,14,0.2534560751383277,0.4943124184640752,0.575834108396169,3.530802989029109,4.11310077425835
20261,3110395,신한은행 방학동지점,도봉구,골목상권,CS100009,호프-간이주점,9,0.207551732240108,0.2089523205297189,0.3818522777911731,2.32169245033021,4.24280308656859
20261,3110396,쌍문역1번(쌍리단길),도봉구,골목상권,CS100001,한식음식점,21,0.3027495188233753,0.7587778369907817,0.92924652291549,3.6132277951941987,4.424983442454714
20261,3110396,쌍문역1번(쌍리단길),도봉구,골목상권,CS100005,제과점,5,0.11353520503394604,0.14219514435414832,0.24488023338032205,2.843902887082966,4.897604667606441
20261,3110396,쌍문역1번(쌍리단길),도봉구,골목상권,CS100008,분식전문점,7,0.1358038148163129,0.2407848037709955,0.3865619880642709,3.439782911014221,5.52231411520387
20261,3110396,쌍문역1번(쌍리단길),도봉구,골목상권,CS100009,호프-간이주점,5,0.10865253543898615,0.13078554835081793,0.21391308907076062,2.6157109670163585,4.278261781415212
20261,3110396,쌍문역1번(쌍리단길),도봉구,골목상권,CS100010,커피-음료,8,0.25367335960223664,0.3341645939044155,0.4303246147972313,4.177057423805194,5.379057684965391
20261,3110397,도봉산입구,도봉구,골목상권,CS100001,한식음식점,67,0.4753275473204432,2.8174486638809046,2.8891375484134225,4.205147259523738,4.312145594646899
20261,3110397,도봉산입구,도봉구,골목상권,CS100007,치킨전문점,8,0.19919523713889023,0.26117951399925715,0.41896627100435424,3.2647439249907144,5.237078387554428
20261,3110397,도봉산입구,도봉구,골목상권,CS100008,분식전문점,7,0.14864193731696038,0.3245071975941372,0.3510066789057366,4.635817108487674,5.014381127224809
20261,3110397,도봉산입구,도봉구,골목상권,CS100009,호프-간이주점,18,0.3212453129552249,0.5422714716688624,0.7565208814620504,3.0126192870492354,4.20289378590028
20261,3110397,도봉산입구,도봉구,골목상권,CS100010,커피-음료,13,0.29086933694179395,0.6342290552233427,0.6462909797642143,4.87868504017956,4.971469075109341
20261,3110398,쌍문2동우체국,도봉구,골목상권,CS100001,한식음식점,40,0.30337705883412597,1.528081718675086,1.8363512062194531,3.8202042966877148,4.590878015548633
20261,3110398,쌍문2동우체국,도봉구,골목상권,CS100008,분식전문점,6,0.142641145784647,0.21705021238574518,0.3224248276513206,3.61750353976242,5.37374712752201
20261,3110398,쌍문2동우체국,도봉구,골목상권,CS100009,호프-간이주점,5,0.11533694685330792,0.14858075497507353,0.21309458812634435,2.9716150995014705,4.261891762526887
20261,3110398,쌍문2동우체국,도봉구,골목상권,CS100010,커피-음료,7,0.13021601961827842,0.3100215710032559,0.3674391933475739,4.428879585760798,5.24913133353677
20261,3110399,창2동주민센터,도봉구,골목상권,CS100001,한식음식점,19,0.26345050672026654,0.7874731617165405,0.8602926309187608,4.144595587981792,4.527855952204004
20261,3110399,창2동주민센터,도봉구,골목상권,CS100005,제과점,6,0.15635597108262156,0.19461270876933986,0.3072403358058536,3.2435451461556646,5.120672263430893
20261,3110399,창2동주민센터,도봉구,골목상권,CS100010,커피-음료,8,0.1820024713376701,0.37584085158578395,0.44256946247616213,4.6980106448223,5.532118280952027
20261,3110400,도봉구보건소,도봉구,골목상권,CS100001,한식음식점,34,0.29201873387972904,1.3598887615792712,1.4897395606912724,3.999672828174327,4.381586943209625
20261,3110400,도봉구보건소,도봉구,골목상권,CS100005,제과점,5,0.16680543431273068,0.18172966514035763,0.2383162947993568,3.634593302807153,4.766325895987135
20261,3110400,도봉구보건소,도봉구,골목상권,CS100007,치킨전문점,10,0.22896555305139113,0.2787597865713296,0.5626705451644457,2.787597865713296,5.626705451644457
20261,3110400,도봉구보건소,도봉구,골목상권,CS100008,분식전문점,8,0.23536215073418967,0.3005317432429479,0.4247051286291654,3.756646790536849,5.308814107864567
20261,3110400,도봉구보건소,도봉구,골목상권,CS100009,호프-간이주점,7,0.20848312604042168,0.2021443017041744,0.29303026502557106,2.887775738631063,4.186146643222443
20261,3110400,도봉구보건소,도봉구,골목상권,CS100010,커피-음료,10,0.3278890616895563,0.44254616033581873,0.5185043895940394,4.425461603358187,5.185043895940394
20261,3110401,도봉구민회관,도봉구,골목상권,CS100001,한식음식점,8,0.10882150735722183,0.28281459738374864,0.344422334422784,3.535182467296858,4.3052791802848
20261,3110402,도봉구 정병원,도봉구,골목상권,CS100001,한식음식점,27,0.3119920683172423,1.0153381544743414,1.1137582658426468,3.7605116832383017,4.125030614232025
20261,3110402,도봉구 정병원,도봉구,골목상권,CS100009,호프-간이주점,8,0.2393674499978897,0.2132240196470977,0.32364277090429994,2.665300245588721,4.045534636303749
20261,3110402,도봉구 정병원,도봉구,골목상권,CS100010,커피-음료,8,0.20284343207223537,0.34800322047093324,0.3932770684921924,4.3500402558866655,4.915963356152405
20261,3110403,방학1동주민센터,도봉구,골목상권,CS100001,한식음식점,58,0.4536959717901641,2.3349475644668227,2.7740892411170863,4.025771662873832,4.782912484684632
20261,3110403,방학1동주민센터,도봉구,골목상권,CS100007,치킨전문점,6,0.23164976559612066,0.18982595212103553,0.3451989227656711,3.163765868683926,5.7533153794278515
20261,3110403,방학1동주민센터,도봉구,골목상권,CS100009,호프-간이주점,17,0.30029656983832037,0.4821275925360475,0.7960386273601993,2.83604466197675,4.682580160942348
20261,3110403,방학1동주민센터,도봉구,골목상권,CS100010,커피-음료,7,0.13102477200575294,0.34763071709001264,0.3750661251047546,4.9661531012858955,5.358087501496494
20261,3110404,신창초등학교,도봉구,골목상권,CS100001,한식음식점,53,0.3566225262164007,2.2969793863286094,2.355733095295839,4.3339233704313385,4.444779425086489
20261,3110404,신창초등학교,도봉구,골목상권,CS100005,제과점,5,0.10830680803485951,0.20606291373206873,0.2349381949542055,4.121258274641375,4.69876389908411
20261,3110404,신창초등학교,도봉구,골목상권,CS100007,치킨전문점,7,0.212070662092112,0.2385333823174067,0.3816069416506319,3.407619747391524,5.45152773786617
20261,3110404,신창초등학교,도봉구,골목상권,CS100008,분식전문점,9,0.24529876142879706,0.38607554258800175,0.47592560227447234,4.289728250977797,5.288062247494137
20261,3110404,신창초등학교,도봉구,골목상권,CS100009,호프-간이주점,21,0.36454026892666835,0.6352286426769488,0.9346629121776515,3.0248982984616606,4.450775772274531
20261,3110404,신창초등학교,도봉구,골목상권,CS100010,커피-음료,18,0.28449295412866726,0.8461156657912049,0.9548570478198732,4.700642587728916,5.304761376777074
20261,3110405,방학역 1번,도봉구,골목상권,CS100001,한식음식점,51,0.402194477427655,1.912240312458758,2.2576571944035204,3.749490808742663,4.426778812555923
20261,3110405,방학역 1번,도봉구,골목상권,CS100005,제과점,5,0.13055790635724107,0.16079410034006003,0.23120777370660525,3.2158820068012,4.624155474132105
20261,3110405,방학역 1번,도봉구,골목상권,CS100006,패스트푸드점,7,0.36560873591724874,0.26429126799759245,0.4338427212054335,3.7755895428227495,6.197753160077622
20261,3110405,방학역 1번,도봉구,골목상권,CS100007,치킨전문점,7,0.2081776464116609,0.20298902563407284,0.38030904639473073,2.8998432233438978,5.432986377067582
20261,3110405,방학역 1번,도봉구,골목상권,CS100008,분식전문점,13,0.29962852903602744,0.46448270051658747,0.7031781086295381,3.572943850127596,5.40906237407337
20261,3110405,방학역 1번,도봉구,골목상권,CS100009,호프-간이주점,20,0.3586699269318669,0.5271719125043343,0.8867502617286372,2.6358595625216714,4.433751308643187
20261,3110405,방학역 1번,도봉구,골목상권,CS100010,커피-음료,7,0.18735784245382228,0.34765420897964744,0.3543419328511514,4.966488699709249,5.062027612159305
20261,3110406,도봉산역 1번,도봉구,골목상권,CS100001,한식음식점,62,0.39965769701543635,2.4069815914599704,2.3004780145214068,3.8822283733225325,3.710448410518398
20261,3110406,도봉산역 1번,도봉구,골목상권,CS100009,호프-간이주점,8,0.18767208951317033,0.23639502206246996,0.27538769552532333,2.9549377757808744,3.4423461940665416
20261,3110406,도봉산역 1번,도봉구,골목상권,CS100010,커피-음료,10,0.20702068659630074,0.504360585552808,0.4285442042752316,5.043605855528081,4.285442042752316
20261,3110407,도봉역 2번,도봉구,골목상권,CS100001,한식음식점,54,0.3836720824028848,2.1988023769800162,2.1887903085311264,4.071856253666697,4.0533153861687525
20261,3110407,도봉역 2번,도봉구,골목상권,CS100009,호프-간이주점,17,0.31842888649237533,0.48462972313045066,0.6778298735866471,2.850763077237945,3.9872345505096893
20261,3110407,도봉역 2번,도봉구,골목상권,CS100010,커피-음료,15,0.2957451432272244,0.6747093200880269,0.7160657021260088,4.498062133920179,4.773771347506726
20261,3110408,가인초등학교,도봉구,골목상권,CS100001,한식음식점,7,0.10312123886092667,0.2582687592432459,0.2844333550926001,3.689553703474941,4.063333644180001
20261,3110408,가인초등학교,도봉구,골목상권,CS100010,커피-음료,8,0.2048339433877671,0.28476557174456746,0.4199295109226006,3.5595696468070934,5.249118886532508
20261,3110409,창동역 2번,도봉구,골목상권,CS100001,한식음식점,30,0.38760776078141546,1.0569626746716663,1.348319494755323,3.5232089155722206,4.494398315851076
20261,3110409,창동역 2번,도봉구,골목상권,CS100005,제과점,5,0.13554763097261188,0.1435241269356566,0.2430037575943285,2.8704825387131323,4.86007515188657
20261,3110409,창동역 2번,도봉구,골목상권,CS100008,분식전문점,5,0.17018114989556007,0.17645292322668943,0.26742125053651983,3.529058464533789,5.348425010730397
20261,3110409,창동역 2번,도봉구,골목상권,CS100009,호프-간이주점,9,0.19892111898842796,0.22925012091868227,0.3982396595501434,2.547223565763136,4.424885106112705
20261,3110409,창동역 2번,도봉구,골목상권,CS100010,커피-음료,11,0.2246429503720231,0.4410516534047072,0.5977950306482008,4.009560485497339,5.434500278620007
20261,3110410,방학역 2번,도봉구,골목상권,CS100001,한식음식점,44,0.38287687190150194,1.6910840397841365,1.8495643193058307,3.843372817691219,4.203555271149615
20261,3110410,방학역 2번,도봉구,골목상권,CS100006,패스트푸드점,7,0.13261895019288017,0.24335179916078206,0.4103686568024116,3.476454273725458,5.8624093828915935
20261,3110410,방학역 2번,도봉구,골목상권,CS100007,치킨전문점,7,0.147634755605022,0.19731382022569727,0.362575341281766,2.8187688603671037,5.179647732596657
20261,3110410,방학역 2번,도봉구,골목상권,CS100008,분식전문점,9,0.2164141809040078,0.3422558092720089,0.45676280947809,3.8028423252445434,5.0751423275343335
20261,3110410,방학역 2번,도봉구,골목상권,CS100009,호프-간이주점,17,0.30478528485740913,0.4439592217893442,0.7113620909599958,2.6115248340549657,4.184482887999976
20261,3110410,방학역 2번,도봉구,골목상권,CS100010,커피-음료,16,0.2655353907688663,0.6788410652447638,0.8091287032010016,4.242756657779774,5.05705439500626
20261,3110411,도봉역 3번,도봉구,골목상권,CS100001,한식음식점,23,0.3493338625902781,0.8707704078141426,1.037177848672541,3.785958294844098,4.509468907271917
20261,3110411,도봉역 3번,도봉구,골목상권,CS100009,호프-간이주점,6,0.17683978736828226,0.16823184461334573,0.2643711916044167,2.8038640768890954,4.406186526740278
20261,3110413,누원고등학교,도봉구,골목상권,CS100001,한식음식점,6,0.11308376769476099,0.2064094434380765,0.22494568647391613,3.440157390634608,3.7490947745652687
20261,3110413,누원고등학교,도봉구,골목상권,CS100010,커피-음료,6,0.21638565268381335,0.22969388458603276,0.29355755306163817,3.8282314097672123,4.892625884360636
20261,3110415,수락산역 4번,노원구,골목상권,CS100001,한식음식점,36,0.29017993561115324,1.415581436576937,1.4266758146434493,3.9321706571581587,3.9629883740095817
20261,3110415,수락산역 4번,노원구,골목상권,CS100005,제과점,7,0.2964988416823004,0.232012078457948,0.30517215996168995,3.314458263684971,4.359602285166999
20261,3110415,수락산역 4번,노원구,골목상권,CS100006,패스트푸드점,7,0.15803661637002128,0.2594436799070152,0.3954473015372073,3.7063382843859314,5.649247164817247
20261,3110415,수락산역 4번,노원구,골목상권,CS100007,치킨전문점,9,0.25100129083730066,0.2615900999317798,0.4560412891145443,2.9065566659086643,5.067125434606048
20261,3110415,수락산역 4번,노원구,골목상권,CS100008,분식전문점,13,0.26442126177059283,0.4823565130241555,0.6462088659735062,3.710434715570427,4.970837430565433
20261,3110415,수락산역 4번,노원구,골목상권,CS100009,호프-간이주점,6,0.1284664930024521,0.18151597899776933,0.2254714082445776,3.025266316629489,3.7578568040762934
20261,3110415,수락산역 4번,노원구,골목상권,CS100010,커피-음료,18,0.26999928201703793,0.8204076623011209,0.8863787518995397,4.557820346117339,4.924326399441887
20261,3110416,노원초등학교,노원구,골목상권,CS100001,한식음식점,21,0.2424017712155288,0.8306037267089867,0.8381795532326856,3.955255841471365,3.9913312058699315
20261,3110416,노원초등학교,노원구,골목상권,CS100007,치킨전문점,5,0.16262142431656815,0.13661535962905796,0.25169569642949313,2.732307192581159,5.033913928589863
20261,3110416,노원초등학교,노원구,골목상권,CS100009,호프-간이주점,7,0.13456668219795515,0.1993361196836925,0.2772106522226679,2.847658852624179,3.9601521746095414
20261,3110416,노원초등학교,노원구,골목상권,CS100010,커피-음료,5,0.12896542863828656,0.2252688919896628,0.23322111369858806,4.505377839793256,4.664422273971761
20261,3110417,월계역 3번,노원구,골목상권,CS100001,한식음식점,7,0.19438258542022424,0.26891000644266166,0.2803058746601131,3.8415715206094525,4.004369638001616
20261,3110418,광운대학교 남단,노원구,골목상권,CS100001,한식음식점,9,0.19205962443035987,0.37639509391016757,0.3252810867793072,4.1821677101129735,3.614234297547858
20261,3110418,광운대학교 남단,노원구,골목상권,CS100008,분식전문점,6,0.1889646885933068,0.21839272275855254,0.28221578371083933,3.6398787126425423,4.703596395180655
20261,3110419,수락산디자인거리,노원구,골목상권,CS100001,한식음식점,69,0.3762433985520685,2.4780248208962963,2.548959131443577,3.59134032013956,3.694143668758807
20261,3110419,수락산디자인거리,노원구,골목상권,CS100005,제과점,8,0.20071768271685567,0.2439540232144378,0.31238372400164394,3.0494252901804724,3.9047965500205493
20261,3110419,수락산디자인거리,노원구,골목상권,CS100007,치킨전문점,10,0.21797191271424454,0.26156684090452065,0.45138595770425244,2.6156684090452065,4.513859577042524
20261,3110419,수락산디자인거리,노원구,골목상권,CS100008,분식전문점,10,0.21820635341307174,0.35660260080850453,0.4342153360042017,3.566026008085045,4.342153360042017
20261,3110419,수락산디자인거리,노원구,골목상권,CS100009,호프-간이주점,26,0.4155457412616597,0.638833471695951,0.9551745752933547,2.457051814215196,3.673748366512903
20261,3110419,수락산디자인거리,노원구,골목상권,CS100010,커피-음료,22,0.35861078817379105,0.8596479806236188,0.9655539270821264,3.9074908210164487,4.388881486736938
20261,3110420,광운대역 1번,노원구,골목상권,CS100001,한식음식점,29,0.30013690291339357,1.0700163727857899,1.0758337767171007,3.689711630295827,3.7097716438520716
20261,3110420,광운대역 1번,노원구,골목상권,CS100004,양식음식점,5,0.15800221910932916,0.17646305786148642,0.20983334869748915,3.529261157229728,4.196666973949783
20261,3110420,광운대역 1번,노원구,골목상권,CS100006,패스트푸드점,5,0.11125995918893837,0.180697155834609,0.2633711577640859,3.6139431166921794,5.267423155281717
20261,3110420,광운대역 1번,노원구,골목상권,CS100008,분식전문점,8,0.19213126914257983,0.28848549650289573,0.3662592988798527,3.6060687062861967,4.578241235998159
20261,3110420,광운대역 1번,노원구,골목상권,CS100009,호프-간이주점,5,0.11191396551703632,0.1333605593423375,0.1747707117133111,2.66721118684675,3.4954142342662218
20261,3110420,광운대역 1번,노원구,골목상권,CS100010,커피-음료,16,0.3300491100014749,0.644853768084801,0.7369444120487605,4.030336050530006,4.605902575304753
20261,3110421,석계역 1번,노원구,골목상권,CS100001,한식음식점,45,0.32589359418941444,1.5524526453844631,1.6444588307930172,3.4498947675210294,3.6543529573178164
20261,3110421,석계역 1번,노원구,골목상권,CS100002,중식음식점,6,0.1273489330595117,0.20449013927817628,0.2614848268436701,3.408168987969604,4.358080447394501
20261,3110421,석계역 1번,노원구,골목상권,CS100006,패스트푸드점,8,0.19858448513250734,0.27152851224322877,0.416377135865867,3.3941064030403596,5.204714198323337
20261,3110421,석계역 1번,노원구,골목상권,CS100007,치킨전문점,5,0.1551790719488562,0.13348551485850788,0.22054303062671127,2.669710297170157,4.410860612534226
20261,3110421,석계역 1번,노원구,골목상권,CS100008,분식전문점,6,0.17522822664081095,0.2052732513925922,0.2559776570969392,3.4212208565432034,4.266294284948987
20261,3110421,석계역 1번,노원구,골목상권,CS100009,호프-간이주점,8,0.1965364518743971,0.21012759069101267,0.27821438981663815,2.6265948836376585,3.4776798727079767
20261,3110421,석계역 1번,노원구,골목상권,CS100010,커피-음료,7,0.13260602924743836,0.30813154265362985,0.2938284370659061,4.401879180766141,4.197549100941516
20261,3110422,노원역 9번,노원구,골목상권,CS100001,한식음식점,5,0.2350338882665939,0.19655135501728413,0.20385602712288464,3.9310271003456827,4.077120542457693
20261,3110423,석계역 2번,노원구,골목상권,CS100001,한식음식점,25,0.3379182415989543,0.829301503545365,0.8868863528226877,3.3172060141814597,3.5475454112907507
20261,3110423,석계역 2번,노원구,골목상권,CS100008,분식전문점,8,0.23664669942626435,0.25002202351469227,0.35250488540376335,3.125275293933653,4.406311067547042
20261,3110423,석계역 2번,노원구,골목상권,CS100009,호프-간이주점,8,0.2152245299741082,0.18972596825120017,0.2803906484429257,2.3715746031400022,3.5048831055365715
20261,3110424,상계초등학교,노원구,골목상권,CS100001,한식음식점,44,0.4141727361708459,1.8448389313423026,1.829881141999996,4.192815753050687,4.158820777272719
20261,3110424,상계초등학교,노원구,골목상권,CS100002,중식음식점,8,0.21597680423978016,0.3174800870212727,0.40413009209121536,3.968501087765909,5.051626151140192
20261,3110424,상계초등학교,노원구,골목상권,CS100005,제과점,5,0.22418112760627942,0.17198566045686592,0.21835419141007337,3.4397132091373184,4.3670838282014675
20261,3110424,상계초등학교,노원구,골목상권,CS100007,치킨전문점,11,0.41089851702995916,0.3422227394407825,0.5852528631149998,3.111115813098023,5.320480573772725
20261,3110424,상계초등학교,노원구,골목상권,CS100008,분식전문점,9,0.2861007779782232,0.36875355073867816,0.4510849409441278,4.0972616748742015,5.012054899379198
20261,3110424,상계초등학교,노원구,골목상권,CS100010,커피-음료,7,0.13611072040316596,0.3619120308877212,0.33332798747061715,5.170171869824589,4.761828392437388
20261,3110425,계상초등학교,노원구,골목상권,CS100001,한식음식점,31,0.30940102335200254,1.1443879452401147,1.2145917146481446,3.6915740169035955,3.9180377891875633
20261,3110425,계상초등학교,노원구,골목상권,CS100007,치킨전문점,5,0.15861194957155397,0.14147625954153265,0.24320826470596868,2.829525190830653,4.864165294119373
20261,3110425,계상초등학교,노원구,골목상권,CS100009,호프-간이주점,14,0.3019159124613975,0.33898121503038686,0.550001979864855,2.421294393074192,3.92858557046325
20261,3110425,계상초등학교,노원구,골목상권,CS100010,커피-음료,9,0.21849531880244835,0.3540164253671477,0.41457865521694737,3.9335158374127523,4.606429502410527
20261,3110426,상계2동주민센터,노원구,골목상권,CS100001,한식음식점,41,0.38186768557762496,1.667715123476786,1.5632603339269093,4.067597862138502,3.812830082748559
20261,3110426,상계2동주민센터,노원구,골목상권,CS100007,치킨전문점,5,0.2848420229060568,0.15189177604023985,0.23061778246921036,3.037835520804797,4.612355649384208
20261,3110426,상계2동주민센터,노원구,골목상권,CS100009,호프-간이주점,20,0.39442191836012713,0.5470108979090308,0.7720890944544646,2.735054489545154,3.8604454722723234
20261,3110426,상계2동주민센터,노원구,골목상권,CS100010,커피-음료,10,0.2453417116664707,0.4596048519491536,0.4459099210147467,4.596048519491537,4.459099210147468
20261,3110428,상계5동주민센터,노원구,골목상권,CS100001,한식음식점,58,0.4063029749561829,2.4426616682115165,2.5011073974671385,4.211485634847442,4.312254133564032
20261,3110428,상계5동주민센터,노원구,골목상권,CS100005,제과점,8,0.2529382192558469,0.2750415699378217,0.36759941516017725,3.438019624222771,4.594992689502216
20261,3110428,상계5동주민센터,노원구,골목상권,CS100007,치킨전문점,5,0.20242321964441454,0.1750206040336411,0.2577260289233166,3.500412080672822,5.1545205784663315
20261,3110428,상계5동주민센터,노원구,골목상권,CS100009,호프-간이주점,12,0.3086434466053523,0.3648514003987533,0.49457485803113443,3.0404283366562774,4.121457150259453
20261,3110428,상계5동주민센터,노원구,골목상권,CS100010,커피-음료,15,0.298371198232674,0.7215598368234843,0.7611942371264591,4.810398912156563,5.074628247509727
20261,3110429,공릉동 국수거리,노원구,골목상권,CS100001,한식음식점,67,0.428748047519287,2.5308927179321614,2.722557247793559,3.7774518178091965,4.0635182802888945
20261,3110429,공릉동 국수거리,노원구,골목상권,CS100004,양식음식점,8,0.23970142898640837,0.3051282307178544,0.36001100509738637,3.8141028839731796,4.500137563717329
20261,3110429,공릉동 국수거리,노원구,골목상권,CS100005,제과점,8,0.21573668464422655,0.25071539787881725,0.34326244477200724,3.1339424734852157,4.2907805596500905
20261,3110429,공릉동 국수거리,노원구,골목상권,CS100006,패스트푸드점,5,0.2128714882080904,0.1967654774395833,0.272386563145809,3.9353095487916665,5.44773126291618
20261,3110429,공릉동 국수거리,노원구,골목상권,CS100007,치킨전문점,9,0.29289409164661223,0.25899761015868294,0.4470972245001502,2.8777512239853658,4.967746938890557
20261,3110429,공릉동 국수거리,노원구,골목상권,CS100008,분식전문점,9,0.28496065925487496,0.3442828711920584,0.4285122172255035,3.825365235467316,4.761246858061149
20261,3110429,공릉동 국수거리,노원구,골목상권,CS100009,호프-간이주점,6,0.18760030226380545,0.18354439006207943,0.22172730882663388,3.0590731677013236,3.695455147110565
20261,3110429,공릉동 국수거리,노원구,골목상권,CS100010,커피-음료,18,0.3186213798218844,0.7625156499703303,0.8610481698441302,4.236198055390724,4.783600943578501
20261,3110430,중계초등학교,노원구,골목상권,CS100001,한식음식점,7,0.11073192055953661,0.20781509723755498,0.27074759976263674,2.9687871033936424,3.867822853751953
20261,3110430,중계초등학교,노원구,골목상권,CS100010,커피-음료,6,0.15468217168270404,0.18465915413226722,0.29611025181602246,3.07765256887112,4.935170863600375
20261,3110431,상계역,노원구,골목상권,CS100001,한식음식점,85,0.36263835755207163,2.8425181846954564,3.307697259345702,3.3441390408181837,3.891408540406708
20261,3110431,상계역,노원구,골목상권,CS100002,중식음식점,8,0.17944839018082193,0.263871263329538,0.3610674661359312,3.2983907916192248,4.5133433266991405
20261,3110431,상계역,노원구,골목상권,CS100004,양식음식점,6,0.1329014233063747,0.22373585209287078,0.25162188856933715,3.7289308682145133,4.193698142822286
20261,3110431,상계역,노원구,골목상권,CS100005,제과점,5,0.1078290158060075,0.16401491282452146,0.19902438664818317,3.280298256490429,3.980487732963663
20261,3110431,상계역,노원구,골목상권,CS100006,패스트푸드점,5,0.2573456647375638,0.17562618961799173,0.2562796995087741,3.512523792359835,5.125593990175482
20261,3110431,상계역,노원구,골목상권,CS100007,치킨전문점,8,0.18566469035159705,0.2156510993830035,0.37305237784639916,2.6956387422875436,4.663154723079989
20261,3110431,상계역,노원구,골목상권,CS100008,분식전문점,12,0.26216376819654286,0.3942960937619435,0.5469055973038044,3.285800781349529,4.5575466441983705
20261,3110431,상계역,노원구,골목상권,CS100009,호프-간이주점,27,0.45849626463906085,0.6306323390171186,1.0339252194992723,2.3356753296930317,3.8293526648121197
20261,3110431,상계역,노원구,골목상권,CS100010,커피-음료,10,0.21080072426733232,0.414848312346172,0.4354104141140847,4.14848312346172,4.354104141140847
20261,3110432,대진고등학교,노원구,골목상권,CS100001,한식음식점,19,0.2726233320375903,0.6768204844533151,0.6710858420282331,3.5622130760700794,3.532030747517016
20261,3110432,대진고등학교,노원구,골목상권,CS100010,커피-음료,15,0.3503683587318488,0.5669385700253526,0.6738843729310507,3.779590466835684,4.492562486207005
20261,3110433,공릉역 2번,노원구,골목상권,CS100001,한식음식점,18,0.3667050939144593,0.7848640960636288,0.7211495651135602,4.360356089242382,4.006386472853112
20261,3110433,공릉역 2번,노원구,골목상권,CS100004,양식음식점,8,0.26082666134991894,0.30799038812042084,0.38632238036483363,3.8498798515052606,4.829029754560421
20261,3110433,공릉역 2번,노원구,골목상권,CS100006,패스트푸드점,6,0.21262739062352784,0.22831618392314332,0.3536456240791609,3.805269732052389,5.894093734652682
20261,3110433,공릉역 2번,노원구,골목상권,CS100008,분식전문점,6,0.233298114036939,0.23100634084139338,0.29673167426059305,3.8501056806898895,4.945527904343217
20261,3110433,공릉역 2번,노원구,골목상권,CS100009,호프-간이주점,8,0.22025729093471155,0.24406321067657546,0.32399349078048667,3.0507901334571934,4.049918634756083
20261,3110433,공릉역 2번,노원구,골목상권,CS100010,커피-음료,25,0.42270028374284563,1.0139268965886108,1.3070795661770134,4.055707586354443,5.2283182647080535
20261,3110434,태릉입구역 4번,노원구,골목상권,CS100001,한식음식점,8,0.2136759759470733,0.31148994058175156,0.31310181053778535,3.8936242572718944,3.913772631722317
20261,3110434,태릉입구역 4번,노원구,골목상권,CS100008,분식전문점,5,0.1727506960244152,0.16519445268919083,0.2524392213468933,3.3038890537838164,5.048784426937866
20261,3110434,태릉입구역 4번,노원구,골목상권,CS100010,커피-음료,9,0.24837720605363647,0.3469804469258543,0.4561836156578294,3.8553382991761587,5.068706840642548
20261,3110435,서울과학기술대,노원구,골목상권,CS100001,한식음식점,19,0.28746719356696077,0.6697695650666577,0.6733322564694435,3.525102974035041,3.5438539814181236
20261,3110435,서울과학기술대,노원구,골목상권,CS100006,패스트푸드점,8,0.16294497240533654,0.2310582093364752,0.42100855228545686,2.8882276167059397,5.26260690356821
20261,3110435,서울과학기술대,노원구,골목상권,CS100007,치킨전문점,5,0.11887086560316734,0.13473166663757244,0.22859649498824386,2.6946333327514487,4.571929899764878
20261,3110435,서울과학기술대,노원구,골목상권,CS100008,분식전문점,8,0.16682116852264847,0.2470768645885339,0.35610454954118803,3.0884608073566735,4.45130686926485
20261,3110435,서울과학기술대,노원구,골목상권,CS100010,커피-음료,7,0.11779224341313985,0.2882871072324167,0.3012190375307267,4.118387246177381,4.30312910758181
20261,3110436,상계제일중학교,노원구,골목상권,CS100001,한식음식점,7,0.10921645136807673,0.26264674038857255,0.28262544224655284,3.752096291265322,4.037506317807898
20261,3110437,당고개역 2번,노원구,골목상권,CS100001,한식음식점,20,0.3508451781201525,0.8305484954576868,0.7777380211217192,4.152742477288434,3.8886901056085956
20261,3110437,당고개역 2번,노원구,골목상권,CS100009,호프-간이주점,8,0.2233385294173195,0.22442388788426637,0.31027286750991784,2.8052985985533296,3.878410843873973
20261,3110437,당고개역 2번,노원구,골목상권,CS100010,커피-음료,5,0.1377483768106052,0.2284898461739889,0.22696258002637842,4.569796923479778,4.539251600527568
20261,3110438,경춘선숲길 우측,노원구,골목상권,CS100001,한식음식점,55,0.3833080365343591,2.171591068115187,2.1456173512726746,3.9483473965730673,3.9011224568594085
20261,3110438,경춘선숲길 우측,노원구,골목상권,CS100002,중식음식점,5,0.12644653854545965,0.20181633597741547,0.22678642787617978,4.03632671954831,4.535728557523595
20261,3110438,경춘선숲길 우측,노원구,골목상권,CS100003,일식음식점,7,0.1590374819660124,0.25194222872607913,0.3123787795596684,3.5991746960868447,4.462553993709549
20261,3110438,경춘선숲길 우측,노원구,골목상권,CS100004,양식음식점,7,0.16656380101808757,0.2717653928063753,0.30278597415633457,3.88236275437679,4.325513916519065
20261,3110438,경춘선숲길 우측,노원구,골목상권,CS100005,제과점,5,0.20740851975597244,0.17115342859275542,0.20285397376453876,3.4230685718551084,4.057079475290775
20261,3110438,경춘선숲길 우측,노원구,골목상권,CS100006,패스트푸드점,10,0.23873534304839264,0.3493119441205932,0.5480844978249919,3.4931194412059314,5.48084497824992
20261,3110438,경춘선숲길 우측,노원구,골목상권,CS100007,치킨전문점,11,0.2601862807517435,0.3335929201413284,0.5420755442157089,3.032662910375713,4.927959492870081
20261,3110438,경춘선숲길 우측,노원구,골목상권,CS100008,분식전문점,9,0.23470268099894162,0.345942991442012,0.4154861941917193,3.8438110160223555,4.616513268796881
20261,3110438,경춘선숲길 우측,노원구,골목상권,CS100009,호프-간이주점,7,0.14965617515400093,0.21102521880424174,0.2531860465710377,3.014645982917739,3.6169435224433957
20261,3110438,경춘선숲길 우측,노원구,골목상권,CS100010,커피-음료,20,0.3254290082503455,0.9071865095176412,0.9440971172821581,4.535932547588207,4.72048558641079
20261,3110439,당고개역 5번,노원구,골목상권,CS100001,한식음식점,18,0.32213571140091135,0.7014866505022634,0.695720504567039,3.897148058345908,3.8651139142613284
20261,3110439,당고개역 5번,노원구,골목상권,CS100009,호프-간이주점,6,0.1787045601004532,0.16733883277581188,0.22989402518430385,2.7889805462635313,3.831567086405064
20261,3110441,영신여고,노원구,골목상권,CS100001,한식음식점,11,0.1821633832784245,0.41362601769534385,0.43142137323246854,3.7602365245031257,3.9220124839315322
20261,3110441,영신여고,노원구,골목상권,CS100008,분식전문점,6,0.14167883316042332,0.19066629901367255,0.3001291938023304,3.177771650227876,5.002153230038839
20261,3110441,영신여고,노원구,골목상권,CS100010,커피-음료,10,0.21786384565416508,0.3799418566403839,0.5009008894921686,3.7994185664038387,5.009008894921687
20261,3110442,화랑대철도공원,노원구,골목상권,CS100008,분식전문점,5,0.11381066249692164,0.14941156565900657,0.23369670225091882,2.9882313131801315,4.673934045018377
20261,3110442,화랑대철도공원,노원구,골목상권,CS100010,커피-음료,7,0.17092523677492225,0.23963553309001615,0.32112655178536154,3.423364758428802,4.587522168362308
20261,3110443,수색역 1번,은평구,골목상권,CS100001,한식음식점,7,0.1921963604830118,0.2758864037439627,0.29466259367411224,3.9412343391994673,4.2094656239158885
20261,3110444,수색성당,은평구,골목상권,CS100001,한식음식점,5,0.10150045485534528,0.19313515638913353,0.1899544645562914,3.8627031277826704,3.7990892911258274
20261,3110449,증산역 3번,은평구,골목상권,CS100001,한식음식점,16,0.26558929472674897,0.645974967191018,0.6683470996350862,4.037343544943862,4.1771693727192885
20261,3110449,증산역 3번,은평구,골목상권,CS100010,커피-음료,12,0.26087487197613546,0.4963020016005544,0.6317570580056941,4.1358500133379525,5.264642150047451
20261,3110450,시립서북병원,은평구,골목상권,CS100001,한식음식점,32,0.378439487088495,1.361892177843202,1.4688566448741052,4.255913055760006,4.590177015231578
20261,3110450,시립서북병원,은평구,골목상권,CS100007,치킨전문점,5,0.24455144527525693,0.16052639243560093,0.28355723388667525,3.2105278487120184,5.671144677733505
20261,3110450,시립서북병원,은평구,골목상권,CS100008,분식전문점,9,0.23284462838662578,0.3598017357179909,0.5076775942461895,3.9977970635332323,5.640862158290995
20261,3110450,시립서북병원,은평구,골목상권,CS100009,호프-간이주점,9,0.22373436670831612,0.2795809272614322,0.40521220529473984,3.1064547473492468,4.50235783660822
20261,3110450,시립서북병원,은평구,골목상권,CS100010,커피-음료,15,0.29071193475770635,0.6702251165882965,0.8390268909048083,4.468167443921977,5.593512606032055
20261,3110451,증산역 4번,은평구,골목상권,CS100001,한식음식점,14,0.27494287668869133,0.549749757657133,0.6072362307532186,3.9267839832652354,4.337401648237276
20261,3110452,새절역 3번,은평구,골목상권,CS100001,한식음식점,11,0.1840058697556761,0.4370574734179676,0.45420080091730636,3.97324975834516,4.129098190157331
20261,3110452,새절역 3번,은평구,골목상권,CS100008,분식전문점,7,0.15276481322378652,0.2420607074932441,0.374769829693825,3.458010107046344,5.3538547099117855
20261,3110452,새절역 3번,은평구,골목상권,CS100010,커피-음료,6,0.19744335555729145,0.25587040032331276,0.3065295799129085,4.264506672055212,5.108826331881809
20261,3110453,신사1동주민센터,은평구,골목상권,CS100001,한식음식점,27,0.3389816649089121,1.0380707773980764,1.1758386896654067,3.8447065829558382,4.354958109871877
20261,3110453,신사1동주민센터,은평구,골목상권,CS100009,호프-간이주점,7,0.2689482333420917,0.20256183633386918,0.2984185017953763,2.893740519055274,4.263121454219662
20261,3110453,신사1동주민센터,은평구,골목상권,CS100010,커피-음료,15,0.28867582115807505,0.6020307133932051,0.806158780848769,4.013538089288034,5.374391872325127
20261,3110454,선정중학교,은평구,골목상권,CS100001,한식음식점,5,0.1828354270890361,0.22827820630945952,0.22764427440264645,4.565564126189191,4.552885488052929
20261,3110455,역촌노인복지관,은평구,골목상권,CS100001,한식음식점,30,0.35566059186906473,1.2106486413545383,1.354416151699477,4.035495471181794,4.514720505664924
20261,3110455,역촌노인복지관,은평구,골목상권,CS100008,분식전문점,8,0.22274166704327833,0.30607423970409264,0.4425748700071949,3.825927996301158,5.532185875089937
20261,3110455,역촌노인복지관,은평구,골목상권,CS100010,커피-음료,10,0.2161088383835279,0.4401485051117246,0.5384626022814618,4.401485051117246,5.3846260228146186
20261,3110456,구산보건지소,은평구,골목상권,CS100001,한식음식점,18,0.2927538767141474,0.7789959216817376,0.7928293906116793,4.327755120454098,4.404607725620441
20261,3110456,구산보건지소,은평구,골목상권,CS100004,양식음식점,5,0.19079861328557352,0.1978537203370368,0.25704510307187883,3.957074406740736,5.140902061437576
20261,3110456,구산보건지소,은평구,골목상권,CS100005,제과점,6,0.22702408711514613,0.1916717103293006,0.29762146171367176,3.1945285054883437,4.960357695227863
20261,3110456,구산보건지소,은평구,골목상권,CS100007,치킨전문점,5,0.16308788270951358,0.15227135126062616,0.28192882422619026,3.0454270252125233,5.638576484523805
20261,3110456,구산보건지소,은평구,골목상권,CS100009,호프-간이주점,7,0.16627035200768542,0.21978499135912313,0.3100199605535796,3.139785590844616,4.428856579336852
20261,3110456,구산보건지소,은평구,골목상권,CS100010,커피-음료,17,0.3216161307464766,0.7107901150218849,0.9529780591162943,4.181118323658146,5.605753288919378
20261,3110457,예일여고,은평구,골목상권,CS100001,한식음식점,11,0.18007765812191456,0.44121796045189354,0.4909709206945713,4.011072367744487,4.463372006314285
20261,3110457,예일여고,은평구,골목상권,CS100010,커피-음료,6,0.11450571852674173,0.2704595017409556,0.3335660661622779,4.50765836234926,5.559434436037965
20261,3110458,선일여고,은평구,골목상권,CS100001,한식음식점,11,0.2656275661373679,0.4341092046289567,0.478389281576099,3.9464473148086974,4.348993468873627
20261,3110458,선일여고,은평구,골목상권,CS100005,제과점,7,0.15887330997271135,0.21443083513241887,0.3635204103540185,3.063297644748841,5.193148719343121
20261,3110458,선일여고,은평구,골목상권,CS100010,커피-음료,9,0.19677475581481912,0.3783126643964436,0.4995447261060251,4.203474048849373,5.550496956733612
20261,3110459,응암역 2번,은평구,골목상권,CS100001,한식음식점,14,0.2259360559181853,0.5812572654436713,0.6387085531528258,4.151837610311937,4.562203951091613
20261,3110459,응암역 2번,은평구,골목상권,CS100005,제과점,5,0.16299870512210574,0.15290250908694145,0.2582196223509124,3.058050181738829,5.164392447018248
20261,3110459,응암역 2번,은평구,골목상권,CS100008,분식전문점,7,0.16086210052423333,0.2589160186433467,0.4076192234680998,3.698800266333524,5.8231317638299975
20261,3110459,응암역 2번,은평구,골목상권,CS100010,커피-음료,11,0.2783284994496442,0.45394525472506664,0.6320513366284939,4.126775042955151,5.745921242077217
20261,3110460,구산역 4번,은평구,골목상권,CS100001,한식음식점,41,0.33044723092837286,1.59550305844222,1.8361764787125914,3.891470874249317,4.4784792163721745
20261,3110460,구산역 4번,은평구,골목상권,CS100008,분식전문점,9,0.22808116312889698,0.32819383519791634,0.4855156463872755,3.646598168865737,5.39461829319195
20261,3110460,구산역 4번,은평구,골목상권,CS100009,호프-간이주점,5,0.1634049943519079,0.15252403179243834,0.2077034356749735,3.050480635848767,4.15406871349947
20261,3110460,구산역 4번,은평구,골목상권,CS100010,커피-음료,11,0.27865742022975615,0.490630550081807,0.5817086798934643,4.460277728016427,5.288260726304221
20261,3110461,새절역 2번,은평구,골목상권,CS100001,한식음식점,13,0.17963361801390862,0.4528811825151547,0.5471224028078812,3.4837014039627285,4.208633867752932
20261,3110461,새절역 2번,은평구,골목상권,CS100010,커피-음료,7,0.15185348469112214,0.264164274456627,0.364622863076085,3.7737753493803856,5.208898043944071
20261,3110462,갈현건영아파트,은평구,골목상권,CS100001,한식음식점,6,0.1730282559903483,0.2763543239192773,0.2462639897313863,4.605905398654621,4.1043998288564385
20261,3110463,응암3동주민센터,은평구,골목상권,CS100001,한식음식점,15,0.23175249190905492,0.5477201251393657,0.6321127714327701,3.651467500929105,4.214085142885135
20261,3110464,연신내역 5번,은평구,골목상권,CS100001,한식음식점,23,0.33758047361198973,0.8632640451273631,1.016370697341516,3.7533219353363614,4.419003031919635
20261,3110464,연신내역 5번,은평구,골목상권,CS100009,호프-간이주점,7,0.1706875679980328,0.19446335880198093,0.3059353764088464,2.778047982885442,4.370505377269234
20261,3110464,연신내역 5번,은평구,골목상권,CS100010,커피-음료,10,0.2566776434272583,0.3956990769807161,0.5356153416455821,3.956990769807161,5.356153416455821
20261,3110465,연신내역 7번,은평구,골목상권,CS100001,한식음식점,33,0.3630914332542888,1.3150360247645343,1.469368285369381,3.984957650801619,4.452631167786003
20261,3110465,연신내역 7번,은평구,골목상권,CS100004,양식음식점,6,0.19486931985401687,0.2489967899255884,0.30726985132268436,4.149946498759807,5.121164188711406
20261,3110465,연신내역 7번,은평구,골목상권,CS100005,제과점,5,0.17005681501017814,0.162900262735885,0.23905419572972825,3.2580052547177005,4.781083914594565
20261,3110465,연신내역 7번,은평구,골목상권,CS100008,분식전문점,6,0.1368977458555347,0.2421715207608255,0.32064138232132283,4.036192012680425,5.3440230386887135
20261,3110465,연신내역 7번,은평구,골목상권,CS100009,호프-간이주점,15,0.28929908092852064,0.4041333911203912,0.6729964469700839,2.6942226074692748,4.486642979800559
20261,3110465,연신내역 7번,은평구,골목상권,CS100010,커피-음료,16,0.34452631360226627,0.6909379706019017,0.8744878931712704,4.318362316261886,5.46554933232044
20261,3110466,구산역 2번,은평구,골목상권,CS100001,한식음식점,20,0.29328297735313485,0.8084298613321154,0.8985207060773331,4.042149306660576,4.492603530386666
20261,3110467,은평요양병원,은평구,골목상권,CS100001,한식음식점,33,0.37837726104947705,1.1057432550414767,1.3608963189748131,3.3507371364893235,4.123928239317616
20261,3110467,은평요양병원,은평구,골목상권,CS100008,분식전문점,5,0.1147677383702929,0.16120302691080396,0.242112468513485,3.2240605382160794,4.8422493702697
20261,3110467,은평요양병원,은평구,골목상권,CS100009,호프-간이주점,5,0.11478081266168498,0.1252614628196153,0.19324651788380334,2.505229256392306,3.864930357676067
20261,3110467,은평요양병원,은평구,골목상권,CS100010,커피-음료,11,0.274849783847474,0.43319426763701735,0.5469448765116761,3.9381297057910665,4.972226150106147
20261,3110468,응암역 3번,은평구,골목상권,CS100001,한식음식점,47,0.3918361850491491,1.9748586708245708,2.159227802435483,4.201826959201214,4.594101707309538
20261,3110468,응암역 3번,은평구,골목상권,CS100002,중식음식점,8,0.24945581777697282,0.3247252283828736,0.4454195343411764,4.05906535478592,5.5677441792647056
20261,3110468,응암역 3번,은평구,골목상권,CS100005,제과점,7,0.2132374853500664,0.258566336540363,0.34849438201598154,3.693804807719471,4.978491171656879
20261,3110468,응암역 3번,은평구,골목상권,CS100007,치킨전문점,8,0.31247654818043885,0.25309528912200224,0.4570444509091441,3.163691114025028,5.7130556363643015
20261,3110468,응암역 3번,은평구,골목상권,CS100008,분식전문점,9,0.2398098679719042,0.36160310550483726,0.4941361190400764,4.017812283387081,5.490401322667516
20261,3110468,응암역 3번,은평구,골목상권,CS100009,호프-간이주점,13,0.2543511471786918,0.40065573197474696,0.5854472001545904,3.081967169036515,4.503440001189157
20261,3110468,응암역 3번,은평구,골목상권,CS100010,커피-음료,20,0.30008461619569354,0.9236011154412687,1.1185214055997525,4.618005577206343,5.5926070279987625
20261,3110469,응암정보도서관,은평구,골목상권,CS100001,한식음식점,55,0.41161860228058395,2.0761970786167865,2.437922579346298,3.774903779303248,4.43258650790236
20261,3110469,응암정보도서관,은평구,골목상권,CS100006,패스트푸드점,5,0.1561045529217012,0.17950024451824673,0.29783957799209393,3.5900048903649346,5.956791559841879
20261,3110469,응암정보도서관,은평구,골목상권,CS100007,치킨전문점,5,0.1684332667560664,0.14554188257281594,0.26315188757141456,2.910837651456319,5.263037751428292
20261,3110469,응암정보도서관,은평구,골목상권,CS100009,호프-간이주점,11,0.26806817395008453,0.30783581390986375,0.4665555391235749,2.7985073991805796,4.241413992032499
20261,3110469,응암정보도서관,은평구,골목상권,CS100010,커피-음료,17,0.34310220001255004,0.7296584508384566,0.8987852217464721,4.292108534343862,5.2869718926263065
20261,3110470,신진과학기술고등학교,은평구,골목상권,CS100001,한식음식점,5,0.10982901457460396,0.223875400771783,0.24781450144640438,4.47750801543566,4.956290028928088
20261,3110470,신진과학기술고등학교,은평구,골목상권,CS100005,제과점,5,0.16077700028959624,0.15335038450768332,0.30118881620221866,3.067007690153666,6.023776324044373
20261,3110470,신진과학기술고등학교,은평구,골목상권,CS100010,커피-음료,7,0.22562518280052732,0.2757714947607578,0.4493987289964851,3.93959278229654,6.419981842806929
20261,3110471,응암동우체국,은평구,골목상권,CS100001,한식음식점,24,0.301386561168337,0.9828059469818825,1.070155063902508,4.095024779091177,4.458979432927116
20261,3110471,응암동우체국,은평구,골목상권,CS100008,분식전문점,5,0.17421292102427371,0.1975607379986074,0.2685848958854177,3.9512147599721477,5.371697917708353
20261,3110471,응암동우체국,은평구,골목상권,CS100009,호프-간이주점,6,0.1775392809663407,0.17985170838759015,0.2600887299525009,2.9975284731265024,4.3348121658750145
20261,3110471,응암동우체국,은평구,골목상권,CS100010,커피-음료,10,0.27928646861333195,0.4468747179363601,0.5413469881175288,4.468747179363601,5.413469881175288
20261,3110472,연신내역 4번,은평구,골목상권,CS100001,한식음식점,31,0.3016554961495297,1.305901250220741,1.436727365433325,4.212584678131423,4.634604404623629
20261,3110472,연신내역 4번,은평구,골목상권,CS100004,양식음식점,5,0.24195748215314236,0.20445011552407108,0.26131877520121877,4.089002310481422,5.226375504024375
20261,3110472,연신내역 4번,은평구,골목상권,CS100006,패스트푸드점,9,0.3194049970780912,0.32039353677170956,0.6041333482308192,3.5599281863523284,6.712592758120213
20261,3110472,연신내역 4번,은평구,골목상권,CS100007,치킨전문점,5,0.2282894402246842,0.15734804128630658,0.28661621699949713,3.146960825726132,5.732324339989943
20261,3110472,연신내역 4번,은평구,골목상권,CS100008,분식전문점,5,0.20602746393118268,0.21451771394564076,0.2757133996849574,4.290354278912815,5.514267993699148
20261,3110472,연신내역 4번,은평구,골목상권,CS100009,호프-간이주점,6,0.1936492168800036,0.18801991339028312,0.26552413485993526,3.1336652231713855,4.425402247665588
20261,3110472,연신내역 4번,은평구,골목상권,CS100010,커피-음료,15,0.3447635795734074,0.6653140180841569,0.8496378439653467,4.435426787227713,5.664252293102312
20261,3110473,구산역 1번,은평구,골목상권,CS100001,한식음식점,35,0.3947524774166765,1.4418209683388594,1.6024500374291075,4.11948848096817,4.578428678368879
20261,3110473,구산역 1번,은평구,골목상권,CS100005,제과점,7,0.22855273460043185,0.2271076799945259,0.3498832459196629,3.2443954284932275,4.998332084566613
20261,3110473,구산역 1번,은평구,골목상권,CS100006,패스트푸드점,7,0.15746384921145473,0.26093414996407976,0.45517324060191544,3.727630713772568,6.502474865741649
20261,3110473,구산역 1번,은평구,골목상권,CS100007,치킨전문점,6,0.21712532842558807,0.19344643953022456,0.3437347152108307,3.2241073255037422,5.728911920180512
20261,3110473,구산역 1번,은평구,골목상권,CS100008,분식전문점,9,0.27306640390140535,0.3593315813313851,0.5050837261155363,3.9925731259042787,5.612041401283737
20261,3110473,구산역 1번,은평구,골목상권,CS100010,커피-음료,9,0.2573681862624579,0.4166694537554638,0.4835468274722217,4.629660597282932,5.37274252746913
20261,3110474,세명컴퓨터고등학교,은평구,골목상권,CS100001,한식음식점,7,0.15338796742638294,0.28451124704684594,0.3164240738815266,4.064446386383514,4.520343912593237
20261,3110475,백련산해모로아파트,은평구,골목상권,CS100001,한식음식점,9,0.1475805012012759,0.3412193123766645,0.38513211192869906,3.7913256930740498,4.2792456880966565
20261,3110475,백련산해모로아파트,은평구,골목상권,CS100009,호프-간이주점,5,0.11256023584160572,0.12642391023419933,0.21861879405041282,2.5284782046839864,4.3723758810082565
20261,3110475,백련산해모로아파트,은평구,골목상권,CS100010,커피-음료,10,0.23523184874146139,0.3822463231609039,0.5551124022808401,3.822463231609039,5.551124022808401
20261,3110476,역촌역 2번,은평구,골목상권,CS100001,한식음식점,7,0.14971757226177057,0.23620803794311113,0.2863958706557637,3.3744005420444445,4.091369580796624
20261,3110477,은평세무서,은평구,골목상권,CS100001,한식음식점,22,0.30067479312125966,0.8215739043635567,0.9075627487207645,3.7344268380161667,4.12528522145802
20261,3110477,은평세무서,은평구,골목상권,CS100003,일식음식점,6,0.18285564278432515,0.19223042635524704,0.29813375219260024,3.203840439254117,4.968895869876671
20261,3110477,은평세무서,은평구,골목상권,CS100009,호프-간이주점,12,0.2615244867197204,0.2917514969297475,0.5033078664493649,2.4312624744145626,4.194232220411374
20261,3110477,은평세무서,은평구,골목상권,CS100010,커피-음료,11,0.2923043928855394,0.4345245862246076,0.5564135883051533,3.9502235111327964,5.058305348228666
20261,3110478,응암1동주민센터,은평구,골목상권,CS100001,한식음식점,11,0.15852968451351993,0.39094587818128307,0.46619408026436726,3.5540534380116644,4.2381280024033385
20261,3110478,응암1동주민센터,은평구,골목상권,CS100008,분식전문점,5,0.1665185217898295,0.1528507400716934,0.26707235936056245,3.057014801433868,5.341447187211249
20261,3110478,응암1동주민센터,은평구,골목상권,CS100010,커피-음료,8,0.1931329731069044,0.28941494809282026,0.42588272124155685,3.6176868511602533,5.323534015519461
20261,3110479,연신내역 2번,은평구,골목상권,CS100001,한식음식점,22,0.325490595890593,0.8555608749878199,0.9951855464483963,3.888913068126454,4.523570665674528
20261,3110479,연신내역 2번,은평구,골목상권,CS100009,호프-간이주점,6,0.1552476311024215,0.16527986053897664,0.2644174046856111,2.7546643423162775,4.406956744760185
20261,3110480,연신내역 3번,은평구,골목상권,CS100001,한식음식점,7,0.13188213606089233,0.24714281474606886,0.2955282933396136,3.530611639229555,4.22183276199448
20261,3110481,불광역 7번,은평구,골목상권,CS100001,한식음식점,26,0.3110408465762642,1.1206145974332995,1.2619292031856237,4.310056143974228,4.8535738584062456
20261,3110481,불광역 7번,은평구,골목상권,CS100005,제과점,5,0.12280922198305466,0.182765903589716,0.2669697918858439,3.65531807179432,5.339395837716878
20261,3110481,불광역 7번,은평구,골목상권,CS100006,패스트푸드점,5,0.16361371996271676,0.19570463860132647,0.34377163117889004,3.91409277202653,6.875432623577801
20261,3110481,불광역 7번,은평구,골목상권,CS100007,치킨전문점,5,0.2722950686219378,0.16481521550058753,0.3054132927435849,3.296304310011751,6.108265854871699
20261,3110481,불광역 7번,은평구,골목상권,CS100008,분식전문점,8,0.24667790537374498,0.3139300878745424,0.4783983895818563,3.9241260984317803,5.979979869773204
20261,3110481,불광역 7번,은평구,골목상권,CS100010,커피-음료,16,0.3211347354071788,0.7185648584875983,0.9658994441846658,4.4910303655474895,6.036871526154161
20261,3110482,연신초등학교,은평구,골목상권,CS100001,한식음식점,7,0.13752896658312153,0.26787551011804045,0.29845943916524087,3.826793001686292,4.263706273789155
20261,3110482,연신초등학교,은평구,골목상권,CS100010,커피-음료,7,0.16856690081761772,0.27731622633764724,0.3854262177224664,3.9616603762521034,5.506088824606663
20261,3110483,연천초등학교,은평구,골목상권,CS100001,한식음식점,9,0.1655879988169872,0.3949780412828692,0.4084534723259914,4.388644903142991,4.538371914733238
20261,3110484,역촌역 3번,은평구,골목상권,CS100001,한식음식점,10,0.12024182532120292,0.44491990994496894,0.4431751371430174,4.4491990994496895,4.431751371430174
20261,3110484,역촌역 3번,은평구,골목상권,CS100010,커피-음료,6,0.16159004894005874,0.2820999319247931,0.330744536685049,4.701665532079885,5.512408944750816
20261,3110485,연신내우체국,은평구,골목상권,CS100001,한식음식점,16,0.2611632401706332,0.6048949485289175,0.6845866449393189,3.780593428305734,4.278666530870743
20261,3110485,연신내우체국,은평구,골목상권,CS100009,호프-간이주점,5,0.11254922452323385,0.1317172089810123,0.21017785282064702,2.6343441796202463,4.20355705641294
20261,3110485,연신내우체국,은평구,골목상권,CS100010,커피-음료,6,0.1248651008391729,0.2574949326996359,0.31085759657032536,4.291582211660598,5.180959942838756
20261,3110486,은평구청,은평구,골목상권,CS100001,한식음식점,38,0.34350773582100513,1.3900030590352306,1.7135759236702763,3.657902786934817,4.509410325448095
20261,3110486,은평구청,은평구,골목상권,CS100008,분식전문점,6,0.13813206931637534,0.22106588669896474,0.32085974212634977,3.6844314449827458,5.347662368772496
20261,3110486,은평구청,은평구,골목상권,CS100009,호프-간이주점,6,0.12245358497092716,0.16643256935118272,0.2549264525623183,2.7738761558530456,4.248774209371971
20261,3110486,은평구청,은평구,골목상권,CS100010,커피-음료,8,0.14596933602463447,0.34127174872945154,0.4189269983601006,4.265896859118144,5.2365874795012575
20261,3110487,불광역 8번,은평구,골목상권,CS100001,한식음식점,9,0.09155275516466967,0.290355230714094,0.3693791250803942,3.2261692301566,4.1042125008932695
20261,3110488,우리은행응암동지점,은평구,골목상권,CS100001,한식음식점,12,0.26750871154321043,0.43211221602465966,0.5081104944150707,3.6009351335388304,4.234254120125589
20261,3110488,우리은행응암동지점,은평구,골목상권,CS100006,패스트푸드점,5,0.10661793833845291,0.16208610472878748,0.31846011962425447,3.2417220945757497,6.369202392485089
20261,3110488,우리은행응암동지점,은평구,골목상권,CS100010,커피-음료,5,0.11830791711509943,0.20087409965425862,0.25785975938118977,4.017481993085172,5.157195187623795
20261,3110489,불광역 3번,은평구,골목상권,CS100001,한식음식점,13,0.17307612467556702,0.47125441912697946,0.608159593403282,3.625033993284457,4.678150718486784
20261,3110490,녹번동근린공원,은평구,골목상권,CS100001,한식음식점,8,0.15976465004744894,0.32423979080137444,0.3346315454973064,4.05299738501718,4.18289431871633
20261,3110490,녹번동근린공원,은평구,골목상권,CS100007,치킨전문점,7,0.18562643890951902,0.18339584350163207,0.40549289495477325,2.6199406214518866,5.792755642211047
20261,3110491,불광중학교,은평구,골목상권,CS100001,한식음식점,12,0.22952493707443436,0.472558282267346,0.4088395253016125,3.937985685561216,3.4069960441801044
20261,3110492,하나고등학교,은평구,골목상권,CS100001,한식음식점,7,0.17500746035388598,0.2261572686514566,0.2463400837306789,3.230818123592237,3.519144053295413
20261,3110492,하나고등학교,은평구,골목상권,CS100010,커피-음료,9,0.22214436623028894,0.2636112174268891,0.4092728735052075,2.9290135269654343,4.547476372280084
20261,3110493,북가좌초등학교,서대문구,골목상권,CS100001,한식음식점,16,0.42686382959906705,0.5643170289883127,0.6198817852605751,3.5269814311769543,3.8742611578785944
20261,3110495,북가좌2동주민센터,서대문구,골목상권,CS100001,한식음식점,20,0.24254626389471196,0.8319231531086315,0.7299698054461756,4.159615765543158,3.649849027230878
20261,3110495,북가좌2동주민센터,서대문구,골목상권,CS100008,분식전문점,10,0.2200839167369008,0.3538918145840791,0.4627538511075359,3.538918145840791,4.627538511075359
20261,3110495,북가좌2동주민센터,서대문구,골목상권,CS100009,호프-간이주점,7,0.188683637215772,0.20088148851616147,0.252903543179897,2.869735550230878,3.6129077597128143
20261,3110495,북가좌2동주민센터,서대문구,골목상권,CS100010,커피-음료,14,0.30424670624774264,0.5847641992602673,0.6386376691552319,4.176887137573338,4.5616976368230855
20261,3110496,모래내우체국,서대문구,골목상권,CS100001,한식음식점,27,0.3946078900324817,0.9406620231220418,1.0640310138266427,3.4839334189705253,3.940855606765343
20261,3110496,모래내우체국,서대문구,골목상권,CS100003,일식음식점,5,0.1630651723219487,0.14999109474466552,0.2302861584805984,2.9998218948933104,4.605723169611968
20261,3110496,모래내우체국,서대문구,골목상권,CS100008,분식전문점,5,0.14933774341871484,0.1679298190354702,0.23513938399365011,3.358596380709404,4.702787679873002
20261,3110497,가좌역 3번,서대문구,골목상권,CS100001,한식음식점,15,0.24152914234372166,0.42932335350196815,0.5301016365069047,2.862155690013121,3.534010910046031
20261,3110498,증산역 1번,서대문구,골목상권,CS100001,한식음식점,13,0.18404231833367177,0.5922352759210001,0.5056726381836493,4.5556559686230775,3.88978952448961
20261,3110498,증산역 1번,서대문구,골목상권,CS100009,호프-간이주점,6,0.15028856703294022,0.1855948541145923,0.23560103898874094,3.0932475685765386,3.9266839831456823
20261,3110498,증산역 1번,서대문구,골목상권,CS100010,커피-음료,12,0.2895733581685152,0.5576150522287007,0.5976840519187653,4.646792101905839,4.980700432656377
20261,3110499,연가초등학교,서대문구,골목상권,CS100001,한식음식점,18,0.3135760202171076,0.7316891399250163,0.721570700517938,4.0649396662500905,4.008726113988545
20261,3110502,남가좌파출소,서대문구,골목상권,CS100001,한식음식점,35,0.3944293811105647,1.3410032694488632,1.3940302709154808,3.831437912711037,3.982943631187088
20261,3110502,남가좌파출소,서대문구,골목상권,CS100007,치킨전문점,8,0.22248022720153166,0.22139767912361427,0.40317253180260476,2.7674709890451785,5.03965664753256
20261,3110502,남가좌파출소,서대문구,골목상권,CS100008,분식전문점,7,0.15820384067894602,0.25274796322198717,0.33364445335317583,3.610685188885531,4.766349333616797
20261,3110502,남가좌파출소,서대문구,골목상권,CS100009,호프-간이주점,5,0.14527587383389848,0.1505305978121371,0.18711804973089455,3.010611956242742,3.742360994617891
20261,3110502,남가좌파출소,서대문구,골목상권,CS100010,커피-음료,18,0.3289267332299556,0.7173816672006619,0.8789000144265774,3.9854537066703437,4.88277785792543
20261,3110503,명지대학교교회,서대문구,골목상권,CS100001,한식음식점,34,0.3769152315316354,1.399749333418077,1.2471885069773119,4.116909804170815,3.6682014911097403
20261,3110503,명지대학교교회,서대문구,골목상권,CS100002,중식음식점,9,0.2576263377132601,0.3433345972577413,0.41185966771939186,3.8148288584193475,4.576218530215465
20261,3110503,명지대학교교회,서대문구,골목상권,CS100003,일식음식점,8,0.23436984121781892,0.28221527992797324,0.34929264112110064,3.5276909990996654,4.366158014013758
20261,3110503,명지대학교교회,서대문구,골목상권,CS100004,양식음식점,9,0.24093212568981068,0.35436289294996387,0.38637161167058887,3.9373654772218205,4.293017907450988
20261,3110503,명지대학교교회,서대문구,골목상권,CS100006,패스트푸드점,7,0.23702358421872954,0.24877016386802267,0.3630263980685776,3.5538594838288953,5.18609140097968
20261,3110503,명지대학교교회,서대문구,골목상권,CS100008,분식전문점,18,0.30685562379677916,0.6582860170757804,0.8462406987466484,3.6571445393098907,4.701337215259158
20261,3110503,명지대학교교회,서대문구,골목상권,CS100009,호프-간이주점,6,0.14389980672454772,0.19573056847207548,0.2105477024352366,3.2621761412012584,3.50912837392061
20261,3110503,명지대학교교회,서대문구,골목상권,CS100010,커피-음료,22,0.35485991970926356,0.9273578710987136,1.005190381313494,4.215263050448699,4.569047187788609
20261,3110507,명지대학교,서대문구,골목상권,CS100001,한식음식점,69,0.43618467771625147,2.7760314018479852,2.7018996716442607,4.023233915721717,3.9157966255713923
20261,3110507,명지대학교,서대문구,골목상권,CS100002,중식음식점,8,0.21267422325401258,0.3225856641054499,0.3702485227612631,4.032320801318124,4.628106534515789
20261,3110507,명지대학교,서대문구,골목상권,CS100003,일식음식점,10,0.22295378594767318,0.3657499712436756,0.4523922429720925,3.6574997124367554,4.523922429720925
20261,3110507,명지대학교,서대문구,골목상권,CS100004,양식음식점,6,0.13942652232609581,0.2507479408319119,0.25478130586311576,4.179132347198531,4.246355097718596
20261,3110507,명지대학교,서대문구,골목상권,CS100005,제과점,13,0.29643904743737937,0.43909780166538365,0.5582758981609881,3.3776753974260285,4.294429985853754
20261,3110507,명지대학교,서대문구,골목상권,CS100006,패스트푸드점,15,0.35171860297001484,0.5800381917525882,0.8471331887924305,3.866921278350588,5.647554591949536
20261,3110507,명지대학교,서대문구,골목상권,CS100007,치킨전문점,11,0.3128105527951787,0.33594003540111184,0.5335062269038096,3.0540003218282896,4.850056608216451
20261,3110507,명지대학교,서대문구,골목상권,CS100008,분식전문점,16,0.2929285092268729,0.6201347946960157,0.7610342726002788,3.875842466850098,4.756464203751742
20261,3110507,명지대학교,서대문구,골목상권,CS100009,호프-간이주점,22,0.39446574658525096,0.6287576489718967,0.8500795671978887,2.857989313508621,3.8639980327176757
20261,3110507,명지대학교,서대문구,골목상권,CS100010,커피-음료,32,0.3401002559470055,1.4278844885399415,1.5378729448408508,4.462139026687318,4.805852952627658
20261,3110508,서연중학교,서대문구,골목상권,CS100005,제과점,6,0.1705769536395963,0.18144028049564437,0.24576956994564633,3.024004674927406,4.096159499094106
20261,3110508,서연중학교,서대문구,골목상권,CS100008,분식전문점,7,0.20745648428091767,0.2468480135392283,0.3169781948944409,3.526400193417547,4.528259927063441
20261,3110508,서연중학교,서대문구,골목상권,CS100010,커피-음료,32,0.32898345912991106,1.1921346181337924,1.5438467393438073,3.7254206816681013,4.824521060449398
20261,3110509,연희대우아파트앞,서대문구,골목상권,CS100001,한식음식점,16,0.23071307694635146,0.6090947692587041,0.6247171344815101,3.8068423078669005,3.9044820905094384
20261,3110509,연희대우아파트앞,서대문구,골목상권,CS100004,양식음식점,6,0.18153312048528994,0.20691358477091293,0.27963543203377217,3.448559746181882,4.660590533896203
20261,3110509,연희대우아파트앞,서대문구,골목상권,CS100005,제과점,5,0.16193113906482,0.14420238411873465,0.21956257592900474,2.884047682374693,4.391251518580095
20261,3110509,연희대우아파트앞,서대문구,골목상권,CS100008,분식전문점,6,0.13677025933407788,0.2143747964114108,0.29449743660429545,3.5729132735235134,4.908290610071591
20261,3110509,연희대우아파트앞,서대문구,골목상권,CS100009,호프-간이주점,5,0.11285862021170427,0.13263172920653812,0.1917970601913066,2.6526345841307624,3.835941203826132
20261,3110509,연희대우아파트앞,서대문구,골목상권,CS100010,커피-음료,22,0.24053476573857982,0.8216338713483292,1.1287889686785901,3.7346994152196786,5.1308589485390454
20261,3110510,홍연시장,서대문구,골목상권,CS100001,한식음식점,10,0.16696629805939417,0.39680428780151483,0.3969764909915731,3.968042878015148,3.969764909915731
20261,3110510,홍연시장,서대문구,골목상권,CS100010,커피-음료,5,0.11430118469061427,0.20806553941688835,0.24307584518851813,4.161310788337767,4.8615169037703625
20261,3110511,연희초등학교,서대문구,골목상권,CS100001,한식음식점,6,0.16189327592804761,0.2651785312481274,0.20964459891393486,4.4196421874687895,3.4940766485655814
20261,3110511,연희초등학교,서대문구,골목상권,CS100010,커피-음료,10,0.19801745270416649,0.4284407413183029,0.4654022427377325,4.284407413183029,4.654022427377325
20261,3110512,연희지하차도,서대문구,골목상권,CS100010,커피-음료,5,0.11221924902579265,0.22169574788412652,0.2536781244217521,4.43391495768253,5.073562488435042
20261,3110513,연희파출소,서대문구,골목상권,CS100001,한식음식점,10,0.1074420867787572,0.3615405019994523,0.342051523229779,3.6154050199945234,3.42051523229779
20261,3110513,연희파출소,서대문구,골목상권,CS100003,일식음식점,5,0.09591203741026814,0.14267739046475708,0.21353690903148817,2.853547809295142,4.270738180629763
20261,3110513,연희파출소,서대문구,골목상권,CS100010,커피-음료,14,0.27254447779415786,0.4714219639483978,0.6254424871953067,3.367299742488556,4.467446337109333
20261,3110514,서대문우체국,서대문구,골목상권,CS100001,한식음식점,11,0.2776033786929617,0.4629354909177516,0.41483009788717506,4.2085044628886505,3.771182708065228
20261,3110517,서대문소방서,서대문구,골목상권,CS100001,한식음식점,7,0.11484081619479587,0.2537010743785074,0.25693656365846296,3.624301062550106,3.6705223379780425
20261,3110517,서대문소방서,서대문구,골목상권,CS100010,커피-음료,6,0.15149919340070778,0.21645426821548813,0.27935080942664975,3.6075711369248022,4.6558468237774955
20261,3110519,서대문구보건소별관,서대문구,골목상권,CS100001,한식음식점,13,0.2670247579811282,0.5215130025996587,0.4969163327275496,4.011638481535837,3.822433328673459
20261,3110519,서대문구보건소별관,서대문구,골목상권,CS100010,커피-음료,7,0.21598663955054775,0.3004167960686884,0.3305624352478742,4.291668515266977,4.72232050354106
20261,3110520,경의중앙 신촌역,서대문구,골목상권,CS100001,한식음식점,13,0.18391659062829183,0.5217632368268151,0.48035386055015883,4.013563360206271,3.695029696539683
20261,3110520,경의중앙 신촌역,서대문구,골목상권,CS100003,일식음식점,5,0.11376422245263221,0.16948604256766117,0.2281600016992429,3.3897208513532235,4.563200033984858
20261,3110520,경의중앙 신촌역,서대문구,골목상권,CS100009,호프-간이주점,6,0.1402131626520397,0.161142194137494,0.22333065134025168,2.6857032356249,3.722177522337528
20261,3110520,경의중앙 신촌역,서대문구,골목상권,CS100010,커피-음료,5,0.12156350640714093,0.21274025688118914,0.22194449426625265,4.254805137623783,4.438889885325053
20261,3110521,홍제역 4번,서대문구,골목상권,CS100001,한식음식점,16,0.2393538304704469,0.6013670622740251,0.602033107668717,3.758544139212657,3.762706922929481
20261,3110521,홍제역 4번,서대문구,골목상권,CS100010,커피-음료,6,0.19134368891787307,0.2403106219424768,0.27087176618643644,4.005177032374614,4.514529436440607
20261,3110522,홍제역 3번,서대문구,골목상권,CS100001,한식음식점,5,0.1676553267572656,0.18235970033305743,0.16807705487863642,3.647194006661149,3.361541097572728
20261,3110524,연희세브란스병원,서대문구,골목상권,CS100001,한식음식점,13,0.20862342278634113,0.451438884132568,0.41258176703552507,3.4726068010197535,3.17370590027327
20261,3110524,연희세브란스병원,서대문구,골목상권,CS100010,커피-음료,6,0.10744857696676985,0.2345749371911784,0.23412506764120614,3.9095822865196395,3.9020844606867686
20261,3110525,홍은종합사회복지관,서대문구,골목상권,CS100001,한식음식점,10,0.15570464918164958,0.34192525329565404,0.3687828447126449,3.4192525329565404,3.687828447126449
20261,3110525,홍은종합사회복지관,서대문구,골목상권,CS100010,커피-음료,6,0.11786005544978236,0.20741183729405877,0.2734608836881291,3.4568639549009794,4.5576813948021515
20261,3110527,홍제역 2번,서대문구,골목상권,CS100001,한식음식점,17,0.2987398385496432,0.6554107956377188,0.6994535359398826,3.8553576213983454,4.11443256435225
20261,3110528,서울여자간호대학교,서대문구,골목상권,CS100001,한식음식점,14,0.2277739835659859,0.5596117940187735,0.4980037862317433,3.9972271001340967,3.557169901655309
20261,3110528,서울여자간호대학교,서대문구,골목상권,CS100008,분식전문점,7,0.15742633062758069,0.23934672268218363,0.31595102174809075,3.4192388954597663,4.513586024972725
20261,3110528,서울여자간호대학교,서대문구,골목상권,CS100009,호프-간이주점,5,0.11229692767745168,0.14254914180289877,0.17719503023598954,2.8509828360579754,3.5439006047197905
20261,3110528,서울여자간호대학교,서대문구,골목상권,CS100010,커피-음료,7,0.1478417076181687,0.2974362924344718,0.3055375528190703,4.249089891921026,4.364822183129576
20261,3110529,홍제3동주민센터,서대문구,골목상권,CS100001,한식음식점,25,0.28921462880396254,0.962707361012589,0.8880689332419027,3.850829444050356,3.552275732967611
20261,3110529,홍제3동주민센터,서대문구,골목상권,CS100003,일식음식점,6,0.19250875465048642,0.19211367328140885,0.25298059634989684,3.2018945546901474,4.21634327249828
20261,3110529,홍제3동주민센터,서대문구,골목상권,CS100005,제과점,5,0.11541673018026806,0.1541255842670804,0.1943619507496272,3.082511685341608,3.887239014992544
20261,3110529,홍제3동주민센터,서대문구,골목상권,CS100007,치킨전문점,5,0.2853653893897302,0.14436107260253064,0.22357893359690412,2.8872214520506128,4.471578671938083
20261,3110529,홍제3동주민센터,서대문구,골목상권,CS100008,분식전문점,5,0.11959841676516043,0.1756435477807442,0.21154683783521847,3.5128709556148845,4.230936756704369
20261,3110529,홍제3동주민센터,서대문구,골목상권,CS100009,호프-간이주점,16,0.29338512653288906,0.39488206555734084,0.5838997439217407,2.46801290973338,3.6493733995108792
20261,3110529,홍제3동주민센터,서대문구,골목상권,CS100010,커피-음료,8,0.2947250824972325,0.3405503947162089,0.33850395871122063,4.256879933952611,4.231299483890258
20261,3110530,아현역 1번,서대문구,골목상권,CS100001,한식음식점,6,0.11764448490180161,0.1867994453003995,0.24045548121890717,3.1133240883399917,4.007591353648452
20261,3110532,아현역 2번,서대문구,골목상권,CS100001,한식음식점,12,0.19411952883053324,0.4672059607058664,0.452119031404189,3.89338300588222,3.7676585950349084
20261,3110532,아현역 2번,서대문구,골목상권,CS100008,분식전문점,6,0.19593482295934392,0.20905473122109308,0.2887285250305764,3.484245520351551,4.81214208384294
20261,3110532,아현역 2번,서대문구,골목상권,CS100009,호프-간이주점,8,0.1941835195800437,0.20408879945688166,0.3116556093108069,2.551109993211021,3.895695116385086
20261,3110535,영천시장입구,서대문구,골목상권,CS100001,한식음식점,6,0.12344028841452606,0.2521469923081565,0.22398394492396087,4.202449871802608,3.7330657487326815
20261,3110537,충정로현대아파트,서대문구,골목상권,CS100001,한식음식점,21,0.2569863795510422,0.7174868274892794,0.7909023964901142,3.41660394042514,3.766201888048163
20261,3110537,충정로현대아파트,서대문구,골목상권,CS100010,커피-음료,15,0.3422686532030771,0.5325063104363976,0.7107197711438121,3.5500420695759844,4.738131807625414
20261,3110538,충정로역 3번,서대문구,골목상권,CS100001,한식음식점,14,0.21239660580471403,0.48183398620712586,0.5594083366729079,3.4416713300508985,3.9957738333779136
20261,3110538,충정로역 3번,서대문구,골목상권,CS100010,커피-음료,5,0.10284164371898513,0.18644074322967447,0.23935879123241535,3.7288148645934895,4.787175824648307
20261,3110539,미근동,서대문구,골목상권,CS100001,한식음식점,34,0.24568942289189744,1.2336989649355725,1.1272239337550074,3.6285263674575665,3.3153645110441397
20261,3110539,미근동,서대문구,골목상권,CS100009,호프-간이주점,10,0.19637064611745939,0.25937692704016097,0.3253597909730534,2.5937692704016095,3.2535979097305336
20261,3110539,미근동,서대문구,골목상권,CS100010,커피-음료,18,0.27167416565456143,0.7175688478123813,0.7391202471889322,3.9864935989576735,4.106223595494067
20261,3110540,망원나들목체육관,마포구,골목상권,CS100001,한식음식점,8,0.15458651038738003,0.37106109907225787,0.3128412526043759,4.638263738403223,3.910515657554699
20261,3110540,망원나들목체육관,마포구,골목상권,CS100010,커피-음료,6,0.1923370945454918,0.28061566738665705,0.2950357385138631,4.676927789777618,4.917262308564386
20261,3110541,동교초등학교,마포구,골목상권,CS100001,한식음식점,17,0.25940174015716144,0.812339637051549,0.6544194269437617,4.778468453244406,3.849526040845657
20261,3110541,동교초등학교,마포구,골목상권,CS100003,일식음식점,6,0.2003988663279602,0.23588751403902955,0.2822273549301213,3.9314585673171596,4.7037892488353545
20261,3110541,동교초등학교,마포구,골목상권,CS100004,양식음식점,6,0.2003988663279602,0.26143560752938605,0.2746396303384272,4.357260125489767,4.57732717230712
20261,3110541,동교초등학교,마포구,골목상권,CS100005,제과점,10,0.23752498348240902,0.34074810168247144,0.4512201667314646,3.4074810168247143,4.5122016673146454
20261,3110541,동교초등학교,마포구,골목상권,CS100006,패스트푸드점,5,0.19025674747650834,0.1950985831660722,0.2776752911933867,3.901971663321444,5.553505823867734
20261,3110541,동교초등학교,마포구,골목상권,CS100008,분식전문점,8,0.21812792763521466,0.3376233048696817,0.39070102234774834,4.220291310871021,4.8837627793468545
20261,3110541,동교초등학교,마포구,골목상권,CS100010,커피-음료,23,0.3890095765497019,1.0609965913092108,1.1592809039712304,4.613028657866134,5.040351756396654
20261,3110542,마포구청역 7번,마포구,골목상권,CS100001,한식음식점,27,0.3000280243876649,1.2587549064456829,1.0703759274934925,4.662055209058085,3.9643552870129355
20261,3110542,마포구청역 7번,마포구,골목상권,CS100002,중식음식점,5,0.12814770489888744,0.2140186180944175,0.2400572007772802,4.28037236188835,4.801144015545604
20261,3110542,마포구청역 7번,마포구,골목상권,CS100006,패스트푸드점,5,0.11981597574454318,0.2096685358137745,0.27956110358920533,4.19337071627549,5.591222071784106
20261,3110542,마포구청역 7번,마포구,골목상권,CS100009,호프-간이주점,5,0.1212412666905971,0.1733920065654444,0.18860736357405322,3.467840131308888,3.7721472714810647
20261,3110542,마포구청역 7번,마포구,골목상권,CS100010,커피-음료,17,0.31534067238358254,0.8114644993352568,0.8376302986604156,4.77332058432504,4.927237050943621
20261,3110544,망리단길,마포구,골목상권,CS100001,한식음식점,119,0.4209131202919397,5.958278854087085,4.701939474798356,5.006957020241248,3.951209642687694
20261,3110544,망리단길,마포구,골목상권,CS100002,중식음식점,7,0.22965874531452957,0.3706573616573871,0.3122040159552019,5.295105166534102,4.460057370788599
20261,3110544,망리단길,마포구,골목상권,CS100003,일식음식점,22,0.36315666100549154,0.9794059853136372,1.0205350714227124,4.45184538778926,4.638795779194147
20261,3110544,망리단길,마포구,골목상권,CS100004,양식음식점,54,0.45176990931187594,2.4386226000840763,2.583991631289226,4.515967777933475,4.78516968757264
20261,3110544,망리단길,마포구,골목상권,CS100005,제과점,50,0.39744347214588593,1.8702492117693927,2.2700418922198886,3.740498423538786,4.540083784439777
20261,3110544,망리단길,마포구,골목상권,CS100006,패스트푸드점,12,0.37125685789377555,0.5356961381058457,0.6364487951810275,4.464134484215381,5.303739959841896
20261,3110544,망리단길,마포구,골목상권,CS100007,치킨전문점,7,0.1870129810747605,0.29283565930995425,0.3209834209591538,4.183366561570775,4.585477442273626
20261,3110544,망리단길,마포구,골목상권,CS100008,분식전문점,17,0.3056706090163202,0.8670724574884606,0.7915687886381545,5.100426220520356,4.656286991989144
20261,3110544,망리단길,마포구,골목상권,CS100009,호프-간이주점,40,0.5348198465428066,1.4022048702826457,1.5628193009761802,3.505512175706614,3.9070482524404504
20261,3110544,망리단길,마포구,골목상권,CS100010,커피-음료,119,0.47161585111792476,5.917893150427501,6.035564187246977,4.973019454140757,5.071902678358804
20261,3110545,마포구청역 1번,마포구,골목상권,CS100001,한식음식점,18,0.26273636386263277,0.7947821909029656,0.7196188646425362,4.415456616127587,3.9978825813474237
20261,3110545,마포구청역 1번,마포구,골목상권,CS100002,중식음식점,5,0.15687550307481626,0.19150260874332084,0.2479398242543893,3.830052174866417,4.958796485087786
20261,3110545,마포구청역 1번,마포구,골목상권,CS100003,일식음식점,5,0.109886946020114,0.19239423684451828,0.24167168543789605,3.8478847368903653,4.833433708757921
20261,3110545,마포구청역 1번,마포구,골목상권,CS100005,제과점,5,0.17927486401312756,0.16868529319112624,0.22300087491353907,3.3737058638225252,4.460017498270781
20261,3110545,마포구청역 1번,마포구,골목상권,CS100006,패스트푸드점,5,0.15898813415553667,0.19486311508500107,0.2903368203859463,3.897262301700021,5.806736407718926
20261,3110545,마포구청역 1번,마포구,골목상권,CS100008,분식전문점,7,0.23858442987565587,0.2825627369583929,0.35146981630436747,4.036610527977041,5.020997375776678
20261,3110545,마포구청역 1번,마포구,골목상권,CS100009,호프-간이주점,7,0.22770237612314878,0.22559308073974352,0.2816387618220098,3.2227582962820502,4.023410883171569
20261,3110545,마포구청역 1번,마포구,골목상권,CS100010,커피-음료,11,0.2165151549945843,0.5255717700850092,0.5496881286406807,4.777925182590993,4.9971648058243705
20261,3110546,양화대교북단,마포구,골목상권,CS100010,커피-음료,10,0.27524080587478145,0.49863177615900967,0.5097627415388091,4.986317761590096,5.097627415388091
20261,3110547,KB국민은행 망원동지점,마포구,골목상권,CS100001,한식음식점,40,0.3195346287678601,1.6714658126955604,1.5463057208515836,4.1786645317389,3.8657643021289587
20261,3110547,KB국민은행 망원동지점,마포구,골목상권,CS100007,치킨전문점,6,0.1709577288013202,0.20012953783472678,0.2879972335301161,3.335492297245447,4.799953892168602
20261,3110547,KB국민은행 망원동지점,마포구,골목상권,CS100008,분식전문점,5,0.13634329202980447,0.23885015663175088,0.229190115000477,4.777003132635017,4.58380230000954
20261,3110547,KB국민은행 망원동지점,마포구,골목상권,CS100009,호프-간이주점,11,0.2300337529453554,0.33070072666694417,0.41548387444534607,3.006370242426765,3.777126131321328
20261,3110547,KB국민은행 망원동지점,마포구,골목상권,CS100010,커피-음료,16,0.31503221495685824,0.7353924101803899,0.7493572799968097,4.596202563627437,4.68348299998006
20261,3110548,마포구청역 4번,마포구,골목상권,CS100001,한식음식점,19,0.24388732022450543,0.9005434646783106,0.7891010650075208,4.739702445675318,4.153163500039582
20261,3110548,마포구청역 4번,마포구,골목상권,CS100010,커피-음료,9,0.20307100745363785,0.4547131163279469,0.4568749756263592,5.05236795919941,5.076388618070657
20261,3110549,새터산,마포구,골목상권,CS100001,한식음식점,9,0.11643518969897053,0.41606646371080164,0.3358688424539581,4.622960707897796,3.731876027266201
20261,3110549,새터산,마포구,골목상권,CS100010,커피-음료,6,0.2047860912167246,0.2919824810593146,0.28069014548236576,4.866374684321911,4.678169091372763
20261,3110550,합정역 8번,마포구,골목상권,CS100001,한식음식점,68,0.3666145710798702,3.1177682986495645,2.5654212868673354,4.584953380367007,3.7726783630401997
20261,3110550,합정역 8번,마포구,골목상권,CS100002,중식음식점,5,0.1009180131184107,0.24486559992470616,0.21704052897623533,4.897311998494123,4.340810579524707
20261,3110550,합정역 8번,마포구,골목상권,CS100003,일식음식점,18,0.31976663643048614,0.7055770765988132,0.8156070719213657,3.9198726477711845,4.531150399563143
20261,3110550,합정역 8번,마포구,골목상권,CS100004,양식음식점,17,0.31621174931944385,0.7431101120519836,0.7468647275460419,4.371235953246963,4.393321926741423
20261,3110550,합정역 8번,마포구,골목상권,CS100005,제과점,12,0.2690619713330104,0.44084333164179595,0.4905881497310701,3.6736944303482995,4.088234581092251
20261,3110550,합정역 8번,마포구,골목상권,CS100007,치킨전문점,5,0.10902555076749627,0.20202525674968555,0.22455397550765754,4.040505134993711,4.491079510153151
20261,3110550,합정역 8번,마포구,골목상권,CS100008,분식전문점,6,0.1420375216362985,0.2790163859671809,0.25659428736733453,4.650273099453015,4.276571456122242
20261,3110550,합정역 8번,마포구,골목상권,CS100009,호프-간이주점,32,0.4326146051726935,0.9891475161726431,1.2193249972595537,3.0910859880395094,3.810390616436105
20261,3110550,합정역 8번,마포구,골목상권,CS100010,커피-음료,36,0.37046110299581964,1.7385797351868748,1.6718749604032839,4.8293881532968745,4.644097112231345
20261,3110551,성서초등학교,마포구,골목상권,CS100001,한식음식점,16,0.2542337269132163,0.7824780804236886,0.6524383457085776,4.890488002648054,4.07773966067861
20261,3110551,성서초등학교,마포구,골목상권,CS100010,커피-음료,10,0.2584949302618101,0.4995331718898094,0.5063449286784878,4.995331718898094,5.063449286784878
20261,3110552,성미산체육관,마포구,골목상권,CS100001,한식음식점,12,0.17767014207436121,0.5363263841479309,0.4375206919378723,4.469386534566091,3.646005766148936
20261,3110552,성미산체육관,마포구,골목상권,CS100010,커피-음료,9,0.22880955470799633,0.4142356289155191,0.41388444712978206,4.602618099061324,4.598716079219801
20261,3110553,가좌역 2번,마포구,골목상권,CS100001,한식음식점,14,0.25178707507117953,0.6609150927982725,0.537961100482749,4.720822091416233,3.8425792891624933
20261,3110553,가좌역 2번,마포구,골목상권,CS100008,분식전문점,7,0.2767984288886657,0.29043763763301134,0.3426477334520645,4.149109109043019,4.8949676207437784
20261,3110553,가좌역 2번,마포구,골목상권,CS100010,커피-음료,7,0.20437274918696832,0.34188982039818544,0.3287554446021806,4.884140291402649,4.696506351459723
20261,3110554,망원역 1번,마포구,골목상권,CS100001,한식음식점,13,0.21768193714650036,0.6533274278517294,0.5062192463266553,5.025595598859456,3.893994202512733
20261,3110554,망원역 1번,마포구,골목상권,CS100004,양식음식점,11,0.2802958083538063,0.4683647642057917,0.5400808822784673,4.2578614927799245,4.90982620253152
20261,3110554,망원역 1번,마포구,골목상권,CS100005,제과점,6,0.19450006361291494,0.22260122928440287,0.26999938237397725,3.710020488073381,4.499989706232954
20261,3110554,망원역 1번,마포구,골목상권,CS100009,호프-간이주점,7,0.18813590371431432,0.24842824570531183,0.2801420559092442,3.5489749386473117,4.0020293701320595
20261,3110554,망원역 1번,마포구,골목상권,CS100010,커피-음료,27,0.3628606850288329,1.2484736593382963,1.4142836004898525,4.623976516067764,5.238087409221675
20261,3110555,홍익지구대,마포구,골목상권,CS100001,한식음식점,14,0.15432167137013844,0.5113962223865951,0.5255400150783861,3.652830159904251,3.753857250559901
20261,3110557,홍대부속여중고앞,마포구,골목상권,CS100001,한식음식점,40,0.3840288323772688,1.7528732609290596,1.5782213056050132,4.382183152322649,3.945553264012533
20261,3110557,홍대부속여중고앞,마포구,골목상권,CS100005,제과점,5,0.16756830328054212,0.18010948155564432,0.20878802431860408,3.6021896311128865,4.175760486372082
20261,3110557,홍대부속여중고앞,마포구,골목상권,CS100007,치킨전문점,10,0.3212220210959037,0.30957122925253877,0.5011727901102577,3.0957122925253877,5.011727901102577
20261,3110557,홍대부속여중고앞,마포구,골목상권,CS100008,분식전문점,8,0.2227455969923577,0.3583506057790769,0.38221631270709844,4.479382572238461,4.77770390883873
20261,3110557,홍대부속여중고앞,마포구,골목상권,CS100009,호프-간이주점,5,0.11401769084517002,0.1720619366401703,0.1833931171498215,3.441238732803406,3.66786234299643
20261,3110557,홍대부속여중고앞,마포구,골목상권,CS100010,커피-음료,18,0.29638409193914483,0.8199932821813827,0.8614038760051294,4.555518234341014,4.785577088917385
20261,3110558,경성고등학교,마포구,골목상권,CS100001,한식음식점,27,0.2770721367315194,1.4143144036118884,1.0261887198211073,5.2382014948588465,3.8006989623003973
20261,3110558,경성고등학교,마포구,골목상권,CS100004,양식음식점,11,0.28870470779590496,0.5293558329615666,0.5033543526136416,4.812325754196061,4.5759486601240145
20261,3110558,경성고등학교,마포구,골목상권,CS100005,제과점,17,0.2976824228006679,0.6405543619801437,0.7624024497699311,3.7679668351773157,4.484720292764301
20261,3110558,경성고등학교,마포구,골목상권,CS100006,패스트푸드점,7,0.21834144445796416,0.31783442538996864,0.38330595894952546,4.540491791285266,5.4757994135646495
20261,3110558,경성고등학교,마포구,골목상권,CS100009,호프-간이주점,7,0.15173973348675668,0.26142277780001805,0.2583958265889248,3.7346111114288294,3.691368951270354
20261,3110558,경성고등학교,마포구,골목상권,CS100010,커피-음료,44,0.399842200878023,2.1685801641203906,2.213883389338295,4.928591282091797,5.031553157587034
20261,3110559,성산중학교,마포구,골목상권,CS100001,한식음식점,22,0.32404236465586517,1.016607161678888,0.8766364985438205,4.6209416439949464,3.9847113570173662
20261,3110559,성산중학교,마포구,골목상권,CS100003,일식음식점,10,0.2300460261000345,0.36873551291828033,0.49455889200571823,3.6873551291828033,4.945588920057182
20261,3110559,성산중학교,마포구,골목상권,CS100004,양식음식점,15,0.32810508611732,0.5894099177966201,0.7412346443721268,3.9293994519774675,4.941564295814179
20261,3110559,성산중학교,마포구,골목상권,CS100005,제과점,5,0.17198025795754962,0.1795511109674722,0.21929738446767483,3.591022219349444,4.385947689353496
20261,3110559,성산중학교,마포구,골목상권,CS100009,호프-간이주점,19,0.3720723659103414,0.5514599305822362,0.7941571866932128,2.9024206872749274,4.179774666806383
20261,3110559,성산중학교,마포구,골목상권,CS100010,커피-음료,38,0.39570086265140364,1.621398934205655,2.008334459449187,4.266839300541197,5.28509068276102
20261,3110560,마포FM,마포구,골목상권,CS100001,한식음식점,7,0.12462872293954985,0.3305647867887756,0.2679067291256957,4.722354096982508,3.8272389875099386
20261,3110560,마포FM,마포구,골목상권,CS100010,커피-음료,10,0.3908476064620601,0.4473737796236436,0.501906044638606,4.473737796236437,5.01906044638606
20261,3110561,상수역 4번,마포구,골목상권,CS100001,한식음식점,21,0.29215108136078094,0.9586580317314596,0.8316000805989485,4.565038246340284,3.960000383804517
20261,3110561,상수역 4번,마포구,골목상권,CS100003,일식음식점,5,0.13142205706119373,0.19727654043618792,0.23619064585551708,3.945530808723759,4.723812917110341
20261,3110561,상수역 4번,마포구,골목상권,CS100004,양식음식점,7,0.219926772057875,0.2962890711230852,0.3289147588198026,4.232701016044075,4.698782268854322
20261,3110561,상수역 4번,마포구,골목상권,CS100009,호프-간이주점,15,0.3020943542181499,0.45136499468496416,0.6180899027944674,3.0090999645664276,4.120599351963116
20261,3110561,상수역 4번,마포구,골목상권,CS100010,커피-음료,9,0.1969416004385851,0.43734311278506566,0.43209512624210505,4.859367919834063,4.801056958245612
20261,3110562,연트럴파크(연남동주민센터),마포구,골목상권,CS100001,한식음식점,21,0.3782894761527237,1.061684304983617,0.7595260414333699,5.055639547541034,3.616790673492237
20261,3110562,연트럴파크(연남동주민센터),마포구,골목상권,CS100003,일식음식점,9,0.2276525047038613,0.36816524984276433,0.4029386004673276,4.090724998252937,4.477095560748085
20261,3110562,연트럴파크(연남동주민센터),마포구,골목상권,CS100004,양식음식점,13,0.29409616906994085,0.5687765942727583,0.5801193968579561,4.37520457132891,4.462456898907355
20261,3110562,연트럴파크(연남동주민센터),마포구,골목상권,CS100005,제과점,18,0.3574192050426311,0.6336688613997888,0.7834975012044092,3.5203825633321606,4.3527638955800505
20261,3110562,연트럴파크(연남동주민센터),마포구,골목상권,CS100008,분식전문점,9,0.24741390771179314,0.39685503958252305,0.40916888051574546,4.409500439805812,4.546320894619394
20261,3110562,연트럴파크(연남동주민센터),마포구,골목상권,CS100009,호프-간이주점,11,0.2666386622124999,0.369648349709705,0.4044176218948156,3.3604395428155,3.6765238354074143
20261,3110562,연트럴파크(연남동주민센터),마포구,골목상권,CS100010,커피-음료,69,0.4804936688995126,3.046315094059294,3.454990337120981,4.414949411680136,5.007232372639103
20261,3110564,홍대입구역 3번,마포구,골목상권,CS100001,한식음식점,18,0.29366309645190086,0.8889795528726896,0.6979536066744106,4.938775293737165,3.8775200370800595
20261,3110564,홍대입구역 3번,마포구,골목상권,CS100002,중식음식점,8,0.17949187206816855,0.34609838878482313,0.39993671052157764,4.326229859810289,4.999208881519721
20261,3110564,홍대입구역 3번,마포구,골목상권,CS100003,일식음식점,13,0.2569480989216632,0.5024416732130582,0.6471885138041105,3.8649359477927554,4.978373183108542
20261,3110564,홍대입구역 3번,마포구,골목상권,CS100004,양식음식점,26,0.41556745475896767,1.0338624888542414,1.3164177487258506,3.9763941879009286,5.063145187407118
20261,3110564,홍대입구역 3번,마포구,골목상권,CS100005,제과점,5,0.19279897336589116,0.1874887982320181,0.21608847930441435,3.7497759646403623,4.321769586088287
20261,3110564,홍대입구역 3번,마포구,골목상권,CS100008,분식전문점,13,0.3219267012472527,0.5337512404839149,0.6558036410810565,4.105778772953191,5.044643392931204
20261,3110564,홍대입구역 3번,마포구,골목상권,CS100009,호프-간이주점,19,0.3469484977688583,0.5758391529902946,0.7825365506194802,3.0307323841594456,4.118613424313054
20261,3110564,홍대입구역 3번,마포구,골목상권,CS100010,커피-음료,27,0.38659337066189975,1.2397734501012785,1.3745158248255853,4.591753518893624,5.090799351205871
20261,3110565,홍익대,마포구,골목상권,CS100001,한식음식점,5,0.15532480401803553,0.23655073868366214,0.20059920388908217,4.731014773673243,4.011984077781643
20261,3110566,경의선책거리,마포구,골목상권,CS100001,한식음식점,47,0.39324966688100943,2.1659980992790437,1.7928727339765047,4.608506594210731,3.814622838247882
20261,3110566,경의선책거리,마포구,골목상권,CS100003,일식음식점,16,0.30619161491982094,0.6007364562402027,0.7425913810494392,3.7546028515012666,4.641196131558996
20261,3110566,경의선책거리,마포구,골목상권,CS100004,양식음식점,17,0.31356779109112703,0.7027822990424576,0.7707539574787977,4.134013523779162,4.533846808698811
20261,3110566,경의선책거리,마포구,골목상권,CS100005,제과점,15,0.3474786741982689,0.5230721364529434,0.6444896462804127,3.487147576352956,4.296597641869418
20261,3110566,경의선책거리,마포구,골목상권,CS100008,분식전문점,10,0.2779040509698404,0.4430750570003539,0.46007253378631335,4.430750570003539,4.600725337863134
20261,3110566,경의선책거리,마포구,골목상권,CS100009,호프-간이주점,25,0.3767571789556212,0.7440883552301035,0.9665369819966723,2.976353420920414,3.866147927986689
20261,3110566,경의선책거리,마포구,골목상권,CS100010,커피-음료,85,0.47085370960490713,3.5608616560546063,4.306459213018855,4.189249007123067,5.066422603551595
20261,3110568,광흥창역 1번,마포구,골목상권,CS100001,한식음식점,6,0.134055631385494,0.2542323600335119,0.2310443517280147,4.237206000558532,3.8507391954669115
20261,3110568,광흥창역 1번,마포구,골목상권,CS100010,커피-음료,5,0.20271327155374513,0.2196331848328345,0.24512125525926906,4.39266369665669,4.902425105185381
20261,3110569,홍대땡땡거리,마포구,골목상권,CS100001,한식음식점,42,0.3146810615084004,1.8369390092142113,1.6756422000482103,4.373664307652883,3.989624285829072
20261,3110569,홍대땡땡거리,마포구,골목상권,CS100003,일식음식점,8,0.2190072097173847,0.31358301577699743,0.37603341772067567,3.9197876972124677,4.700417721508446
20261,3110569,홍대땡땡거리,마포구,골목상권,CS100004,양식음식점,19,0.36774885560141063,0.7413267180464567,0.9163340309735798,3.9017195686655612,4.822810689334631
20261,3110569,홍대땡땡거리,마포구,골목상권,CS100005,제과점,7,0.14963762471988973,0.2681251785481356,0.30518354916299384,3.8303596935447946,4.35976498804277
20261,3110569,홍대땡땡거리,마포구,골목상권,CS100006,패스트푸드점,6,0.1793143319178873,0.22884054721088803,0.32925189179261327,3.814009120181467,5.487531529876888
20261,3110569,홍대땡땡거리,마포구,골목상권,CS100009,호프-간이주점,19,0.3199312175851532,0.5715488910942365,0.7654342014547239,3.0081520583907184,4.02860106028802
20261,3110569,홍대땡땡거리,마포구,골목상권,CS100010,커피-음료,36,0.37184412310975423,1.6030389849065152,1.8278064435784689,4.452886069184765,5.077240121051303
20261,3110570,KB국민은행 서강지점,마포구,골목상권,CS100001,한식음식점,5,0.11756124824988336,0.19733669928974393,0.1891463916320143,3.9467339857948787,3.7829278326402855
20261,3110571,신수동주민센터,마포구,골목상권,CS100001,한식음식점,11,0.2134777057124607,0.4863379083829339,0.41028296783732066,4.421253712572126,3.729845162157461
20261,3110571,신수동주민센터,마포구,골목상권,CS100008,분식전문점,5,0.12629984459339436,0.19345362228838767,0.2356317324387047,3.869072445767753,4.7126346487740935
20261,3110571,신수동주민센터,마포구,골목상권,CS100010,커피-음료,9,0.3610641011478627,0.3978639673487773,0.4245088299438481,4.420710748319748,4.716764777153867
20261,3110572,서강대역 1번,마포구,골목상권,CS100001,한식음식점,37,0.3657596155799012,1.878530219829469,1.3693926506212792,5.077108702241808,3.7010612178953495
20261,3110572,서강대역 1번,마포구,골목상권,CS100004,양식음식점,11,0.257302118264816,0.5077339976919848,0.4773403365237995,4.61576361538168,4.339457604761813
20261,3110572,서강대역 1번,마포구,골목상권,CS100005,제과점,8,0.1901626924091935,0.32041876755236887,0.3253222903081429,4.005234594404611,4.066528628851787
20261,3110572,서강대역 1번,마포구,골목상권,CS100008,분식전문점,12,0.2880552243714655,0.542699489576786,0.5477442291979301,4.522495746473218,4.564535243316084
20261,3110572,서강대역 1번,마포구,골목상권,CS100009,호프-간이주점,8,0.22836083190546738,0.29470868647848675,0.28418257816386805,3.6838585809810844,3.5522822270483507
20261,3110572,서강대역 1번,마포구,골목상권,CS100010,커피-음료,31,0.39362567442113783,1.5318876575466374,1.4479675681309208,4.94157308886012,4.67086312300297
20261,3110575,대흥동주민센터,마포구,골목상권,CS100001,한식음식점,8,0.16488353745132203,0.3715041308428393,0.31986673651992276,4.643801635535491,3.9983342064990346
20261,3110576,대흥역 3번,마포구,골목상권,CS100001,한식음식점,34,0.3004733506721799,1.56047939685691,1.2936696321165195,4.5896452848732645,3.8049106826956454
20261,3110576,대흥역 3번,마포구,골목상권,CS100003,일식음식점,7,0.15575261143629876,0.2829611616986178,0.3149380291313113,4.042302309980254,4.499114701875876
20261,3110576,대흥역 3번,마포구,골목상권,CS100004,양식음식점,17,0.2914981289031843,0.6802405284652867,0.7855207972370626,4.001414873325216,4.620710571982721
20261,3110576,대흥역 3번,마포구,골목상권,CS100006,패스트푸드점,5,0.15395792967308047,0.20583413938472747,0.2633510250430848,4.1166827876945495,5.267020500861695
20261,3110576,대흥역 3번,마포구,골목상권,CS100008,분식전문점,7,0.19928037450898536,0.2968583954141496,0.3185509884708599,4.240834220202137,4.550728406726569
20261,3110576,대흥역 3번,마포구,골목상권,CS100009,호프-간이주점,13,0.2769349817331794,0.40939834788258456,0.4926857646399221,3.1492180606352655,3.78989049723017
20261,3110576,대흥역 3번,마포구,골목상권,CS100010,커피-음료,23,0.4108506134186623,1.0688651136596217,1.0921247394085871,4.647239624607051,4.748368432211248
20261,3110577,용강동주민센터,마포구,골목상권,CS100001,한식음식점,9,0.1125461547493493,0.3644939091110235,0.3540482409032998,4.049932323455816,3.9338693433699974
20261,3110577,용강동주민센터,마포구,골목상권,CS100010,커피-음료,6,0.13314698700316124,0.26400494277029884,0.2972451231722896,4.400082379504981,4.954085386204827
20261,3110578,대흥역 2번,마포구,골목상권,CS100001,한식음식점,41,0.40955144718326175,2.1129763192593662,1.6052603784296957,5.153600778681381,3.915269215682185
20261,3110578,대흥역 2번,마포구,골목상권,CS100002,중식음식점,5,0.09761113970335664,0.26257766567771973,0.23286297754032448,5.251553313554394,4.65725955080649
20261,3110578,대흥역 2번,마포구,골목상권,CS100004,양식음식점,5,0.1491829574439993,0.2710119573640119,0.21845218403848848,5.420239147280238,4.36904368076977
20261,3110578,대흥역 2번,마포구,골목상권,CS100005,제과점,13,0.26583047908850405,0.5309069618221157,0.5768562318743686,4.083899706323967,4.437355629802835
20261,3110578,대흥역 2번,마포구,골목상권,CS100006,패스트푸드점,10,0.3719637960213586,0.4810882623491224,0.5674422024814544,4.810882623491223,5.674422024814544
20261,3110578,대흥역 2번,마포구,골목상권,CS100007,치킨전문점,5,0.10005755969187868,0.19333743592054103,0.23697301772682383,3.866748718410821,4.739460354536477
20261,3110578,대흥역 2번,마포구,골목상권,CS100008,분식전문점,18,0.30017485436701874,0.8417657935407427,0.892686898811852,4.676476630781903,4.959371660065845
20261,3110578,대흥역 2번,마포구,골목상권,CS100009,호프-간이주점,8,0.21840827205555294,0.3087040729367904,0.2995593170241275,3.85880091170988,3.744491462801594
20261,3110578,대흥역 2번,마포구,골목상권,CS100010,커피-음료,23,0.4171735904854488,1.2692346581803422,1.11628023606501,5.518411557305836,4.853392330717434
20261,3110579,마포역 4번,마포구,골목상권,CS100001,한식음식점,7,0.19916510041896973,0.3114738789733827,0.25789914811854747,4.449626842476896,3.684273544550678
20261,3110579,마포역 4번,마포구,골목상권,CS100004,양식음식점,5,0.16986480903127446,0.19161129381467415,0.22971796002299,3.8322258762934833,4.5943592004598
20261,3110580,양원초등학교,마포구,골목상권,CS100001,한식음식점,10,0.1595642142909177,0.43569488288118774,0.422510080294792,4.356948828811878,4.22510080294792
20261,3110582,이대역 5번,마포구,골목상권,CS100001,한식음식점,16,0.3010722346329955,0.661116996670314,0.618652232261777,4.131981229189463,3.8665764516361065
20261,3110582,이대역 5번,마포구,골목상권,CS100010,커피-음료,5,0.15003463790057509,0.2214361818473739,0.22882184557192217,4.428723636947478,4.576436911438443
20261,3110583,공덕래미안3차아파트,마포구,골목상권,CS100001,한식음식점,5,0.11201644153443867,0.20643238562399155,0.2105762029906089,4.1286477124798315,4.211524059812178
20261,3110584,아현역 4번,마포구,골목상권,CS100009,호프-간이주점,5,0.13475397576476475,0.10837357924604635,0.18172786101306423,2.1674715849209267,3.634557220261285
20261,3110586,서울서부지방법원,마포구,골목상권,CS100001,한식음식점,68,0.3982970047576771,3.1274303598275583,2.6824784906307064,4.599162293864056,3.944821309751039
20261,3110586,서울서부지방법원,마포구,골목상권,CS100002,중식음식점,6,0.13485012667176666,0.2780367874620554,0.27396365709734966,4.633946457700923,4.566060951622494
20261,3110586,서울서부지방법원,마포구,골목상권,CS100003,일식음식점,7,0.16167857091794727,0.3057771090673816,0.3124689303607298,4.368244415248308,4.463841862296141
20261,3110586,서울서부지방법원,마포구,골목상권,CS100004,양식음식점,7,0.1976838396559938,0.33889468293087927,0.30406815649660346,4.841352613298276,4.343830807094335
20261,3110586,서울서부지방법원,마포구,골목상권,CS100008,분식전문점,5,0.11810565193744345,0.2755116894093161,0.22577684515308566,5.510233788186322,4.515536903061713
20261,3110586,서울서부지방법원,마포구,골목상권,CS100009,호프-간이주점,10,0.21781916437269544,0.3440144060846099,0.36885682549237714,3.4401440608460994,3.6885682549237715
20261,3110586,서울서부지방법원,마포구,골목상권,CS100010,커피-음료,20,0.2958646436095381,1.020596577823067,0.9340160754495395,5.102982889115335,4.670080377247697
20261,3110587,공덕동주민센터,마포구,골목상권,CS100001,한식음식점,11,0.1901742126637685,0.5101460382476539,0.4251743147483406,4.637691256796854,3.8652210431667324
20261,3110587,공덕동주민센터,마포구,골목상권,CS100007,치킨전문점,5,0.15632595376646485,0.17026938386711737,0.25884952365239,3.4053876773423477,5.1769904730478
20261,3110587,공덕동주민센터,마포구,골목상권,CS100009,호프-간이주점,6,0.18451708352325852,0.18272791260393328,0.2360848544145465,3.045465210065555,3.9347475735757746
20261,3110587,공덕동주민센터,마포구,골목상권,CS100010,커피-음료,11,0.2784648857263778,0.5089691106888741,0.5461240640522804,4.6269919153534005,4.964764218657095
20261,3110588,한겨레신문사,마포구,골목상권,CS100001,한식음식점,13,0.21174720094260804,0.6257705406779551,0.4983938788778842,4.813619543676578,3.8337990682914174
20261,3110588,한겨레신문사,마포구,골목상권,CS100010,커피-음료,6,0.128163307872068,0.3150431632256454,0.28152420137912615,5.25071938709409,4.692070022985436
20261,3110590,만리재,마포구,골목상권,CS100001,한식음식점,14,0.2862656984418751,0.6646885777970825,0.5478894173269312,4.747775555693446,3.9134958380495086
20261,3110590,만리재,마포구,골목상권,CS100009,호프-간이주점,6,0.1429581759729032,0.20752795392257808,0.23807128449117718,3.458799232042968,3.96785474151962
20261,3110591,충정로역 6번,중구,골목상권,CS100001,한식음식점,10,0.1362334943187621,0.3483839101651824,0.3110807590495393,3.483839101651824,3.110807590495393
20261,3110592,서울금융고등학교,양천구,골목상권,CS100001,한식음식점,7,0.1369323353037831,0.27667855370554145,0.2837027477004937,3.9525507672220206,4.052896395721339
20261,3110593,신월3동주민센터,양천구,골목상권,CS100001,한식음식점,28,0.377837194265025,1.1825495820493754,1.1614118317233164,4.223391364462055,4.147899399011845
20261,3110593,신월3동주민센터,양천구,골목상권,CS100009,호프-간이주점,15,0.30468147075757046,0.41545587599396794,0.6323498888531042,2.7697058399597863,4.215665925687361
20261,3110593,신월3동주민센터,양천구,골목상권,CS100010,커피-음료,9,0.408228498666281,0.44352448640858766,0.44833505996196066,4.928049848984307,4.981500666244007
20261,3110594,신월중학교,양천구,골목상권,CS100001,한식음식점,7,0.13246014013023444,0.27709814864490157,0.2859200442178021,3.9585449806414506,4.084572060254316
20261,3110594,신월중학교,양천구,골목상권,CS100010,커피-음료,6,0.1663319024552056,0.2300969553557405,0.3096412089447635,3.8349492559290086,5.160686815746058
20261,3110595,메디힐병원,양천구,골목상권,CS100001,한식음식점,31,0.28571249545679983,1.2247716253520482,1.2744660683343627,3.950876210813058,4.111180865594719
20261,3110595,메디힐병원,양천구,골목상권,CS100009,호프-간이주점,11,0.26109595211156,0.30608000451325496,0.44948583898776595,2.782545495575045,4.086234899888781
20261,3110595,메디힐병원,양천구,골목상권,CS100010,커피-음료,9,0.20287456712079402,0.39897154713629956,0.4382937721955469,4.433017190403329,4.8699308021727425
20261,3110596,서서울호수공원,양천구,골목상권,CS100010,커피-음료,12,0.27161745119337266,0.5366943302611009,0.6768995714716968,4.47245275217584,5.64082976226414
20261,3110597,신월1동주민센터,양천구,골목상권,CS100001,한식음식점,32,0.3765509341240421,1.3936151762663456,1.36019134165811,4.35504742583233,4.250597942681593
20261,3110597,신월1동주민센터,양천구,골목상권,CS100009,호프-간이주점,21,0.35936123390392655,0.5844602059726786,0.9184647987748045,2.783143837965136,4.37364189892764
20261,3110597,신월1동주민센터,양천구,골목상권,CS100010,커피-음료,5,0.11629319470277301,0.2561847124013894,0.24134454025603827,5.123694248027788,4.826890805120765
20261,3110598,신월문화체육센터,양천구,골목상권,CS100001,한식음식점,18,0.2721587479713069,0.7222151655884179,0.7135689567397902,4.0123064754912106,3.964271981887723
20261,3110598,신월문화체육센터,양천구,골목상권,CS100007,치킨전문점,5,0.11239014135559863,0.14975269980545236,0.255928944177633,2.995053996109047,5.11857888355266
20261,3110598,신월문화체육센터,양천구,골목상권,CS100008,분식전문점,11,0.29498824972696347,0.384417267637527,0.5636664759300315,3.494702433068427,5.124240690273014
20261,3110598,신월문화체육센터,양천구,골목상권,CS100009,호프-간이주점,11,0.23906098278213775,0.2885835038092205,0.44765199929088306,2.6234863982656407,4.069563629917119
20261,3110598,신월문화체육센터,양천구,골목상권,CS100010,커피-음료,7,0.15981583997477136,0.31526099306350786,0.3364389988971663,4.503728472335826,4.806271412816661
20261,3110599,신월1파출소,양천구,골목상권,CS100001,한식음식점,24,0.3320903929631752,0.9852277804605065,1.0425321517129449,4.1051157519187775,4.343883965470604
20261,3110599,신월1파출소,양천구,골목상권,CS100009,호프-간이주점,8,0.21106172230508907,0.22651570811050561,0.3426533757973913,2.83144635138132,4.2831671974673915
20261,3110599,신월1파출소,양천구,골목상권,CS100010,커피-음료,5,0.12855477969361254,0.2306195645663712,0.2506487107617886,4.612391291327424,5.012974215235771
20261,3110600,신월7동주민센터,양천구,골목상권,CS100001,한식음식점,27,0.3698254457837135,1.0405623760342089,1.1180325251609877,3.8539347260526253,4.140861204299955
20261,3110600,신월7동주민센터,양천구,골목상권,CS100009,호프-간이주점,6,0.12425634242827571,0.17150526447032532,0.239746389065609,2.858421074505422,3.9957731510934833
20261,3110601,신월1동우편취급국,양천구,골목상권,CS100001,한식음식점,38,0.3377854815677389,1.6661331780188666,1.635574594552485,4.384560994786491,4.304143669874961
20261,3110601,신월1동우편취급국,양천구,골목상권,CS100009,호프-간이주점,14,0.32641863085475176,0.4232587071011736,0.5988641534533403,3.023276479294097,4.277601096095288
20261,3110601,신월1동우편취급국,양천구,골목상권,CS100010,커피-음료,8,0.19160325422559013,0.41111358309813856,0.4001477052194195,5.138919788726732,5.0018463152427435
20261,3110602,신월시영아파트중문,양천구,골목상권,CS100001,한식음식점,8,0.21134987036856467,0.2833831362723215,0.32205524670133084,3.5422892034040183,4.025690583766636
20261,3110604,신월4동주민센터,양천구,골목상권,CS100001,한식음식점,18,0.26955096219072133,0.7351698195307127,0.7683944219531215,4.084276775170626,4.268857899739563
20261,3110604,신월4동주민센터,양천구,골목상권,CS100009,호프-간이주점,6,0.16937782435833776,0.17171696139848838,0.2531320785579926,2.861949356641473,4.218867975966543
20261,3110605,목동센트럴아이파크앞,양천구,골목상권,CS100001,한식음식점,19,0.2204134518529636,0.5376225812468628,0.699464356514788,2.829592532878225,3.6813913500778317
20261,3110605,목동센트럴아이파크앞,양천구,골목상권,CS100007,치킨전문점,5,0.41242625719375153,0.10923374864148631,0.23781305271955167,2.1846749728297263,4.756261054391033
20261,3110605,목동센트럴아이파크앞,양천구,골목상권,CS100010,커피-음료,5,0.12931049821564902,0.16074549578688707,0.21674361201740447,3.2149099157377417,4.33487224034809
20261,3110606,신한은행 신월동지점,양천구,골목상권,CS100001,한식음식점,42,0.3752192474580799,1.7938805878147086,1.7706204382110196,4.271144256701687,4.215762948121475
20261,3110606,신한은행 신월동지점,양천구,골목상권,CS100006,패스트푸드점,5,0.14164697629041287,0.21181643230527603,0.29116457558113973,4.2363286461055205,5.823291511622795
20261,3110606,신한은행 신월동지점,양천구,골목상권,CS100007,치킨전문점,5,0.11686528250193216,0.1532720174582669,0.2530353284545796,3.065440349165338,5.060706569091592
20261,3110606,신한은행 신월동지점,양천구,골목상권,CS100008,분식전문점,6,0.13522037649067903,0.2708712878182048,0.2996865264201665,4.514521463636747,4.994775440336109
20261,3110606,신한은행 신월동지점,양천구,골목상권,CS100009,호프-간이주점,19,0.3234555601227067,0.5586824679447678,0.8089320504266527,2.9404340418145676,4.257537107508699
20261,3110606,신한은행 신월동지점,양천구,골목상권,CS100010,커피-음료,5,0.1079001914836668,0.2527345215032475,0.2344624161017243,5.05469043006495,4.689248322034486
20261,3110607,금빛새마을금고본점,양천구,골목상권,CS100001,한식음식점,10,0.1642270425101305,0.36702410380506817,0.42763416536673265,3.670241038050682,4.276341653667327
20261,3110608,신월2동주민센터,양천구,골목상권,CS100001,한식음식점,6,0.17382432256295102,0.2831317999255468,0.25256222476858914,4.718863332092447,4.209370412809819
20261,3110608,신월2동주민센터,양천구,골목상권,CS100010,커피-음료,7,0.13152960585947598,0.3278910365371912,0.38284821761597126,4.684157664817017,5.469260251656732
20261,3110611,신정역 1번,양천구,골목상권,CS100001,한식음식점,12,0.22449606682818954,0.5394263246444795,0.5415361339899893,4.4952193720373295,4.512801116583245
20261,3110612,신정역 5번,양천구,골목상권,CS100001,한식음식점,20,0.3069573091349323,0.9322029645374552,0.889121388033114,4.661014822687276,4.44560694016557
20261,3110612,신정역 5번,양천구,골목상권,CS100008,분식전문점,10,0.2443630658477962,0.4041423904091944,0.5652012481253001,4.0414239040919435,5.652012481253001
20261,3110612,신정역 5번,양천구,골목상권,CS100009,호프-간이주점,7,0.1719293155013384,0.22327351337696977,0.30767918310929,3.1896216196709966,4.395416901561285
20261,3110612,신정역 5번,양천구,골목상권,CS100010,커피-음료,8,0.18705624855572942,0.3920759043821125,0.4280672137044662,4.900948804776406,5.350840171305828
20261,3110613,신정네거리역 4번,양천구,골목상권,CS100001,한식음식점,8,0.15267847671577517,0.29506369992246606,0.34281389021250447,3.6882962490308255,4.285173627656306
20261,3110614,목동로데오거리,양천구,골목상권,CS100001,한식음식점,18,0.30704518948597553,0.7038436790641341,0.8093158070839578,3.910242661467412,4.49619892824421
20261,3110614,목동로데오거리,양천구,골목상권,CS100009,호프-간이주점,5,0.12577109155484323,0.13510109199043677,0.21854544511766094,2.7020218398087352,4.370908902353219
20261,3110614,목동로데오거리,양천구,골목상권,CS100010,커피-음료,5,0.24293747349238295,0.2184176278745935,0.26520152552210996,4.36835255749187,5.3040305104422
20261,3110615,신서초등학교,양천구,골목상권,CS100001,한식음식점,21,0.2606868985367905,0.7551153758321844,0.9217317554992048,3.595787503962783,4.389198835710499
20261,3110615,신서초등학교,양천구,골목상권,CS100010,커피-음료,12,0.29408150726385734,0.4527909864515891,0.6519434307317249,3.773258220429909,5.432861922764374
20261,3110616,양목초등학교,양천구,골목상권,CS100001,한식음식점,5,0.11632545693932585,0.2051259189459111,0.20469442225579143,4.102518378918222,4.093888445115828
20261,3110617,등촌역 4번,양천구,골목상권,CS100010,커피-음료,6,0.16225973873574775,0.2377647407263707,0.32830948383045766,3.962745678772845,5.4718247305076275
20261,3110618,강서고등학교,양천구,골목상권,CS100001,한식음식점,20,0.2864395659011099,0.8929377934492345,0.9621017730751835,4.464688967246173,4.810508865375917
20261,3110618,강서고등학교,양천구,골목상권,CS100009,호프-간이주점,8,0.2252707256346794,0.25784188047058143,0.38754368679887663,3.223023505882268,4.844296084985958
20261,3110619,목4동주민센터,양천구,골목상권,CS100001,한식음식점,6,0.26323865343857844,0.2496046337502245,0.2807374217673334,4.160077229170408,4.678957029455557
20261,3110620,목동보건지소,양천구,골목상권,CS100001,한식음식점,23,0.29707185936855746,1.0076562551267507,0.9988236045217156,4.3811141527250035,4.342711324007459
20261,3110620,목동보건지소,양천구,골목상권,CS100007,치킨전문점,8,0.2168399244774172,0.26241152870857176,0.45684400496959954,3.2801441088571472,5.710550062119994
20261,3110620,목동보건지소,양천구,골목상권,CS100008,분식전문점,10,0.2558998397271498,0.4075913076628844,0.5516528065414903,4.075913076628844,5.516528065414903
20261,3110620,목동보건지소,양천구,골목상권,CS100009,호프-간이주점,7,0.18655697418765285,0.22886936987530201,0.3010140423278072,3.2695624267900283,4.30020060468296
20261,3110620,목동보건지소,양천구,골목상권,CS100010,커피-음료,18,0.3485381158600635,0.8347420596835434,0.993236804406994,4.6374558871307965,5.517982246705523
20261,3110621,목동역 5번,양천구,골목상권,CS100001,한식음식점,6,0.1103063389742536,0.2303110077549818,0.23921453411626423,3.8385167959163633,3.986908901937737
20261,3110621,목동역 5번,양천구,골목상권,CS100010,커피-음료,5,0.14419080800650966,0.18560124566785255,0.2512375277586709,3.712024913357051,5.024750555173418
20261,3110622,달마을공원,양천구,골목상권,CS100001,한식음식점,13,0.1996017233158239,0.524307531145102,0.5490604147338415,4.033134854962324,4.22354165179878
20261,3110622,달마을공원,양천구,골목상권,CS100005,제과점,5,0.18114895427780653,0.15285128683431395,0.24146393568727642,3.057025736686279,4.829278713745529
20261,3110622,달마을공원,양천구,골목상권,CS100010,커피-음료,5,0.11942331479630822,0.21068151769358623,0.25315267735723945,4.213630353871724,5.063053547144789
20261,3110624,목동문화체육센터,양천구,골목상권,CS100001,한식음식점,5,0.15198438240287462,0.20595349472465885,0.22239972908885555,4.119069894493177,4.4479945817771105
20261,3110625,신정2동주민센터,양천구,골목상권,CS100001,한식음식점,27,0.2797683741870801,1.0687764026894466,1.158001762512488,3.9584311210720244,4.2888954167129185
20261,3110625,신정2동주민센터,양천구,골목상권,CS100004,양식음식점,6,0.14198852761654887,0.2226863957170551,0.2961633169554235,3.7114399286175845,4.936055282590391
20261,3110625,신정2동주민센터,양천구,골목상권,CS100005,제과점,6,0.13355706376703644,0.18297523035823868,0.28238510153989616,3.0495871726373114,4.706418358998269
20261,3110625,신정2동주민센터,양천구,골목상권,CS100007,치킨전문점,5,0.15605449961480505,0.13995204427787158,0.2660254557913679,2.7990408855574316,5.320509115827358
20261,3110625,신정2동주민센터,양천구,골목상권,CS100008,분식전문점,6,0.19212380674085427,0.22353766313393345,0.31047435695036596,3.7256277188988904,5.174572615839432
20261,3110625,신정2동주민센터,양천구,골목상권,CS100010,커피-음료,25,0.39280224637043987,0.9948867277578746,1.370381818691284,3.979546911031498,5.481527274765136
20261,3110626,양화초등학교,양천구,골목상권,CS100001,한식음식점,5,0.174795249378391,0.2364831100768694,0.21688678214960855,4.729662201537388,4.337735642992171
20261,3110626,양화초등학교,양천구,골목상권,CS100010,커피-음료,8,0.23002210115391017,0.37175645045712197,0.46162735031701085,4.646955630714024,5.770341878962635
20261,3110627,신정롯데캐슬아파트,양천구,골목상권,CS100001,한식음식점,28,0.33394293716798573,1.1787787331921389,1.2624192471661086,4.209924047114781,4.5086401684503885
20261,3110627,신정롯데캐슬아파트,양천구,골목상권,CS100004,양식음식점,5,0.19411893321143583,0.2045398447221037,0.2563157894013405,4.090796894442074,5.12631578802681
20261,3110627,신정롯데캐슬아파트,양천구,골목상권,CS100005,제과점,9,0.17581743635357552,0.29808354790444747,0.4599002692898347,3.3120394211605273,5.1100029921092744
20261,3110627,신정롯데캐슬아파트,양천구,골목상권,CS100007,치킨전문점,7,0.1513495138862103,0.2121675626261852,0.401994488478192,3.030965180374074,5.742778406831315
20261,3110627,신정롯데캐슬아파트,양천구,골목상권,CS100008,분식전문점,6,0.14217501010208117,0.2345429717177014,0.3248025111633387,3.909049528628356,5.413375186055645
20261,3110627,신정롯데캐슬아파트,양천구,골목상권,CS100009,호프-간이주점,6,0.20436991985445546,0.18810243169064902,0.2604406368402987,3.1350405281774836,4.340677280671645
20261,3110627,신정롯데캐슬아파트,양천구,골목상권,CS100010,커피-음료,12,0.34818933894771587,0.5651490057303266,0.6606983389341176,4.709575047752721,5.505819491117647
20261,3110630,공항시장역 1번,강서구,골목상권,CS100001,한식음식점,25,0.2817221135943481,1.2238252094664999,1.1965524421712361,4.8953008378659995,4.7862097686849445
20261,3110630,공항시장역 1번,강서구,골목상권,CS100009,호프-간이주점,6,0.17376693271743215,0.20926698363674615,0.27718313773221037,3.487783060612436,4.619718962203506
20261,3110630,공항시장역 1번,강서구,골목상권,CS100010,커피-음료,15,0.31058063799463576,0.7546753415912585,0.8893927026536224,5.031168943941723,5.929284684357483
20261,3110631,방화초등학교,강서구,골목상권,CS100010,커피-음료,5,0.15256358304965964,0.25328429165985605,0.3129293378536522,5.065685833197121,6.258586757073044
20261,3110632,방화역 3번,강서구,골목상권,CS100001,한식음식점,13,0.14953222990977585,0.57209638620329,0.5971727007548373,4.400741432333,4.593636159652595
20261,3110632,방화역 3번,강서구,골목상권,CS100007,치킨전문점,6,0.165468928726938,0.1848980435634271,0.3670638661576723,3.081634059390452,6.117731102627872
20261,3110632,방화역 3번,강서구,골목상권,CS100010,커피-음료,8,0.19187295058052478,0.37053975316399773,0.45775158040742137,4.6317469145499715,5.721894755092767
20261,3110633,개화산역 1번,강서구,골목상권,CS100001,한식음식점,23,0.2262086578794566,0.8257099583845792,0.9654922951290505,3.5900432973242573,4.197792587517611
20261,3110633,개화산역 1번,강서구,골목상권,CS100009,호프-간이주점,10,0.20494832242105612,0.24578127912848732,0.422265654580378,2.4578127912848733,4.222656545803781
20261,3110634,송정역 3번,강서구,골목상권,CS100001,한식음식점,42,0.36834659282979465,2.1175737246722797,2.063603226691578,5.041842201600666,4.913341015932328
20261,3110634,송정역 3번,강서구,골목상권,CS100008,분식전문점,6,0.14686063053356324,0.3183075074832587,0.34904624065458956,5.305125124720978,5.817437344243159
20261,3110634,송정역 3번,강서구,골목상권,CS100009,호프-간이주점,20,0.29682458938999884,0.6866230220327008,0.9948606706034723,3.433115110163504,4.974303353017361
20261,3110634,송정역 3번,강서구,골목상권,CS100010,커피-음료,12,0.2967028952617148,0.6758909444657552,0.6970876774961451,5.632424537214626,5.809063979134542
20261,3110635,공항시장역 3번,강서구,골목상권,CS100001,한식음식점,14,0.21313901075463734,0.5790572784110473,0.6131135824627432,4.136123417221766,4.379382731876737
20261,3110635,공항시장역 3번,강서구,골목상권,CS100009,호프-간이주점,6,0.191394376128672,0.1697166747487426,0.2639765463043621,2.8286112458123767,4.399609105072702
20261,3110636,방화역 2번,강서구,골목상권,CS100001,한식음식점,17,0.26013680395440225,0.7323858143354299,0.7773993961419972,4.308151849031941,4.572937624364689
20261,3110636,방화역 2번,강서구,골목상권,CS100010,커피-음료,8,0.19085695566615482,0.37699044657164327,0.44860453670081907,4.712380582145541,5.607556708760239
20261,3110637,송정역 2번,강서구,골목상권,CS100001,한식음식점,9,0.12299161197104015,0.39676052221057206,0.4122892834982721,4.408450246784134,4.58099203886969
20261,3110637,송정역 2번,강서구,골목상권,CS100010,커피-음료,5,0.11654639275815869,0.25638899165874734,0.2871452956824659,5.127779833174947,5.7429059136493175
20261,3110638,신방화역 2번,강서구,골목상권,CS100001,한식음식점,42,0.3354184407216816,2.0504808810451225,2.121306419335032,4.882097335821721,5.050729569845315
20261,3110638,신방화역 2번,강서구,골목상권,CS100002,중식음식점,6,0.13647221301182072,0.28180141991459634,0.36198453461518004,4.696690331909939,6.033075576919667
20261,3110638,신방화역 2번,강서구,골목상권,CS100005,제과점,5,0.13297559422828054,0.20270164940301977,0.2666318825994967,4.054032988060395,5.332637651989934
20261,3110638,신방화역 2번,강서구,골목상권,CS100007,치킨전문점,10,0.2552704962368763,0.3418571584527122,0.6382591786966312,3.418571584527122,6.382591786966311
20261,3110638,신방화역 2번,강서구,골목상권,CS100008,분식전문점,9,0.23303193692025875,0.4166752027917106,0.5474558192096323,4.629724475463451,6.08284243566258
20261,3110638,신방화역 2번,강서구,골목상권,CS100009,호프-간이주점,6,0.16252689905386755,0.2198100041636447,0.2828395282287817,3.663500069394079,4.713992137146362
20261,3110638,신방화역 2번,강서구,골목상권,CS100010,커피-음료,18,0.3107388972665462,0.9727707429006033,1.1085060409684147,5.4042819050033515,6.158366894268971
20261,3110639,신방화역 8번,강서구,골목상권,CS100001,한식음식점,11,0.25446762881742035,0.5452399887347301,0.5218073198264988,4.9567271703157285,4.743702907513625
20261,3110639,신방화역 8번,강서구,골목상권,CS100010,커피-음료,5,0.16232822283425485,0.25783298789794473,0.2879435248164389,5.156659757958894,5.758870496328779
20261,3110640,방화역 1번,강서구,골목상권,CS100001,한식음식점,21,0.26772966982240626,0.9398883328043774,0.9155723472396684,4.4756587276398925,4.359868320188897
20261,3110640,방화역 1번,강서구,골목상권,CS100002,중식음식점,5,0.17289090964992768,0.20397300861454848,0.2690351841119769,4.07946017229097,5.380703682239538
20261,3110640,방화역 1번,강서구,골목상권,CS100008,분식전문점,5,0.10886103638203097,0.22089158498573133,0.2662884221492283,4.417831699714626,5.325768442984566
20261,3110640,방화역 1번,강서구,골목상권,CS100009,호프-간이주점,7,0.14695593742565918,0.22152563156364916,0.30201297817496664,3.1646518794807026,4.314471116785238
20261,3110640,방화역 1번,강서구,골목상권,CS100010,커피-음료,7,0.12678166369947524,0.36400954348480596,0.36735485744176416,5.200136335497228,5.247926534882345
20261,3110641,공항고등학교,강서구,골목상권,CS100001,한식음식점,14,0.22337878852166065,0.5973586436259906,0.6466735648622994,4.266847454471361,4.619096891873568
20261,3110643,강서구다솔마을,강서구,골목상권,CS100001,한식음식점,19,0.24335330553007908,0.8772544610203054,0.9506946871821973,4.617128742212134,5.003656248327354
20261,3110643,강서구다솔마을,강서구,골목상권,CS100010,커피-음료,7,0.1601273693096676,0.3456440810024068,0.41986965257636427,4.937772585748668,5.998137893948061
20261,3110644,신광명마을,강서구,골목상권,CS100001,한식음식점,5,0.10746050203751538,0.21288425190771942,0.20213096843992698,4.2576850381543885,4.0426193687985394
20261,3110645,우장산역 4번,강서구,골목상권,CS100001,한식음식점,20,0.25911053739709666,0.9899340510848835,0.9425513560494276,4.949670255424418,4.712756780247139
20261,3110645,우장산역 4번,강서구,골목상권,CS100005,제과점,6,0.1274767845865444,0.24659023452403203,0.3212408941790954,4.109837242067201,5.3540149029849236
20261,3110645,우장산역 4번,강서구,골목상권,CS100006,패스트푸드점,8,0.22161585418966082,0.34565489224071694,0.5627594232837507,4.320686153008961,7.034492791046884
20261,3110645,우장산역 4번,강서구,골목상권,CS100007,치킨전문점,5,0.15593863189247573,0.1850658123411294,0.3017972879925296,3.7013162468225875,6.035945759850591
20261,3110645,우장산역 4번,강서구,골목상권,CS100008,분식전문점,14,0.3085716304899522,0.5784386099795662,0.8567649088231234,4.131704356996901,6.119749348736596
20261,3110645,우장산역 4번,강서구,골목상권,CS100010,커피-음료,20,0.26208807085456226,0.9987809816069212,1.212653096865081,4.993904908034606,6.063265484325405
20261,3110646,푸른들청소년도서관,강서구,골목상권,CS100001,한식음식점,70,0.42368829929015206,3.410803293445569,3.533627706739755,4.87257613349367,5.048039581056792
20261,3110646,푸른들청소년도서관,강서구,골목상권,CS100002,중식음식점,7,0.20894487759139976,0.3442885342460899,0.4131994419903693,4.918407632086998,5.90284917129099
20261,3110646,푸른들청소년도서관,강서구,골목상권,CS100006,패스트푸드점,5,0.2084672300476134,0.23322979090278848,0.33308991097539326,4.664595818055769,6.661798219507865
20261,3110646,푸른들청소년도서관,강서구,골목상권,CS100007,치킨전문점,6,0.22285799558474834,0.22722638911049667,0.3583660549044522,3.7871064851749443,5.972767581740871
20261,3110646,푸른들청소년도서관,강서구,골목상권,CS100008,분식전문점,8,0.2950074341321772,0.4074559217702798,0.46931803626546303,5.0931990221284975,5.866475453318288
20261,3110646,푸른들청소년도서관,강서구,골목상권,CS100009,호프-간이주점,11,0.2614355356777622,0.4069358569868716,0.5230828965187705,3.6994168816988333,4.75529905926155
20261,3110646,푸른들청소년도서관,강서구,골목상권,CS100010,커피-음료,19,0.33989758662842967,1.0227192261976246,1.1275429934502392,5.382732769461182,5.934436807632839
20261,3110647,화곡역 5번,강서구,골목상권,CS100001,한식음식점,58,0.4201752416093678,2.902961969615864,2.9617218568897252,5.005106844165283,5.106416994637457
20261,3110647,화곡역 5번,강서구,골목상권,CS100008,분식전문점,10,0.2835745972386698,0.48078520185411605,0.6056135627675274,4.80785201854116,6.056135627675275
20261,3110647,화곡역 5번,강서구,골목상권,CS100009,호프-간이주점,16,0.3520966826084985,0.5604237383823834,0.7952857195186077,3.502648364889896,4.970535746991298
20261,3110647,화곡역 5번,강서구,골목상권,CS100010,커피-음료,15,0.3825657710189326,0.8656081838611556,0.9026076233037562,5.770721225741037,6.017384155358375
20261,3110648,양천향교역 7번,강서구,골목상권,CS100001,한식음식점,57,0.37407950842365256,2.32768731724082,2.376515401202348,4.083661960071614,4.169325265267278
20261,3110648,양천향교역 7번,강서구,골목상권,CS100003,일식음식점,6,0.15441887275301733,0.2272838236622345,0.28260212142354746,3.788063727703909,4.710035357059125
20261,3110648,양천향교역 7번,강서구,골목상권,CS100005,제과점,8,0.20679292200254226,0.27920882163977345,0.3582854541762443,3.4901102704971683,4.478568177203054
20261,3110648,양천향교역 7번,강서구,골목상권,CS100006,패스트푸드점,10,0.2468183547550716,0.35379240055838734,0.5823333940194435,3.5379240055838737,5.823333940194435
20261,3110648,양천향교역 7번,강서구,골목상권,CS100007,치킨전문점,5,0.10934226255905381,0.17187230097823247,0.2499873632450372,3.4374460195646495,4.999747264900744
20261,3110648,양천향교역 7번,강서구,골목상권,CS100008,분식전문점,9,0.21621175314645305,0.3724601552702276,0.44538694451734834,4.138446169669195,4.948743827970537
20261,3110648,양천향교역 7번,강서구,골목상권,CS100009,호프-간이주점,6,0.221700639298882,0.20279503527359033,0.23116568115621694,3.379917254559839,3.8527613526036153
20261,3110648,양천향교역 7번,강서구,골목상권,CS100010,커피-음료,39,0.42508781573440857,1.6503765238806476,2.0378998125124848,4.231734676617045,5.225384134647397
20261,3110649,우장산역 1번,강서구,골목상권,CS100001,한식음식점,13,0.27752338546726135,0.6308746565340405,0.6371776927132398,4.852881973338773,4.9013668670249215
20261,3110649,우장산역 1번,강서구,골목상권,CS100008,분식전문점,10,0.3451909015713157,0.41919276923565385,0.6444398505623089,4.191927692356538,6.444398505623089
20261,3110649,우장산역 1번,강서구,골목상권,CS100010,커피-음료,6,0.1191043492132255,0.327812663316174,0.3615750436036839,5.4635443886029,6.026250726728065
20261,3110650,우장산힐스테이트,강서구,골목상권,CS100001,한식음식점,9,0.1486337309100688,0.3578669268347269,0.4211639124392019,3.9762991870525206,4.679599027102244
20261,3110651,화원중학교,강서구,골목상권,CS100001,한식음식점,20,0.2677225455233096,0.913694695578514,0.9443917059066562,4.56847347789257,4.721958529533281
20261,3110651,화원중학교,강서구,골목상권,CS100009,호프-간이주점,8,0.2271999038814914,0.2492433038524974,0.37727765810362673,3.1155412981562174,4.7159707262953345
20261,3110651,화원중학교,강서구,골목상권,CS100010,커피-음료,8,0.18242133019198326,0.39726002116538917,0.45687528379788056,4.965750264567364,5.710941047473507
20261,3110652,양천향교역 2번,강서구,골목상권,CS100001,한식음식점,18,0.2757883121585567,0.8105790086951845,0.817437823151832,4.503216714973248,4.5413212397324
20261,3110652,양천향교역 2번,강서구,골목상권,CS100010,커피-음료,8,0.19421401991509077,0.4017487853155938,0.44473595773501073,5.021859816444922,5.559199471687634
20261,3110653,화곡역 2번,강서구,골목상권,CS100001,한식음식점,25,0.3835150674901465,1.2071430232065445,1.236751576147418,4.828572092826178,4.947006304589672
20261,3110653,화곡역 2번,강서구,골목상권,CS100009,호프-간이주점,6,0.12576718367860146,0.21466557086312868,0.2881317748385993,3.5777595143854777,4.802196247309989
20261,3110654,까치산역 4번,강서구,골목상권,CS100001,한식음식점,47,0.3694687545734351,2.4020300180994925,2.3189863877650314,5.1107021661691325,4.934013590989428
20261,3110654,까치산역 4번,강서구,골목상권,CS100002,중식음식점,6,0.2580879795263264,0.30949435113807094,0.3529323334399271,5.158239185634516,5.882205557332118
20261,3110654,까치산역 4번,강서구,골목상권,CS100007,치킨전문점,8,0.24794592258033554,0.317780460683166,0.49313251171520667,3.9722557585395752,6.164156396440084
20261,3110654,까치산역 4번,강서구,골목상권,CS100008,분식전문점,10,0.28738270380346154,0.4866219870908131,0.5942427007391476,4.8662198709081315,5.942427007391476
20261,3110654,까치산역 4번,강서구,골목상권,CS100009,호프-간이주점,25,0.38436743949167645,0.8683526161093451,1.2594650921279864,3.4734104644373804,5.037860368511946
20261,3110654,까치산역 4번,강서구,골목상권,CS100010,커피-음료,14,0.2793708958909738,0.793265718721879,0.8184900610112992,5.6661837051562784,5.846357578652137
20261,3110655,발산역 5번,강서구,골목상권,CS100001,한식음식점,25,0.2713440524444586,1.132438942581784,1.124569822358539,4.529755770327136,4.498279289434156
20261,3110655,발산역 5번,강서구,골목상권,CS100010,커피-음료,15,0.3158125039850251,0.7401411113694623,0.842982912578743,4.934274075796416,5.619886083858287
20261,3110656,까치산역 3번,강서구,골목상권,CS100001,한식음식점,84,0.44755994316531045,4.5329329730602925,4.095748670564668,5.3963487774527295,4.875891274481748
20261,3110656,까치산역 3번,강서구,골목상권,CS100002,중식음식점,5,0.10004669177368858,0.2825311247305744,0.27505296765431353,5.650622494611488,5.50105935308627
20261,3110656,까치산역 3번,강서구,골목상권,CS100003,일식음식점,6,0.2510959599886645,0.32016957813970176,0.32347999272217476,5.336159635661696,5.391333212036246
20261,3110656,까치산역 3번,강서구,골목상권,CS100005,제과점,5,0.1551209604765592,0.239604838962177,0.24602701319882228,4.79209677924354,4.920540263976446
20261,3110656,까치산역 3번,강서구,골목상권,CS100008,분식전문점,6,0.2132179859186884,0.3343809056317923,0.32697631716325204,5.573015093863205,5.449605286054201
20261,3110656,까치산역 3번,강서구,골목상권,CS100009,호프-간이주점,48,0.5359006597671391,1.7266543995552475,2.3965460400222476,3.597196665740099,4.9928042500463485
20261,3110656,까치산역 3번,강서구,골목상권,CS100010,커피-음료,11,0.2773850251348874,0.6991922679264959,0.6007002425176317,6.356293344786327,5.460911295614833
20261,3110657,양천향교역 5번,강서구,골목상권,CS100001,한식음식점,40,0.30763106282385666,1.7776438939349544,2.0906855220665155,4.444109734837386,5.2267138051662885
20261,3110657,양천향교역 5번,강서구,골목상권,CS100009,호프-간이주점,6,0.12663623288478967,0.19527359980683126,0.29279033570022894,3.254559996780521,4.879838928337149
20261,3110657,양천향교역 5번,강서구,골목상권,CS100010,커피-음료,14,0.278955790446962,0.6804551635665552,0.8764624847469026,4.860394025475395,6.2604463196207325
20261,3110658,화곡초등학교,강서구,골목상권,CS100001,한식음식점,24,0.3287912148437666,1.1210989402863518,1.1419318648685706,4.671245584526465,4.758049436952377
20261,3110658,화곡초등학교,강서구,골목상권,CS100009,호프-간이주점,9,0.20539891766220975,0.2927908645168543,0.42679926187203227,3.253231827965048,4.7422140208003585
20261,3110658,화곡초등학교,강서구,골목상권,CS100010,커피-음료,5,0.13349177984054553,0.27256913770936164,0.27606416007962387,5.451382754187232,5.521283201592477
20261,3110659,화곡역 4번,강서구,골목상권,CS100001,한식음식점,37,0.418585100826415,2.061724480134104,1.8843186441462751,5.572228324686767,5.0927530922872295
20261,3110659,화곡역 4번,강서구,골목상권,CS100005,제과점,6,0.24536118338527138,0.2865007539343141,0.3321380401351331,4.775012565571902,5.535634002252218
20261,3110659,화곡역 4번,강서구,골목상권,CS100008,분식전문점,14,0.3201798608864572,0.6936411808852477,0.8899063628196451,4.954579863466056,6.356474020140322
20261,3110659,화곡역 4번,강서구,골목상권,CS100009,호프-간이주점,9,0.23463417568922704,0.3721274000418839,0.445498188675833,4.134748889354265,4.949979874175922
20261,3110659,화곡역 4번,강서구,골목상권,CS100010,커피-음료,10,0.2602918934913236,0.6343723979874181,0.6011205698685105,6.34372397987418,6.011205698685105
20261,3110660,등촌3동주민센터,강서구,골목상권,CS100001,한식음식점,45,0.3838499155648572,1.9404476656073062,2.146922580018865,4.312105923571791,4.770939066708589
20261,3110660,등촌3동주민센터,강서구,골목상권,CS100005,제과점,13,0.2667042209705361,0.4429730443991544,0.697473268317498,3.4074849569165724,5.365178987057677
20261,3110660,등촌3동주민센터,강서구,골목상권,CS100006,패스트푸드점,9,0.22992847872852684,0.34843540560400266,0.6091365309566033,3.8715045067111404,6.768183677295592
20261,3110660,등촌3동주민센터,강서구,골목상권,CS100007,치킨전문점,6,0.227893322037655,0.2000572680780607,0.3505056574460089,3.334287801301012,5.841760957433482
20261,3110660,등촌3동주민센터,강서구,골목상권,CS100008,분식전문점,11,0.2833196903984783,0.4545036504873775,0.6396426523547614,4.131851368067068,5.814933203225103
20261,3110660,등촌3동주민센터,강서구,골목상권,CS100009,호프-간이주점,7,0.15504685290529974,0.2229605898906416,0.3130929303331809,3.1851512841520226,4.47275614761687
20261,3110660,등촌3동주민센터,강서구,골목상권,CS100010,커피-음료,20,0.329216191578857,0.9571984767893603,1.167252121401502,4.785992383946802,5.836260607007509
20261,3110662,까치산역 1번,강서구,골목상권,CS100001,한식음식점,31,0.35660679005828966,1.57450421414595,1.5096659090967028,5.07904585208371,4.8698900293442025
20261,3110662,까치산역 1번,강서구,골목상권,CS100005,제과점,7,0.1810580356265301,0.2761575016872217,0.37499914676901036,3.9451071669603097,5.357130668128719
20261,3110662,까치산역 1번,강서구,골목상권,CS100006,패스트푸드점,5,0.16458753263448753,0.24451308252214388,0.34305446841631126,4.890261650442877,6.861089368326226
20261,3110662,까치산역 1번,강서구,골목상권,CS100007,치킨전문점,6,0.30169700858847276,0.22790721045052842,0.36672091479746327,3.798453507508807,6.112015246624388
20261,3110662,까치산역 1번,강서구,골목상권,CS100009,호프-간이주점,8,0.22773777521448815,0.293430308492638,0.3789513489753874,3.667878856157975,4.736891862192342
20261,3110662,까치산역 1번,강서구,골목상권,CS100010,커피-음료,11,0.27987231342323227,0.6482113836793469,0.6478720175180873,5.892830760721336,5.889745613800794
20261,3110663,우장산롯데캐슬아파트앞,강서구,골목상권,CS100001,한식음식점,12,0.2467265314970011,0.5464668218744397,0.5962222540308213,4.553890182286998,4.968518783590178
20261,3110663,우장산롯데캐슬아파트앞,강서구,골목상권,CS100010,커피-음료,6,0.14660376930862382,0.28204847108587106,0.3642401142656359,4.700807851431184,6.070668571093932
20261,3110664,강서구청옆,강서구,골목상권,CS100001,한식음식점,22,0.2884815372375841,0.8821931349063902,1.0184401835176788,4.009968795029046,4.629273561443995
20261,3110665,곰달래도서관,강서구,골목상권,CS100001,한식음식점,17,0.2972813277030174,0.9523130039941974,0.9018348337733105,5.601841199965867,5.304910786901827
20261,3110665,곰달래도서관,강서구,골목상권,CS100010,커피-음료,6,0.19388706764309777,0.38405321273650284,0.3839355347963762,6.400886878941714,6.398925579939603
20261,3110667,가양역 10번,강서구,골목상권,CS100001,한식음식점,11,0.2973780378318006,0.34535588087709707,0.46509559414421525,3.1395989170645184,4.228141764947411
20261,3110667,가양역 10번,강서구,골목상권,CS100010,커피-음료,5,0.1348678634145608,0.17924702333230402,0.2601447777136973,3.5849404666460805,5.202895554273947
20261,3110668,화곡2동주민센터,강서구,골목상권,CS100001,한식음식점,23,0.3351756029489076,1.1921190099699785,1.1419864614395796,5.183126130304254,4.965158527998172
20261,3110668,화곡2동주민센터,강서구,골목상권,CS100007,치킨전문점,7,0.19028756689605553,0.2697613071276266,0.4517645527050906,3.853732958966094,6.453779324358437
20261,3110668,화곡2동주민센터,강서구,골목상권,CS100008,분식전문점,14,0.32670584921466234,0.6072120606271147,0.8930238101700303,4.337229004479391,6.378741501214503
20261,3110668,화곡2동주민센터,강서구,골목상권,CS100009,호프-간이주점,8,0.2380383004236642,0.28462743828700204,0.3927098500076452,3.5578429785875256,4.908873125095565
20261,3110668,화곡2동주민센터,강서구,골목상권,CS100010,커피-음료,9,0.23443823070751096,0.5139679710369582,0.5405800872405476,5.71075523374398,6.0064454137838625
20261,3110670,신곡초등학교,강서구,골목상권,CS100010,커피-음료,5,0.13831863943654127,0.2613561653122987,0.28874723564952764,5.227123306245975,5.7749447129905525
20261,3110671,등촌1동주민센터,강서구,골목상권,CS100001,한식음식점,45,0.3398006308873857,2.279291440488173,2.296195141147167,5.065092089973717,5.102655869215926
20261,3110671,등촌1동주민센터,강서구,골목상권,CS100002,중식음식점,7,0.15583996263985744,0.3726128186054047,0.4351000022666959,5.323040265791495,6.215714318095655
20261,3110671,등촌1동주민센터,강서구,골목상권,CS100003,일식음식점,5,0.11756368976850402,0.2478725030538351,0.2917242406750105,4.9574500610767025,5.83448481350021
20261,3110671,등촌1동주민센터,강서구,골목상권,CS100004,양식음식점,6,0.1610086480638367,0.30023190281391104,0.3409521058875257,5.003865046898517,5.682535098125429
20261,3110671,등촌1동주민센터,강서구,골목상권,CS100005,제과점,7,0.23517378615401519,0.2835441418661732,0.38310344964260545,4.050630598088189,5.472906423465792
20261,3110671,등촌1동주민센터,강서구,골목상권,CS100008,분식전문점,13,0.32159764053766865,0.6133036781426939,0.8159115946836147,4.717720601097645,6.276243036027805
20261,3110671,등촌1동주민센터,강서구,골목상권,CS100009,호프-간이주점,5,0.24472419463234282,0.19988882044473852,0.23514564670042612,3.99777640889477,4.7029129340085225
20261,3110671,등촌1동주민센터,강서구,골목상권,CS100010,커피-음료,29,0.37339363711691675,1.4945378709032102,1.8409007872640941,5.1535788651834835,6.347933749186531
20261,3110673,뜸부기어린이공원,강서구,골목상권,CS100001,한식음식점,14,0.2829519205225402,0.702453068238426,0.7158978884584466,5.017521915988757,5.1135563461317615
20261,3110673,뜸부기어린이공원,강서구,골목상권,CS100009,호프-간이주점,5,0.1223476109215153,0.17180870426614736,0.25322417691005683,3.4361740853229477,5.064483538201136
20261,3110675,화곡4동주민센터,강서구,골목상권,CS100001,한식음식점,14,0.2683815640197059,0.7691233917854626,0.687098956979351,5.493738512753304,4.907849692709649
20261,3110675,화곡4동주민센터,강서구,골목상권,CS100008,분식전문점,10,0.2574463430186138,0.45398500966090827,0.6373955384310181,4.539850096609083,6.3739553843101815
20261,3110675,화곡4동주민센터,강서구,골목상권,CS100010,커피-음료,8,0.22909180564607237,0.4488630743429146,0.4840773720375216,5.6107884292864325,6.05096715046902
20261,3110677,등촌역 1번,강서구,골목상권,CS100001,한식음식점,8,0.12998531591976886,0.347814698893364,0.40974299434459377,4.34768373616705,5.121787429307422
20261,3110679,염창역 2번,강서구,골목상권,CS100001,한식음식점,8,0.1258631223461509,0.38087677080875637,0.3688548147001708,4.7609596351094545,4.6106851837521345
20261,3110679,염창역 2번,강서구,골목상권,CS100010,커피-음료,7,0.21921403728503316,0.334448054052691,0.41054374482784733,4.777829343609872,5.864910640397819
20261,3110680,온수역 5번(온수산업단지),구로구,골목상권,CS100001,한식음식점,11,0.1322489297596474,0.43205462872084605,0.4196087847028196,3.9277693520076915,3.814625315480178
20261,3110684,서울공연예술고등학교,구로구,골목상권,CS100001,한식음식점,6,0.21698251365639498,0.20095497737918946,0.21252265042298743,3.3492496229864908,3.542044173716457
20261,3110686,수궁동주민센터,구로구,골목상권,CS100001,한식음식점,10,0.13640974013530735,0.44699755836041377,0.3903473756478377,4.469975583604137,3.9034737564783777
20261,3110686,수궁동주민센터,구로구,골목상권,CS100008,분식전문점,6,0.13761368405583055,0.2358152881300416,0.3027140398071722,3.93025480216736,5.045233996786203
20261,3110686,수궁동주민센터,구로구,골목상권,CS100009,호프-간이주점,5,0.15100292032931736,0.15058210500561087,0.1980559254100194,3.0116421001122173,3.9611185082003884
20261,3110687,"천왕역 3번(오류2동주민센터, 서울오류남초등학교)",구로구,골목상권,CS100001,한식음식점,11,0.2616975141760914,0.46596798760356795,0.4076662359125837,4.236072614577891,3.7060566901143974
20261,3110688,오류지구대,구로구,골목상권,CS100001,한식음식점,10,0.15021713864440359,0.4392553819640442,0.42532879065576623,4.392553819640442,4.253287906557662
20261,3110688,오류지구대,구로구,골목상권,CS100008,분식전문점,5,0.1872092363167948,0.19779452091316585,0.2718696041117344,3.955890418263317,5.4373920822346875
20261,3110689,오류동역 3번,구로구,골목상권,CS100001,한식음식점,12,0.20763196577447537,0.5449052108059464,0.5152292916742238,4.54087675671622,4.293577430618532
20261,3110690,오류2동버들시장,구로구,골목상권,CS100001,한식음식점,46,0.40288092703294415,1.943116334383287,1.9289559563217342,4.224165944311493,4.1933825137429
20261,3110690,오류2동버들시장,구로구,골목상권,CS100002,중식음식점,8,0.18846341197841174,0.31802876643372185,0.4057176349002357,3.9753595804215234,5.071470436252946
20261,3110690,오류2동버들시장,구로구,골목상권,CS100005,제과점,6,0.1346994172229966,0.2146746717838801,0.26834877065744117,3.5779111963980017,4.472479510957353
20261,3110690,오류2동버들시장,구로구,골목상권,CS100006,패스트푸드점,7,0.22274688488965558,0.27467392430924154,0.40951565375861787,3.923913204417736,5.850223625123112
20261,3110690,오류2동버들시장,구로구,골목상권,CS100007,치킨전문점,12,0.30686200372399025,0.37485963066361655,0.6456229113109213,3.123830255530138,5.380190927591011
20261,3110690,오류2동버들시장,구로구,골목상권,CS100008,분식전문점,18,0.31467012010059126,0.6640668048850648,0.9421642921710784,3.689260027139249,5.234246067617102
20261,3110690,오류2동버들시장,구로구,골목상권,CS100009,호프-간이주점,10,0.21981086577056252,0.3092678742468885,0.4031810213223502,3.092678742468885,4.031810213223501
20261,3110690,오류2동버들시장,구로구,골목상권,CS100010,커피-음료,6,0.1693935987855095,0.31720431435494595,0.28419637075481874,5.286738572582433,4.736606179246979
20261,3110691,개봉중학교,구로구,골목상권,CS100001,한식음식점,16,0.2621407144370798,0.6579259559135068,0.6563953249191933,4.112037224459417,4.102470780744958
20261,3110691,개봉중학교,구로구,골목상권,CS100009,호프-간이주점,6,0.17608318180796204,0.16691942325252387,0.24429823847471568,2.7819903875420646,4.071637307911928
20261,3110693,오류동역 4번,구로구,골목상권,CS100001,한식음식점,5,0.10571987242333539,0.18852602651979247,0.20057093378666585,3.77052053039585,4.011418675733317
20261,3110694,세곡초등학교,구로구,골목상권,CS100001,한식음식점,20,0.2798333636913229,0.9729306119536769,0.8635207661215105,4.864653059768385,4.317603830607553
20261,3110694,세곡초등학교,구로구,골목상권,CS100005,제과점,5,0.12623591283067884,0.18519740168240245,0.23871031822487143,3.703948033648049,4.774206364497428
20261,3110694,세곡초등학교,구로구,골목상권,CS100008,분식전문점,11,0.30452877981642246,0.4705432587861033,0.6096429303128452,4.277665988964576,5.542208457389502
20261,3110694,세곡초등학교,구로구,골목상권,CS100009,호프-간이주점,11,0.23864366267976778,0.35938173961987724,0.48538009672049304,3.2671067238170655,4.412546333822664
20261,3110694,세곡초등학교,구로구,골목상권,CS100010,커피-음료,7,0.217685234804415,0.3691581592859806,0.361544449076143,5.273687989799723,5.164920701087757
20261,3110695,개봉1동주민센터,구로구,골목상권,CS100001,한식음식점,58,0.41738942098858933,2.505845025234462,2.4324165983114505,4.320422457300797,4.193821721226638
20261,3110695,개봉1동주민센터,구로구,골목상권,CS100007,치킨전문점,10,0.274869646279731,0.3390983379750853,0.5252211041674525,3.3909833797508533,5.252211041674524
20261,3110695,개봉1동주민센터,구로구,골목상권,CS100008,분식전문점,8,0.26400388144311737,0.33727197388740937,0.3918218292271699,4.2158996735926175,4.897772865339624
20261,3110695,개봉1동주민센터,구로구,골목상권,CS100009,호프-간이주점,18,0.35036332664397607,0.54514234417221,0.7418743196741845,3.0285685787345,4.121523998189914
20261,3110695,개봉1동주민센터,구로구,골목상권,CS100010,커피-음료,13,0.295381361828208,0.6511650668154358,0.6357222502478664,5.008962052426429,4.890171155752819
20261,3110697,개봉3동주민센터,구로구,골목상권,CS100001,한식음식점,7,0.18254556409325481,0.3024378471287984,0.28649794279866386,4.320540673268549,4.092827754266627
20261,3110697,개봉3동주민센터,구로구,골목상권,CS100010,커피-음료,7,0.16279209152913446,0.3216955166018698,0.3714388388517769,4.595650237169568,5.306269126453956
20261,3110698,개웅초등학교(개웅중학교),구로구,골목상권,CS100001,한식음식점,10,0.21856054801827823,0.45748488572566426,0.40862036928532885,4.574848857256643,4.086203692853289
20261,3110698,개웅초등학교(개웅중학교),구로구,골목상권,CS100008,분식전문점,5,0.15902869942665274,0.19095341829378906,0.25832607657756285,3.8190683658757814,5.166521531551257
20261,3110698,개웅초등학교(개웅중학교),구로구,골목상권,CS100009,호프-간이주점,6,0.188602460947736,0.18055711397093455,0.2515370797494092,3.009285232848909,4.192284662490153
20261,3110699,덕의초등학교,구로구,골목상권,CS100001,한식음식점,10,0.1346136557869247,0.40748645100262443,0.4177865795687783,4.074864510026244,4.177865795687783
20261,3110699,덕의초등학교,구로구,골목상권,CS100008,분식전문점,5,0.1540626788681508,0.1733406733841854,0.2648497885721828,3.4668134676837083,5.2969957714436555
20261,3110699,덕의초등학교,구로구,골목상권,CS100010,커피-음료,8,0.18374409265003416,0.320522201636505,0.42088608839553976,4.006527520456313,5.261076104944247
20261,3110700,고척초등학교,구로구,골목상권,CS100001,한식음식점,10,0.1967522732991462,0.47179734453962097,0.41777785966112846,4.717973445396209,4.177778596611285
20261,3110700,고척초등학교,구로구,골목상권,CS100010,커피-음료,5,0.13479015114158496,0.24274074063768003,0.2551088512784439,4.854814812753601,5.102177025568879
20261,3110701,고척동성당,구로구,골목상권,CS100001,한식음식점,20,0.29843742910338844,0.8092858062704079,0.8908666249198446,4.04642903135204,4.4543331245992235
20261,3110701,고척동성당,구로구,골목상권,CS100010,커피-음료,8,0.17937099250980296,0.38140055028248504,0.4360587983506448,4.767506878531063,5.450734979383061
20261,3110702,개봉초등학교,구로구,골목상권,CS100001,한식음식점,11,0.23747128099784165,0.5734843150134831,0.484770914153273,5.213493772849846,4.4070083104843
20261,3110702,개봉초등학교,구로구,골목상권,CS100009,호프-간이주점,5,0.1565565636464515,0.17124933834641104,0.22110836090611147,3.424986766928221,4.422167218122229
20261,3110702,개봉초등학교,구로구,골목상권,CS100010,커피-음료,6,0.18090538156214495,0.3142676443339117,0.32403356666769756,5.237794072231861,5.400559444461626
20261,3110703,개봉역,구로구,골목상권,CS100001,한식음식점,38,0.31365005971354676,1.5456528145254558,1.5201213489193317,4.0675074066459365,4.000319339261399
20261,3110703,개봉역,구로구,골목상권,CS100005,제과점,6,0.13056925102466593,0.2201278982148076,0.2622863873446285,3.6687983035801266,4.371439789077142
20261,3110703,개봉역,구로구,골목상권,CS100008,분식전문점,11,0.23565185780386874,0.4038667524243693,0.5388651662844909,3.6715159311306302,4.898774238949917
20261,3110703,개봉역,구로구,골목상권,CS100009,호프-간이주점,7,0.14853429371839136,0.21070318627513876,0.26613501987980986,3.010045518216268,3.8019288554258552
20261,3110703,개봉역,구로구,골목상권,CS100010,커피-음료,10,0.19332848489137136,0.46631009406694873,0.47165661903816153,4.663100940669487,4.716566190381615
20261,3110706,그라운드 고척,구로구,골목상권,CS100001,한식음식점,38,0.3908888516030941,1.5214999865940815,1.4752858410286107,4.003947333142319,3.882331160601607
20261,3110706,그라운드 고척,구로구,골목상권,CS100002,중식음식점,9,0.294906884629681,0.3390962346003495,0.4330431766954351,3.767735940003883,4.811590852171501
20261,3110706,그라운드 고척,구로구,골목상권,CS100003,일식음식점,5,0.1224010047131712,0.18807326469983116,0.22361606107784057,3.761465293996623,4.472321221556812
20261,3110706,그라운드 고척,구로구,골목상권,CS100006,패스트푸드점,7,0.1515494456471991,0.24057577362495888,0.38053117534747816,3.436796766070841,5.436159647821117
20261,3110706,그라운드 고척,구로구,골목상권,CS100007,치킨전문점,13,0.31695639385479674,0.3534911363070921,0.6534707380793988,2.7191625869776317,5.026697985226145
20261,3110706,그라운드 고척,구로구,골목상권,CS100008,분식전문점,13,0.24838039060678316,0.48616295644571395,0.6294129563141827,3.739715049582415,4.841638125493713
20261,3110706,그라운드 고척,구로구,골목상권,CS100009,호프-간이주점,16,0.2913905777286614,0.4429925762273765,0.6241702978730141,2.768703601421103,3.9010643617063385
20261,3110706,그라운드 고척,구로구,골목상권,CS100010,커피-음료,15,0.2673633115087242,0.6697844831217565,0.7062076019982407,4.465229887478377,4.708050679988272
20261,3110707,구로창업지원센터,구로구,골목상권,CS100001,한식음식점,24,0.28638412397624635,1.1038585839262742,1.0050653389410777,4.599410766359476,4.187772245587824
20261,3110707,구로창업지원센터,구로구,골목상권,CS100007,치킨전문점,5,0.1516522504439737,0.17697946916105628,0.2654351339439879,3.5395893832211254,5.308702678879758
20261,3110707,구로창업지원센터,구로구,골목상권,CS100009,호프-간이주점,6,0.17628077485885207,0.19727154968371322,0.24342937405527476,3.28785916139522,4.057156234254579
20261,3110709,구로119안전센터,구로구,골목상권,CS100001,한식음식점,14,0.2405452460793548,0.6360246099809153,0.6143825302661725,4.5430329284351085,4.388446644758375
20261,3110709,구로119안전센터,구로구,골목상권,CS100009,호프-간이주점,9,0.2206522152103641,0.27458157853207465,0.4086643534593608,3.050906428134163,4.540715038437342
20261,3110710,남구로역 3번,구로구,골목상권,CS100001,한식음식점,24,0.31600612183563603,1.153006852688444,0.9551418170576618,4.804195219535184,3.979757571073591
20261,3110710,남구로역 3번,구로구,골목상권,CS100002,중식음식점,40,0.3998730774927936,1.4656128381315767,2.233724430950659,3.664032095328942,5.584311077376649
20261,3110710,남구로역 3번,구로구,골목상권,CS100008,분식전문점,7,0.15374244007164378,0.31316299801885156,0.34290519581118784,4.473757114555022,4.898645654445541
20261,3110710,남구로역 3번,구로구,골목상권,CS100009,호프-간이주점,54,0.5296318588786073,1.504402767798754,2.403995993867532,2.785931051479174,4.451844433088023
20261,3110711,구로초등학교,구로구,골목상권,CS100001,한식음식점,32,0.3362781353837487,1.4267381438624738,1.3772719250180132,4.458556699570231,4.303974765681291
20261,3110711,구로초등학교,구로구,골목상권,CS100002,중식음식점,20,0.37433508811998867,0.7448825971050766,1.1323672822645925,3.7244129855253836,5.6618364113229624
20261,3110711,구로초등학교,구로구,골목상권,CS100009,호프-간이주점,10,0.225100092891247,0.3166237250007109,0.42400905609877326,3.166237250007109,4.240090560987732
20261,3110711,구로초등학교,구로구,골목상권,CS100010,커피-음료,6,0.12308136477154744,0.31464441745510807,0.29750805620068116,5.244073624251802,4.958467603344686
20261,3110712,남구로역 5번,구로구,골목상권,CS100001,한식음식점,31,0.3435529982096967,1.3829697626835453,1.361289926602825,4.461192782850146,4.391257827751049
20261,3110712,남구로역 5번,구로구,골목상권,CS100002,중식음식점,12,0.2960992259605518,0.47400987124001986,0.6730369522186591,3.9500822603334993,5.608641268488826
20261,3110712,남구로역 5번,구로구,골목상권,CS100009,호프-간이주점,42,0.5291789950949749,1.1462645101307072,1.9972569459457963,2.729201214596922,4.7553736808233245
20261,3110712,남구로역 5번,구로구,골목상권,CS100010,커피-음료,5,0.09404756355120197,0.28157447165250044,0.25253030346757116,5.631489433050009,5.050606069351423
20261,3110713,구로보건소,구로구,골목상권,CS100001,한식음식점,50,0.34439885727722164,2.2982119587336607,2.1966510180992724,4.596423917467321,4.393302036198545
20261,3110713,구로보건소,구로구,골목상권,CS100002,중식음식점,11,0.23320813626720852,0.47563333466300767,0.5954165461017015,4.323939406027343,5.41287769183365
20261,3110713,구로보건소,구로구,골목상권,CS100005,제과점,5,0.1816843934927844,0.20203030533225885,0.23064398506147052,4.040606106645177,4.61287970122941
20261,3110713,구로보건소,구로구,골목상권,CS100006,패스트푸드점,10,0.22591233600520594,0.3895242439376761,0.6180383208951498,3.895242439376761,6.180383208951498
20261,3110713,구로보건소,구로구,골목상권,CS100007,치킨전문점,10,0.4358310217614626,0.3606731188147011,0.5566956800940154,3.6067311881470108,5.5669568009401535
20261,3110713,구로보건소,구로구,골목상권,CS100008,분식전문점,8,0.22910738774941952,0.3690823678054323,0.4170226797860577,4.613529597567903,5.212783497325722
20261,3110713,구로보건소,구로구,골목상권,CS100009,호프-간이주점,17,0.370199347610844,0.5403077101515782,0.7378479297208888,3.17828064795046,4.3402819395346395
20261,3110713,구로보건소,구로구,골목상권,CS100010,커피-음료,22,0.41681855938135803,1.0893347007586387,1.1762906750790751,4.951521367084721,5.346775795813978
20261,3110714,구로4동주민센터,구로구,골목상권,CS100001,한식음식점,39,0.4229178207383243,1.6624318737090462,1.6716277721213841,4.262645830023196,4.286225056721498
20261,3110714,구로4동주민센터,구로구,골목상권,CS100002,중식음식점,26,0.3774730861386003,0.9242350724613534,1.473164685511662,3.5547502786975134,5.6660180211987
20261,3110714,구로4동주민센터,구로구,골목상권,CS100007,치킨전문점,5,0.14078098316342447,0.15829370628614622,0.26007082788562086,3.165874125722924,5.201416557712417
20261,3110714,구로4동주민센터,구로구,골목상권,CS100008,분식전문점,5,0.1157040116684062,0.22414998100931294,0.2515605715268877,4.482999620186258,5.031211430537754
20261,3110714,구로4동주민센터,구로구,골목상권,CS100009,호프-간이주점,13,0.33201052370728706,0.38267802206584056,0.5495179207390942,2.9436770928141582,4.227060928762263
20261,3110714,구로4동주민센터,구로구,골목상권,CS100010,커피-음료,7,0.13439799864429058,0.35950563769522875,0.3456735936857519,5.1357948242175535,4.938194195510741
20261,3110715,구로구민회관,구로구,골목상권,CS100001,한식음식점,7,0.15766154373296173,0.31022166303932913,0.27904267513647696,4.431738043418988,3.9863239305211
20261,3110716,구로나눔길,구로구,골목상권,CS100001,한식음식점,38,0.3615964692184167,1.4631473310086802,1.6148865740041798,3.8503877131807376,4.2497015105373155
20261,3110716,구로나눔길,구로구,골목상권,CS100003,일식음식점,6,0.19025887149949222,0.20468432837894837,0.29548159497592535,3.4114054729824725,4.924693249598755
20261,3110716,구로나눔길,구로구,골목상권,CS100009,호프-간이주점,11,0.26238765698040734,0.29639662750070916,0.45676753271332277,2.6945147954609925,4.152432115575661
20261,3110716,구로나눔길,구로구,골목상권,CS100010,커피-음료,5,0.12274996254511819,0.2350886330234906,0.23931974999995068,4.701772660469812,4.786394999999014
20261,3110717,남구로역 2번,구로구,골목상권,CS100001,한식음식점,69,0.4531761089994131,3.2170313571209768,3.016080952687627,4.662364285682575,4.371131815489314
20261,3110717,남구로역 2번,구로구,골목상권,CS100002,중식음식점,13,0.2854760736756724,0.5706904299042195,0.6916618031027147,4.389926383878611,5.320475408482421
20261,3110717,남구로역 2번,구로구,골목상권,CS100007,치킨전문점,11,0.3031157670932479,0.39253087492208927,0.5962572373690993,3.5684624992917207,5.420520339719085
20261,3110717,남구로역 2번,구로구,골목상권,CS100008,분식전문점,7,0.23738277033420005,0.34576193324933857,0.3529338095552537,4.939456189276266,5.041911565075053
20261,3110717,남구로역 2번,구로구,골목상권,CS100009,호프-간이주점,25,0.44386669158462316,0.815821612157671,1.086967497318329,3.263286448630684,4.347869989273316
20261,3110717,남구로역 2번,구로구,골목상권,CS100010,커피-음료,11,0.26760641642993926,0.6274764205736297,0.5500056610206003,5.704331096123907,5.00005146382364
20261,3110718,한국SGI본부,구로구,골목상권,CS100001,한식음식점,94,0.43421783057270485,4.068764848678699,3.8616455855576803,4.328473243275211,4.108133601657107
20261,3110718,한국SGI본부,구로구,골목상권,CS100002,중식음식점,9,0.1560628319745835,0.3952400880418407,0.43117258855178137,4.39155653379823,4.790806539464238
20261,3110718,한국SGI본부,구로구,골목상권,CS100007,치킨전문점,7,0.1871905539687458,0.243659334616031,0.3381457524520386,3.4808476373718715,4.830653606457695
20261,3110718,한국SGI본부,구로구,골목상권,CS100009,호프-간이주점,25,0.33323731242442106,0.794916539341752,1.0038607568415057,3.179666157367008,4.015443027366023
20261,3110718,한국SGI본부,구로구,골목상권,CS100010,커피-음료,16,0.2520810775876389,0.828410829706578,0.7533125650423566,5.177567685666112,4.708203531514728
20261,3110720,대림역 2번,구로구,골목상권,CS100001,한식음식점,25,0.29575953458664483,1.0743110642001918,1.0213611267548997,4.297244256800767,4.085444507019599
20261,3110720,대림역 2번,구로구,골목상권,CS100002,중식음식점,27,0.41937629303393514,0.9092495398167924,1.5013844321943437,3.3675908882103425,5.560683082201273
20261,3110720,대림역 2번,구로구,골목상권,CS100008,분식전문점,5,0.16051378718312276,0.21468600357153703,0.24653827318989244,4.293720071430741,4.930765463797849
20261,3110720,대림역 2번,구로구,골목상권,CS100009,호프-간이주점,13,0.33662100076075213,0.36652073242229,0.5385470324050213,2.8193902494022307,4.1426694800386255
20261,3110720,대림역 2번,구로구,골목상권,CS100010,커피-음료,7,0.2486259197229179,0.3443267238778791,0.3387723694431222,4.918953198255416,4.839605277758889
20261,3110721,가리봉파출소,구로구,골목상권,CS100001,한식음식점,10,0.1956610241324942,0.45483090956521177,0.4318851791572958,4.548309095652118,4.318851791572958
20261,3110721,가리봉파출소,구로구,골목상권,CS100009,호프-간이주점,5,0.11279406950738279,0.15322096173224117,0.21913153300162086,3.0644192346448236,4.382630660032418
20261,3110721,가리봉파출소,구로구,골목상권,CS100010,커피-음료,5,0.11122808563635254,0.23849197564492264,0.2644510627967709,4.769839512898453,5.289021255935418
20261,3110722,G타워,구로구,골목상권,CS100001,한식음식점,19,0.3483426838092012,0.8601337489153297,0.8337385578071882,4.527019731133314,4.388097672669412
20261,3110722,G타워,구로구,골목상권,CS100002,중식음식점,6,0.25305119422619177,0.2540108234255272,0.33353037536010116,4.2335137237587865,5.558839589335019
20261,3110722,G타워,구로구,골목상권,CS100003,일식음식점,5,0.17447278481369105,0.21238203899078262,0.2669768277769619,4.247640779815652,5.3395365555392384
20261,3110722,G타워,구로구,골목상권,CS100010,커피-음료,11,0.2526845527547517,0.5471408168139265,0.602094440764134,4.97400742558115,5.473585825128491
20261,3110723,가산디지털단지역 1번 출입구,금천구,골목상권,CS100001,한식음식점,23,0.2714892082399432,1.0272505350595496,0.9471789237775606,4.466306674171955,4.118169233815481
20261,3110723,가산디지털단지역 1번 출입구,금천구,골목상권,CS100002,중식음식점,5,0.12621139128333367,0.20398129591114766,0.2523727163207822,4.079625918222953,5.047454326415644
20261,3110723,가산디지털단지역 1번 출입구,금천구,골목상권,CS100009,호프-간이주점,5,0.12819942063574116,0.15910895522500745,0.19719345219505074,3.182179104500149,3.9438690439010147
20261,3110724,금천구립가산도서관,금천구,골목상권,CS100001,한식음식점,10,0.17576228981735886,0.4786882342538792,0.48420348363782223,4.786882342538791,4.842034836378222
20261,3110725,가산동주민센터,금천구,골목상권,CS100001,한식음식점,33,0.25578497533735556,1.2912489363206834,1.4401566829923227,3.9128755646081315,4.364111160582796
20261,3110725,가산동주민센터,금천구,골목상권,CS100009,호프-간이주점,6,0.12785214865730057,0.17147167585171003,0.24812931593428275,2.8578612641951673,4.135488598904712
20261,3110725,가산동주민센터,금천구,골목상권,CS100010,커피-음료,9,0.20829082148860814,0.4015080593946732,0.4640362527041877,4.461200659940814,5.155958363379863
20261,3110726,금천철쭉어린이공원(금하마을),금천구,골목상권,CS100001,한식음식점,6,0.1312961662588931,0.2586654813234862,0.27211139647516014,4.3110913553914365,4.535189941252669
20261,3110727,독산역 1번 출입구,금천구,골목상권,CS100001,한식음식점,9,0.27222008790021657,0.4349878960521558,0.3961119627980076,4.833198845023953,4.401244031088973
20261,3110728,두산초등학교,금천구,골목상권,CS100001,한식음식점,12,0.1717307820776737,0.47436264547508405,0.5220191704184437,3.9530220456257004,4.350159753487031
20261,3110729,가산동우체국,금천구,골목상권,CS100001,한식음식점,30,0.2933686199558842,1.300024557623681,1.3233800543836947,4.333415192078937,4.411266847945649
20261,3110729,가산동우체국,금천구,골목상권,CS100007,치킨전문점,6,0.12725584948873625,0.18300036870727854,0.33012551336844936,3.050006145121309,5.502091889474156
20261,3110729,가산동우체국,금천구,골목상권,CS100008,분식전문점,5,0.1074649092297632,0.21430370674022953,0.2619930355026793,4.286074134804591,5.239860710053586
20261,3110729,가산동우체국,금천구,골목상권,CS100009,호프-간이주점,11,0.24190495886480443,0.33247501962879406,0.4828691873587567,3.0225001784435825,4.389719885079606
20261,3110730,서울축산농협 독산역지점(독산파출소),금천구,골목상권,CS100001,한식음식점,16,0.2552399269683106,0.7202065218620598,0.7280524644243603,4.501290761637874,4.550327902652252
20261,3110730,서울축산농협 독산역지점(독산파출소),금천구,골목상권,CS100009,호프-간이주점,6,0.17932593076297446,0.18272034439651338,0.270967704710485,3.045339073275223,4.516128411841416
20261,3110731,금천구청역 1번 출입구,금천구,골목상권,CS100001,한식음식점,39,0.3695046023096649,1.6828664540534823,1.5748730184343378,4.315042189880724,4.038135944703431
20261,3110731,금천구청역 1번 출입구,금천구,골목상권,CS100002,중식음식점,5,0.1105852429017541,0.20749810058186308,0.23910658329347118,4.149962011637261,4.782131665869423
20261,3110731,금천구청역 1번 출입구,금천구,골목상권,CS100005,제과점,8,0.19506838308533914,0.29579053602634003,0.3577441322443048,3.6973817003292506,4.47180165305381
20261,3110731,금천구청역 1번 출입구,금천구,골목상권,CS100008,분식전문점,6,0.1254113239114347,0.2534644156330502,0.28555274900551514,4.224406927217504,4.7592124834252525
20261,3110731,금천구청역 1번 출입구,금천구,골목상권,CS100009,호프-간이주점,10,0.20121400200165573,0.3026939035539304,0.39093162005272236,3.026939035539304,3.9093162005272233
20261,3110731,금천구청역 1번 출입구,금천구,골목상권,CS100010,커피-음료,13,0.2510337088412653,0.6238477035211539,0.6278798753684981,4.798828488624261,4.829845195142293
20261,3110732,가산초등학교(세일중학교),금천구,골목상권,CS100001,한식음식점,28,0.2907657222527373,1.2444391437547422,1.1987734531072614,4.444425513409794,4.281333761097362
20261,3110732,가산초등학교(세일중학교),금천구,골목상권,CS100002,중식음식점,10,0.2407673909087477,0.3808090798424766,0.5407571022468198,3.808090798424766,5.407571022468198
20261,3110732,가산초등학교(세일중학교),금천구,골목상권,CS100008,분식전문점,7,0.15830503372166171,0.2769889340416818,0.3620388596581022,3.9569847720240254,5.17198370940146
20261,3110732,가산초등학교(세일중학교),금천구,골목상권,CS100009,호프-간이주점,11,0.23480821451055794,0.3237402928330925,0.46767492682623635,2.943093571209932,4.251590243874876
20261,3110732,가산초등학교(세일중학교),금천구,골목상권,CS100010,커피-음료,5,0.10006854824075702,0.2472190245937649,0.24368768501802113,4.9443804918752985,4.873753700360423
20261,3110734,금천파출소,금천구,골목상권,CS100001,한식음식점,5,0.1761732276516278,0.1664824894149838,0.2073464841281477,3.329649788299676,4.146929682562954
20261,3110735,말미고개,금천구,골목상권,CS100001,한식음식점,29,0.3104598788925737,1.3439451638103674,1.325607958053393,4.634293668311612,4.571061924322045
20261,3110735,말미고개,금천구,골목상권,CS100006,패스트푸드점,8,0.2048386524424174,0.3410708828307991,0.5340534321030262,4.263386035384989,6.675667901287828
20261,3110735,말미고개,금천구,골목상권,CS100010,커피-음료,10,0.2760233112201202,0.5294757634360437,0.5503494850494126,5.294757634360438,5.503494850494127
20261,3110736,독산119안전센터,금천구,골목상권,CS100001,한식음식점,33,0.39953826952252736,1.4877130898216373,1.475276644473368,4.508221484307992,4.470535286282933
20261,3110736,독산119안전센터,금천구,골목상권,CS100002,중식음식점,7,0.1563407163854966,0.2927915181617512,0.383677722917988,4.182735973739303,5.481110327399829
20261,3110736,독산119안전센터,금천구,골목상권,CS100009,호프-간이주점,18,0.36189529901802003,0.5359515168175002,0.8198554217392426,2.9775084267638903,4.554752342995792
20261,3110736,독산119안전센터,금천구,골목상권,CS100010,커피-음료,6,0.1708172687675023,0.3294644284935505,0.3098379700679028,5.491073808225842,5.163966167798381
20261,3110737,금천세무서,금천구,골목상권,CS100001,한식음식점,10,0.16628843525649314,0.45460109580440655,0.4953692186968209,4.546010958044065,4.953692186968209
20261,3110738,문성초등학교,금천구,골목상권,CS100001,한식음식점,45,0.42818128854871834,1.9351283028609514,1.9920933135616314,4.300285117468781,4.426874030136959
20261,3110738,문성초등학교,금천구,골목상권,CS100002,중식음식점,24,0.38469365591913385,0.8529342157190503,1.3780301901085998,3.5538925654960427,5.741792458785833
20261,3110738,문성초등학교,금천구,골목상권,CS100008,분식전문점,5,0.10536022835972424,0.2076298567369335,0.2537181566186309,4.15259713473867,5.074363132372619
20261,3110738,문성초등학교,금천구,골목상권,CS100009,호프-간이주점,22,0.43533510833791544,0.6150208173836321,0.9814229078890037,2.7955491699256005,4.461013217677289
20261,3110738,문성초등학교,금천구,골목상권,CS100010,커피-음료,11,0.2295418189447978,0.5118705367909648,0.5660273976117185,4.653368516281498,5.145703614651986
20261,3110740,금천해태공원,금천구,골목상권,CS100001,한식음식점,20,0.32437882505857474,0.9896280229333771,0.9532920180953984,4.948140114666886,4.766460090476992
20261,3110741,독산2동주민센터,금천구,골목상권,CS100001,한식음식점,28,0.39267139926605815,1.1904627666669352,1.2390816602088426,4.251652738096197,4.425291643603009
20261,3110741,독산2동주민센터,금천구,골목상권,CS100008,분식전문점,6,0.16303513739538814,0.2363335607280711,0.3186935036434031,3.9388926788011847,5.311558394056718
20261,3110741,독산2동주민센터,금천구,골목상권,CS100009,호프-간이주점,5,0.17517857150488916,0.15674729119213673,0.209663246219223,3.1349458238427346,4.19326492438446
20261,3110742,KT금천빌딩(금천구시설관리공단),금천구,골목상권,CS100001,한식음식점,9,0.1827571415223659,0.3151978608794261,0.3710752368203348,3.5021984542158457,4.123058186892608
20261,3110742,KT금천빌딩(금천구시설관리공단),금천구,골목상권,CS100010,커피-음료,6,0.13565533863454415,0.22353896933515022,0.31058778466784315,3.7256494889191702,5.1764630777973855
20261,3110743,시흥초등학교(시흥1동우체국),금천구,골목상권,CS100001,한식음식점,21,0.2761117417819503,0.9651241189950842,0.9557964781148531,4.59582913807183,4.551411800546919
20261,3110743,시흥초등학교(시흥1동우체국),금천구,골목상권,CS100008,분식전문점,5,0.12017983069505696,0.2102517420453645,0.27493966895665894,4.20503484090729,5.498793379133179
20261,3110743,시흥초등학교(시흥1동우체국),금천구,골목상권,CS100009,호프-간이주점,18,0.3565495505947293,0.5250527403048206,0.8601497050495707,2.9169596683601147,4.778609472497615
20261,3110744,독산동성당,금천구,골목상권,CS100001,한식음식점,26,0.32320590391259163,1.2680065290365279,1.182361860328348,4.8769481886020305,4.547545616647493
20261,3110744,독산동성당,금천구,골목상권,CS100002,중식음식점,6,0.12939318538184733,0.28114560532995575,0.3384883626985249,4.685760088832596,5.6414727116420815
20261,3110744,독산동성당,금천구,골목상권,CS100008,분식전문점,8,0.22042579412907126,0.3630796833292825,0.44966199160043685,4.538496041616031,5.620774895005461
20261,3110744,독산동성당,금천구,골목상권,CS100009,호프-간이주점,14,0.2913696713370574,0.4629580838057176,0.6504669947524065,3.3068434557551254,4.646192819660047
20261,3110744,독산동성당,금천구,골목상권,CS100010,커피-음료,12,0.3059700011860859,0.6588766771348868,0.6709471252565588,5.490638976124057,5.591226043804657
20261,3110745,독산동정훈단지,금천구,골목상권,CS100001,한식음식점,17,0.2955566157102513,0.7184046368046464,0.7524885725433053,4.225909628262626,4.426403367901796
20261,3110745,독산동정훈단지,금천구,골목상권,CS100008,분식전문점,7,0.19882980033838388,0.2626106255088736,0.3892463337121807,3.7515803644124803,5.56066191017401
20261,3110745,독산동정훈단지,금천구,골목상권,CS100009,호프-간이주점,6,0.12908072165601683,0.18406878971595775,0.26502491782401344,3.067813161932629,4.417081963733557
20261,3110745,독산동정훈단지,금천구,골목상권,CS100010,커피-음료,7,0.12979514679940024,0.34451803955069477,0.37939281633997524,4.921686279295639,5.419897376285361
20261,3110746,금천금빛공원(은행나무사거리서측),금천구,골목상권,CS100001,한식음식점,20,0.2956075838841095,0.8081014119485582,0.8717877179953604,4.040507059742791,4.358938589976802
20261,3110746,금천금빛공원(은행나무사거리서측),금천구,골목상권,CS100007,치킨전문점,5,0.160070940864075,0.13104219292092723,0.27342878722194647,2.6208438584185445,5.468575744438929
20261,3110746,금천금빛공원(은행나무사거리서측),금천구,골목상권,CS100009,호프-간이주점,11,0.2607598491134791,0.2939009240587156,0.48892318768276344,2.6718265823519602,4.444756251661486
20261,3110747,석수역 1번 출입구,금천구,골목상권,CS100001,한식음식점,17,0.24956780801935227,0.7379463305515623,0.6912769284149863,4.340860767950367,4.066334873029332
20261,3110748,백산초등학교,금천구,골목상권,CS100001,한식음식점,5,0.10818402422707168,0.23498995873401748,0.21094279924045392,4.69979917468035,4.218855984809078
20261,3110748,백산초등학교,금천구,골목상권,CS100007,치킨전문점,5,0.15372945882913064,0.15076591305950884,0.2949147274745069,3.0153182611901768,5.898294549490139
20261,3110749,금산초등학교(금천고등학교),금천구,골목상권,CS100001,한식음식점,23,0.294894310524588,1.0055337748568707,1.000700521185032,4.371885977638568,4.350871831239269
20261,3110749,금산초등학교(금천고등학교),금천구,골목상권,CS100007,치킨전문점,6,0.16558638957006983,0.1834821602091952,0.3322370634160647,3.0580360034865866,5.537284390267745
20261,3110749,금산초등학교(금천고등학교),금천구,골목상권,CS100009,호프-간이주점,6,0.12107116828953084,0.18952119708084103,0.25415802997739323,3.158686618014017,4.235967166289887
20261,3110749,금산초등학교(금천고등학교),금천구,골목상권,CS100010,커피-음료,8,0.26510962836817664,0.39793815830514306,0.4191055574041286,4.974226978814288,5.2388194675516075
20261,3110750,시흥4동주민센터(서울신흥초등학교),금천구,골목상권,CS100001,한식음식점,16,0.26770229711665067,0.7101283726067398,0.711626162111377,4.4383023287921235,4.447663513196106
20261,3110750,시흥4동주민센터(서울신흥초등학교),금천구,골목상권,CS100010,커피-음료,5,0.17822262650329673,0.26275402681257654,0.26704630919719036,5.255080536251531,5.340926183943807
20261,3110751,난곡중학교,금천구,골목상권,CS100001,한식음식점,9,0.20785239383756834,0.4787273105102581,0.4392443529137612,5.319192339002868,4.8804928101529015
20261,3110752,한울중학교,금천구,골목상권,CS100001,한식음식점,19,0.27533711004645883,0.8618013028155769,0.8148062945890823,4.535796330608299,4.2884541820478015
20261,3110752,한울중학교,금천구,골목상권,CS100008,분식전문점,6,0.19337638432598575,0.24183019395741914,0.3165561168093355,4.030503232623652,5.275935280155592
20261,3110752,한울중학교,금천구,골목상권,CS100009,호프-간이주점,9,0.3181076383751551,0.27101760253241836,0.38915160468806675,3.0113066948046483,4.323906718756297
20261,3110752,한울중학교,금천구,골목상권,CS100010,커피-음료,11,0.26691306860078945,0.5325117314928651,0.585944547717178,4.841015740844228,5.326768615610709
20261,3110753,시흥동 은행나무사거리,금천구,골목상권,CS100001,한식음식점,24,0.3129462551086628,1.0746282250983796,1.0614721742468909,4.477617604576581,4.422800726028711
20261,3110753,시흥동 은행나무사거리,금천구,골목상권,CS100008,분식전문점,7,0.19244185865726765,0.319101261156939,0.38604963322041774,4.558589445099128,5.514994760291682
20261,3110753,시흥동 은행나무사거리,금천구,골목상권,CS100009,호프-간이주점,6,0.14335457589634396,0.19978776322743289,0.2585716230344988,3.329796053790548,4.30952705057498
20261,3110753,시흥동 은행나무사거리,금천구,골목상권,CS100010,커피-음료,10,0.2378181358480981,0.49640952059789095,0.5381892916619282,4.964095205978909,5.3818929166192815
20261,3110754,삼성산자연공원(서울금천초등학교),금천구,골목상권,CS100001,한식음식점,17,0.2657570333302463,0.809284447140894,0.7771274788462268,4.760496747887612,4.571338110860157
20261,3110754,삼성산자연공원(서울금천초등학교),금천구,골목상권,CS100010,커피-음료,8,0.21789586556925264,0.4212468686780507,0.4491752232318813,5.265585858475634,5.614690290398516
20261,3110755,동일여자고등학교,금천구,골목상권,CS100001,한식음식점,11,0.154060741445579,0.4257195869745439,0.47024082697167796,3.8701780634049445,4.274916608833436
20261,3110755,동일여자고등학교,금천구,골목상권,CS100009,호프-간이주점,5,0.11070397323651236,0.13667211080589894,0.216749927353506,2.7334422161179788,4.3349985470701204
20261,3110756,문래중학교,영등포구,골목상권,CS100001,한식음식점,7,0.14086887835330134,0.26891365543065865,0.22630025314542526,3.841623649009409,3.232860759220361
20261,3110757,양평역 2번,영등포구,골목상권,CS100001,한식음식점,36,0.3632291915540234,1.2291874730106203,1.2316197454501276,3.4144096472517234,3.421165959583688
20261,3110757,양평역 2번,영등포구,골목상권,CS100005,제과점,5,0.10133141872360775,0.14321934969258357,0.18309811221945885,2.8643869938516713,3.661962244389177
20261,3110757,양평역 2번,영등포구,골목상권,CS100008,분식전문점,9,0.20989205623887464,0.28344501981065023,0.37387553310726174,3.1493891090072252,4.1541725900806865
20261,3110757,양평역 2번,영등포구,골목상권,CS100009,호프-간이주점,10,0.19693673132441186,0.24172709890842456,0.3337565240191226,2.4172709890842454,3.3375652401912257
20261,3110757,양평역 2번,영등포구,골목상권,CS100010,커피-음료,11,0.2742269610035171,0.4311027912909726,0.4490735317706342,3.9191162844633873,4.082486652460311
20261,3110758,문래소공원,영등포구,골목상권,CS100001,한식음식점,8,0.1213870793800953,0.3061557830187123,0.2762419115799016,3.826947287733904,3.4530238947487697
20261,3110759,문래예술촌(문래창작촌),영등포구,골목상권,CS100001,한식음식점,142,0.3114737002590295,6.438260964060685,4.960368495243954,4.533986594408933,3.4932172501717984
20261,3110759,문래예술촌(문래창작촌),영등포구,골목상권,CS100002,중식음식점,13,0.30222649918817057,0.5992075026765692,0.527857575277072,4.609288482127456,4.060442886746707
20261,3110759,문래예술촌(문래창작촌),영등포구,골목상권,CS100003,일식음식점,24,0.41877691329263883,0.9567555336291288,0.9757043728307808,3.98648139012137,4.06543488679492
20261,3110759,문래예술촌(문래창작촌),영등포구,골목상권,CS100004,양식음식점,26,0.33533900576152176,1.1398752448589657,1.033977721307154,4.384135557149868,3.9768373896428995
20261,3110759,문래예술촌(문래창작촌),영등포구,골목상권,CS100005,제과점,11,0.27278554759195867,0.4381592162943621,0.39533854411464436,3.983265602676019,3.5939867646785855
20261,3110759,문래예술촌(문래창작촌),영등포구,골목상권,CS100006,패스트푸드점,10,0.22745213247507473,0.4151721890403656,0.4575096879487949,4.151721890403656,4.5750968794879485
20261,3110759,문래예술촌(문래창작촌),영등포구,골목상권,CS100007,치킨전문점,7,0.1543201904553034,0.24591006856681494,0.2767800141976828,3.513000979525928,3.9540002028240395
20261,3110759,문래예술촌(문래창작촌),영등포구,골목상권,CS100008,분식전문점,12,0.2932520701639471,0.5602329742508596,0.47459178935792373,4.668608118757164,3.9549315779826975
20261,3110759,문래예술촌(문래창작촌),영등포구,골목상권,CS100009,호프-간이주점,63,0.5734007504706612,1.9217300223943847,2.211698077199498,3.0503651149117217,3.5106318685706315
20261,3110759,문래예술촌(문래창작촌),영등포구,골목상권,CS100010,커피-음료,64,0.3736284411560563,3.0429285863687627,2.7154119801479517,4.754575916201191,4.242831218981174
20261,3110760,선유도역 6번,영등포구,골목상권,CS100001,한식음식점,30,0.3166067384146224,1.2065987862173269,1.0131932263945422,4.021995954057756,3.3773107546484744
20261,3110760,선유도역 6번,영등포구,골목상권,CS100009,호프-간이주점,6,0.11867723109361125,0.17214349617193683,0.19281713661102348,2.8690582695322804,3.213618943517058
20261,3110760,선유도역 6번,영등포구,골목상권,CS100010,커피-음료,21,0.35812693614013535,0.9092041055927036,0.8954278138080187,4.329543359965255,4.263941970514375
20261,3110762,선유도역 1번,영등포구,골목상권,CS100001,한식음식점,54,0.36686036127155236,2.309328601393143,1.8119842596703262,4.276534447024339,3.3555264067969
20261,3110762,선유도역 1번,영등포구,골목상권,CS100003,일식음식점,5,0.14323575817667586,0.1975866633643827,0.18751259385154986,3.9517332672876533,3.7502518770309976
20261,3110762,선유도역 1번,영등포구,골목상권,CS100004,양식음식점,14,0.2637483737484237,0.5625568114297185,0.5474761718347723,4.018262938783703,3.910544084534088
20261,3110762,선유도역 1번,영등포구,골목상권,CS100005,제과점,9,0.21988576457501455,0.3191372488776513,0.3274031439636848,3.5459694319739032,3.6378127107076086
20261,3110762,선유도역 1번,영등포구,골목상권,CS100006,패스트푸드점,7,0.1457170605953816,0.28784728228161605,0.3251809303543971,4.112104032594515,4.645441862205673
20261,3110762,선유도역 1번,영등포구,골목상권,CS100008,분식전문점,10,0.209859154234451,0.4216400569026414,0.40173906954122196,4.216400569026415,4.017390695412219
20261,3110762,선유도역 1번,영등포구,골목상권,CS100009,호프-간이주점,12,0.25333549120745463,0.36491479493853163,0.3861822058847169,3.0409566244877633,3.218185049039308
20261,3110762,선유도역 1번,영등포구,골목상권,CS100010,커피-음료,53,0.4109251057857584,2.2760866558975312,2.2831142739175605,4.294503124334965,4.307762780976529
20261,3110763,영등포구청역 2번,영등포구,골목상권,CS100001,한식음식점,25,0.29031862111698303,0.97514095294535,1.1027281115520065,3.9005638117814,4.410912446208026
20261,3110763,영등포구청역 2번,영등포구,골목상권,CS100003,일식음식점,7,0.28483653616847027,0.25116414959249195,0.37647782186967044,3.588059279892742,5.378254598138149
20261,3110763,영등포구청역 2번,영등포구,골목상권,CS100004,양식음식점,5,0.17650848502792393,0.18431922308142729,0.2520040080888028,3.686384461628546,5.040080161776056
20261,3110763,영등포구청역 2번,영등포구,골목상권,CS100010,커피-음료,17,0.35308295999086614,0.6695960146391315,0.9358043933194836,3.9388000861125385,5.504731725408727
20261,3110765,문래동사거리,영등포구,골목상권,CS100001,한식음식점,9,0.1175367999378771,0.3791815343443354,0.30761657254396746,4.213128159381505,3.417961917155194
20261,3110765,문래동사거리,영등포구,골목상권,CS100010,커피-음료,5,0.10389967997882313,0.2186746208282117,0.21073075922585163,4.373492416564234,4.214615184517033
20261,3110766,대림역 5번,영등포구,골목상권,CS100001,한식음식점,8,0.1841539865031836,0.3774489308233979,0.28677005881913137,4.718111635292474,3.584625735239142
20261,3110766,대림역 5번,영등포구,골목상권,CS100002,중식음식점,19,0.3087670307026442,0.6725670386813919,0.9805479446642528,3.5398265193757465,5.160778656127646
20261,3110766,대림역 5번,영등포구,골목상권,CS100009,호프-간이주점,10,0.2156660061977815,0.2908969655251747,0.3861524168704399,2.9089696552517466,3.8615241687043986
20261,3110766,대림역 5번,영등포구,골목상권,CS100010,커피-음료,6,0.1716760885947066,0.2854464773920216,0.2704483995733206,4.757441289867026,4.50747332622201
20261,3110768,도림2동유수지내체육시설,영등포구,골목상권,CS100001,한식음식점,8,0.1742820134220351,0.3134573599907305,0.2776564987694783,3.918216999884131,3.4707062346184787
20261,3110769,대림차이나타운(대림역 12번),영등포구,골목상권,CS100002,중식음식점,24,0.34890075350250266,0.7552867591775243,1.2137190602056038,3.1470281632396846,5.0571627508566825
20261,3110769,대림차이나타운(대림역 12번),영등포구,골목상권,CS100009,호프-간이주점,6,0.13403845516773724,0.1794324576783478,0.2185946873670405,2.990540961305797,3.6432447894506748
20261,3110770,영등포구청역 6번,영등포구,골목상권,CS100001,한식음식점,24,0.294264060455875,0.9663703528910529,0.8563796816307733,4.026543137046054,3.5682486734615555
20261,3110770,영등포구청역 6번,영등포구,골목상권,CS100009,호프-간이주점,11,0.26609763728412283,0.2985725573907918,0.39559572456059816,2.7142959762799257,3.596324768732711
20261,3110770,영등포구청역 6번,영등포구,골목상권,CS100010,커피-음료,10,0.36435677230324764,0.43456716842874404,0.4325110141945513,4.34567168428744,4.325110141945513
20261,3110774,당산반도유보라팰리스아파트,영등포구,골목상권,CS100001,한식음식점,12,0.2239586608608767,0.5030184028522127,0.4716011582579987,4.191820023768439,3.930009652149989
20261,3110774,당산반도유보라팰리스아파트,영등포구,골목상권,CS100005,제과점,5,0.16278506084567343,0.14902885531643562,0.22402224273949947,2.9805771063287123,4.480444854789989
20261,3110774,당산반도유보라팰리스아파트,영등포구,골목상권,CS100008,분식전문점,6,0.19605836868748883,0.2146564537634315,0.29910212144722315,3.5776075627238586,4.985035357453719
20261,3110774,당산반도유보라팰리스아파트,영등포구,골목상권,CS100010,커피-음료,11,0.2790405051733447,0.44244494149888447,0.5483454613901972,4.022226740898949,4.9849587399108835
20261,3110775,대동초등학교,영등포구,골목상권,CS100001,한식음식점,5,0.18191802744779065,0.1903011323118785,0.15568155613242599,3.80602264623757,3.11363112264852
20261,3110775,대동초등학교,영등포구,골목상권,CS100002,중식음식점,15,0.24813017043803773,0.41458972852159937,0.6817350168649359,2.7639315234773294,4.544900112432906
20261,3110775,대동초등학교,영등포구,골목상권,CS100009,호프-간이주점,8,0.19786211288340982,0.18329584493855214,0.2726860350914716,2.291198061731902,3.408575438643395
20261,3110776,도신초등학교,영등포구,골목상권,CS100001,한식음식점,11,0.22667574798360904,0.4576350198201154,0.3797582649908415,4.160318362001049,3.452347863553104
20261,3110776,도신초등학교,영등포구,골목상권,CS100009,호프-간이주점,6,0.1766731683304453,0.16676982064788762,0.21139584168610986,2.779497010798127,3.523264028101831
20261,3110777,구로세무서,영등포구,골목상권,CS100001,한식음식점,5,0.11556670632205224,0.19501262348875947,0.17259204341846188,3.9002524697751895,3.451840868369237
20261,3110778,구로디지털단지역 4번,영등포구,골목상권,CS100001,한식음식점,29,0.3821397538785019,1.256616934772479,0.9395944785603563,4.333161844043031,3.2399809605529524
20261,3110778,구로디지털단지역 4번,영등포구,골목상권,CS100002,중식음식점,54,0.440223226274573,1.7795401198659913,2.4756396215436167,3.2954446664185024,4.5845178176733645
20261,3110778,구로디지털단지역 4번,영등포구,골목상권,CS100009,호프-간이주점,20,0.3955976798098464,0.5659935788493525,0.6714998618948222,2.8299678942467628,3.3574993094741115
20261,3110778,구로디지털단지역 4번,영등포구,골목상권,CS100010,커피-음료,11,0.3509354225461754,0.5500704914064374,0.4329835076627362,5.000640830967613,3.936213706024874
20261,3110779,대림갑을명가아파트,영등포구,골목상권,CS100001,한식음식점,5,0.12250329412517347,0.17597389325336718,0.16420331809809208,3.5194778650673433,3.284066361961842
20261,3110781,대림한신아파트,영등포구,골목상권,CS100001,한식음식점,10,0.1757366952591158,0.4572539586207832,0.365365084353643,4.572539586207832,3.6536508435364303
20261,3110781,대림한신아파트,영등포구,골목상권,CS100009,호프-간이주점,5,0.16497232663499242,0.15114335814662924,0.18487011400097064,3.0228671629325845,3.697402280019413
20261,3110782,영등포시장역 4번,영등포구,골목상권,CS100001,한식음식점,14,0.21598548819481045,0.4742209816499385,0.4801839929337587,3.3872927260709886,3.429885663812562
20261,3110783,영등포시장역 1번,영등포구,골목상권,CS100001,한식음식점,15,0.26821995220497324,0.5671299243558646,0.49623358899969267,3.7808661623724307,3.308223926664618
20261,3110783,영등포시장역 1번,영등포구,골목상권,CS100006,패스트푸드점,5,0.2874006542757021,0.15816893785982042,0.2418629253814711,3.1633787571964085,4.837258507629422
20261,3110783,영등포시장역 1번,영등포구,골목상권,CS100010,커피-음료,9,0.34474446436914447,0.36879571266408556,0.3717057915935642,4.097730140712062,4.130064351039602
20261,3110785,영등포푸르지오아파트,영등포구,골목상권,CS100001,한식음식점,15,0.27008409759085744,0.6757581484858989,0.5235553823127274,4.505054323239325,3.4903692154181827
20261,3110785,영등포푸르지오아파트,영등포구,골목상권,CS100002,중식음식점,6,0.2075371707800552,0.2326192010699311,0.26706934391014864,3.876986684498852,4.451155731835811
20261,3110785,영등포푸르지오아파트,영등포구,골목상권,CS100008,분식전문점,6,0.18968024841264336,0.2410089940381221,0.26264821587555104,4.016816567302035,4.377470264592517
20261,3110785,영등포푸르지오아파트,영등포구,골목상권,CS100010,커피-음료,6,0.20704654606601022,0.2914963520441073,0.25299353084772247,4.858272534068455,4.216558847462041
20261,3110786,당산역 8번,영등포구,골목상권,CS100001,한식음식점,6,0.11460877963880321,0.25346057057725235,0.20867246315101456,4.224342842954206,3.4778743858502428
20261,3110787,신길3동주민센터,영등포구,골목상권,CS100001,한식음식점,17,0.2648806922508561,0.7386848999416382,0.6163878776942534,4.345205293774343,3.625811045260314
20261,3110787,신길3동주민센터,영등포구,골목상권,CS100008,분식전문점,5,0.1784048282201604,0.19611032302130704,0.2222881632170584,3.9222064604261404,4.445763264341168
20261,3110787,신길3동주민센터,영등포구,골목상권,CS100010,커피-음료,7,0.1786318539065925,0.32142580010861627,0.306413478853825,4.591797144408804,4.3773354121975006
20261,3110788,영등포시장역 3번,영등포구,골목상권,CS100001,한식음식점,5,0.11473369411767281,0.1601679505153761,0.17507725976526675,3.2033590103075222,3.5015451953053347
20261,3110789,대림성모병원,영등포구,골목상권,CS100001,한식음식점,27,0.28965369425025095,1.0606909336030177,0.8550719508608668,3.9284849392704357,3.1669331513365435
20261,3110789,대림성모병원,영등포구,골목상권,CS100002,중식음식점,5,0.10177987358326851,0.1790806392166618,0.19157452830722554,3.5816127843332364,3.831490566144511
20261,3110789,대림성모병원,영등포구,골목상권,CS100006,패스트푸드점,8,0.33785796309229627,0.2759580301157439,0.3695941742473296,3.4494753764467987,4.61992717809162
20261,3110789,대림성모병원,영등포구,골목상권,CS100010,커피-음료,9,0.1994512067786788,0.3856292510175191,0.3399429837134647,4.284769455750212,3.7771442634829415
20261,3110790,대림1동주민센터,영등포구,골목상권,CS100001,한식음식점,10,0.13729791676708647,0.4202013926811909,0.3266206837310401,4.202013926811909,3.266206837310401
20261,3110790,대림1동주민센터,영등포구,골목상권,CS100008,분식전문점,6,0.13673250068611492,0.2273560176893677,0.2542265259392471,3.789266961489462,4.237108765654119
20261,3110790,대림1동주민센터,영등포구,골목상권,CS100009,호프-간이주점,6,0.14107428661850954,0.16068215278569933,0.20013859069593046,2.6780358797616555,3.335643178265508
20261,3110791,신풍역 3번,영등포구,골목상권,CS100001,한식음식점,8,0.1084601642354564,0.2830005045717209,0.23368508363621887,3.537506307146511,2.921063545452736
20261,3110792,영등포역 2번,영등포구,골목상권,CS100001,한식음식점,28,0.31524786592555143,1.2372109701043033,0.9927408485283193,4.418610607515369,3.5455030304582835
20261,3110792,영등포역 2번,영등포구,골목상권,CS100002,중식음식점,11,0.23286747168677094,0.4239641906337322,0.4976255205037201,3.854219914852111,4.523868368215638
20261,3110792,영등포역 2번,영등포구,골목상권,CS100008,분식전문점,5,0.18859415857732081,0.22525020347876426,0.21266445354567617,4.505004069575285,4.253289070913524
20261,3110792,영등포역 2번,영등포구,골목상권,CS100009,호프-간이주점,6,0.18227321725964984,0.19128379546602967,0.20386664912594932,3.188063257767161,3.3977774854324885
20261,3110793,대림썬프라자,영등포구,골목상권,CS100001,한식음식점,19,0.223108732832633,0.5929435646774904,0.5583796094455213,3.120755603565739,2.9388400497132703
20261,3110794,영동초등학교,영등포구,골목상권,CS100001,한식음식점,10,0.13871327749821935,0.4285557608197463,0.3668134872581605,4.285557608197463,3.668134872581605
20261,3110794,영동초등학교,영등포구,골목상권,CS100010,커피-음료,7,0.1302383605329084,0.30700222435184715,0.32180429787207504,4.385746062169245,4.597204255315358
20261,3110798,신풍역 2번,영등포구,골목상권,CS100001,한식음식점,5,0.10923881123167252,0.18405534837989165,0.16631877792441457,3.681106967597833,3.3263755584882913
20261,3110800,영등포동성당,영등포구,골목상권,CS100001,한식음식점,7,0.13634471601395257,0.2581292265990895,0.25642599949425027,3.6875603799869925,3.663228564203575
20261,3110802,신길동홍어거리,영등포구,골목상권,CS100001,한식음식점,7,0.19564420472812877,0.29688344582867565,0.24382012266655828,4.241192083266795,3.483144609522261
20261,3110803,신길2동우편취급국,영등포구,골목상권,CS100001,한식음식점,15,0.24100190308617464,0.6643314431900823,0.5325965467129931,4.428876287933882,3.5506436447532868
20261,3110803,신길2동우편취급국,영등포구,골목상권,CS100002,중식음식점,8,0.1995505414190683,0.3003120369683676,0.3697798822891947,3.7539004621045953,4.622248528614933
20261,3110803,신길2동우편취급국,영등포구,골목상권,CS100009,호프-간이주점,6,0.14335850384123255,0.18644989098400305,0.2136498703564786,3.1074981830667174,3.560831172607976
20261,3110804,신풍역 1번,영등포구,골목상권,CS100001,한식음식점,18,0.24653366517585096,0.798570738834865,0.6155920077455671,4.436504104638138,3.4199555985864842
20261,3110804,신풍역 1번,영등포구,골목상권,CS100002,중식음식점,5,0.1043177464306984,0.2097791585755096,0.21477776025524217,4.195583171510192,4.295555205104844
20261,3110804,신풍역 1번,영등포구,골목상권,CS100008,분식전문점,10,0.22304975834574586,0.37917034284625917,0.4375324159453658,3.7917034284625917,4.375324159453657
20261,3110804,신풍역 1번,영등포구,골목상권,CS100009,호프-간이주점,5,0.10831786260675184,0.1575409198937303,0.16689586563078534,3.1508183978746067,3.3379173126157067
20261,3110804,신풍역 1번,영등포구,골목상권,CS100010,커피-음료,8,0.19224707096312213,0.39684104749413973,0.33504776538025866,4.960513093676747,4.188097067253233
20261,3110805,신길새마을금고신길4동지점,영등포구,골목상권,CS100001,한식음식점,9,0.16974095479645576,0.3540739739831161,0.299094918451865,3.9341552664790678,3.323276871687389
20261,3110807,신길역 3번,영등포구,골목상권,CS100001,한식음식점,7,0.19485378271393486,0.29899958741842714,0.2572128943369798,4.271422677406102,3.674469919099711
20261,3110807,신길역 3번,영등포구,골목상권,CS100010,커피-음료,6,0.2686229746406151,0.2804771820877206,0.28353149374285075,4.67461970146201,4.725524895714179
20261,3110809,장훈고등학교,영등포구,골목상권,CS100001,한식음식점,10,0.11115475321929172,0.4183745688502899,0.3302106808454511,4.183745688502899,3.3021068084545107
20261,3110809,장훈고등학교,영등포구,골목상권,CS100009,호프-간이주점,7,0.14586014109381787,0.18042804193117953,0.23778996990335516,2.5775434561597077,3.3969995700479307
20261,3110810,영신초등학교,영등포구,골목상권,CS100001,한식음식점,41,0.37434238866943886,1.7451001215620294,1.454780349505734,4.2563417599073885,3.5482447548920346
20261,3110810,영신초등학교,영등포구,골목상권,CS100002,중식음식점,6,0.11538016817455235,0.243897629871063,0.2545183536630965,4.06496049785105,4.241972561051608
20261,3110810,영신초등학교,영등포구,골목상권,CS100004,양식음식점,5,0.2641071465740979,0.23034009841640873,0.1988008748865503,4.606801968328175,3.9760174977310063
20261,3110810,영신초등학교,영등포구,골목상권,CS100005,제과점,5,0.16754425590811958,0.18221953122799459,0.1885102576578615,3.6443906245598914,3.77020515315723
20261,3110810,영신초등학교,영등포구,골목상권,CS100008,분식전문점,5,0.16693452217814453,0.21568782416571783,0.20631181248957117,4.313756483314356,4.126236249791424
20261,3110810,영신초등학교,영등포구,골목상권,CS100009,호프-간이주점,8,0.21738622747405595,0.24669164467963745,0.2701809824465039,3.0836455584954683,3.3772622805812986
20261,3110810,영신초등학교,영등포구,골목상권,CS100010,커피-음료,10,0.30167261792007116,0.49721863195978727,0.41697992086612734,4.972186319597872,4.169799208661273
20261,3110811,보라매역 4번,영등포구,골목상권,CS100001,한식음식점,8,0.1646401149204388,0.34555841165110174,0.28687467719013166,4.319480145638772,3.585933464876646
20261,3110812,신길6동주민센터,영등포구,골목상권,CS100001,한식음식점,24,0.2779190421183022,0.929915927096453,0.8439944052417404,3.874649696235221,3.5166433551739185
20261,3110812,신길6동주민센터,영등포구,골목상권,CS100010,커피-음료,8,0.169277403734462,0.3434698719250993,0.336310489979052,4.293373399063741,4.20388112473815
20261,3110813,보라매역 6번,영등포구,골목상권,CS100001,한식음식점,24,0.3233422381091764,0.9941028740639308,0.8614281921699217,4.142095308599711,3.589284134041341
20261,3110813,보라매역 6번,영등포구,골목상권,CS100005,제과점,6,0.21912082720927714,0.19778945326848496,0.2396681232890161,3.2964908878080825,3.9944687214836017
20261,3110813,보라매역 6번,영등포구,골목상권,CS100008,분식전문점,5,0.25825960605913667,0.20755702301893544,0.21739411078938273,4.151140460378709,4.347882215787655
20261,3110813,보라매역 6번,영등포구,골목상권,CS100009,호프-간이주점,7,0.13202093575149917,0.20258889950375317,0.2455903092444242,2.8941271357679024,3.50843298920606
20261,3110813,보라매역 6번,영등포구,골목상권,CS100010,커피-음료,13,0.31467235022184614,0.59329015427441,0.579203262625156,4.563770417495461,4.4554097125012
20261,3110814,서울지방병무청,영등포구,골목상권,CS100001,한식음식점,14,0.21814662779266342,0.6369699712786515,0.4965486901937989,4.549785509133225,3.546776358527135
20261,3110814,서울지방병무청,영등포구,골목상권,CS100010,커피-음료,8,0.15757943296529411,0.3991389795432758,0.35346445240969715,4.989237244290948,4.418305655121214
20261,3110815,공군호텔,영등포구,골목상권,CS100001,한식음식점,28,0.3395578545544966,1.2136827241024926,0.9227275736529196,4.334581157508902,3.295455620188999
20261,3110815,공군호텔,영등포구,골목상권,CS100008,분식전문점,5,0.11640278887428576,0.2194749455836676,0.19747178110080735,4.3894989116733525,3.949435622016147
20261,3110815,공군호텔,영등포구,골목상권,CS100009,호프-간이주점,8,0.17428359071936012,0.2474778282777945,0.25807030993879876,3.093472853472431,3.2258788742349847
20261,3110815,공군호텔,영등포구,골목상권,CS100010,커피-음료,9,0.20500759918920808,0.4364151447871581,0.3540219225763654,4.849057164301756,3.9335769175151714
20261,3110816,대방역 6번,영등포구,골목상권,CS100001,한식음식점,6,0.12763374737348906,0.2691980658665613,0.2070345683487323,4.486634431109355,3.4505761391455385
20261,3110819,신대방역 4번,동작구,골목상권,CS100001,한식음식점,30,0.38098537143145983,1.0576158847020705,1.0045864229297767,3.525386282340235,3.348621409765922
20261,3110819,신대방역 4번,동작구,골목상권,CS100002,중식음식점,6,0.12000306421535262,0.1959036386041981,0.2451255083925196,3.265060643403302,4.085425139875327
20261,3110819,신대방역 4번,동작구,골목상권,CS100005,제과점,6,0.13309091169988188,0.17147447753953193,0.2202671920782605,2.857907958992199,3.671119867971009
20261,3110819,신대방역 4번,동작구,골목상권,CS100006,패스트푸드점,6,0.1782672891917282,0.18831615987993353,0.284677803729024,3.1386026646655587,4.7446300621504
20261,3110819,신대방역 4번,동작구,골목상권,CS100007,치킨전문점,6,0.17579712040803172,0.15268997823021252,0.2515229906851597,2.544832970503542,4.192049844752662
20261,3110819,신대방역 4번,동작구,골목상권,CS100008,분식전문점,5,0.1592730157626871,0.1667966455387001,0.19760579552331642,3.3359329107740017,3.9521159104663286
20261,3110819,신대방역 4번,동작구,골목상권,CS100009,호프-간이주점,8,0.22036405940022985,0.19814784929047294,0.26021011737273525,2.476848116130912,3.2526264671591907
20261,3110819,신대방역 4번,동작구,골목상권,CS100010,커피-음료,9,0.20043310618163598,0.3430402302602865,0.3560021571778224,3.8115581140031836,3.9555795241980265
20261,3110820,성남고등학교,동작구,골목상권,CS100001,한식음식점,8,0.1797362346262604,0.2988788437080973,0.2726092065793091,3.735985546351216,3.407615082241364
20261,3110820,성남고등학교,동작구,골목상권,CS100006,패스트푸드점,5,0.15855752494606296,0.15323219201459867,0.2611077479666895,3.0646438402919736,5.22215495933379
20261,3110820,성남고등학교,동작구,골목상권,CS100010,커피-음료,10,0.26105322187714913,0.3551513282112892,0.4423921945651362,3.551513282112892,4.423921945651362
20261,3110821,보라매역 2번,동작구,골목상권,CS100001,한식음식점,15,0.25494111273511083,0.5870088368902505,0.5264295690876454,3.913392245935003,3.509530460584302
20261,3110821,보라매역 2번,동작구,골목상권,CS100005,제과점,5,0.1838098138889796,0.15288938463959723,0.19925788092697136,3.0577876927919445,3.985157618539427
20261,3110821,보라매역 2번,동작구,골목상권,CS100010,커피-음료,9,0.22198608735093406,0.3659690343783789,0.3919165894786584,4.066322604204211,4.354628771985094
20261,3110823,신대방삼거리역 3번,동작구,골목상권,CS100001,한식음식점,5,0.10432917502844415,0.1990344600381106,0.16826906882551723,3.980689200762212,3.3653813765103444
20261,3110823,신대방삼거리역 3번,동작구,골목상권,CS100010,커피-음료,6,0.12046231606345913,0.2286688391916266,0.26156878281810536,3.811147319860443,4.359479713635089
20261,3110824,대방역 3번,동작구,골목상권,CS100001,한식음식점,5,0.10146460248496529,0.1715726783195529,0.15823666202647835,3.431453566391058,3.1647332405295674
20261,3110824,대방역 3번,동작구,골목상권,CS100010,커피-음료,10,0.18914615451272085,0.3087492089235479,0.4230635163581292,3.087492089235479,4.230635163581292
20261,3110825,신대방삼거리역 1번,동작구,골목상권,CS100001,한식음식점,6,0.24877142709102745,0.2561545688790188,0.1980988508382741,4.269242814650313,3.301647513971235
20261,3110825,신대방삼거리역 1번,동작구,골목상권,CS100006,패스트푸드점,5,0.1683584705722558,0.15935707889283024,0.25530398686689065,3.1871415778566043,5.106079737337813
20261,3110825,신대방삼거리역 1번,동작구,골목상권,CS100009,호프-간이주점,5,0.1396957908066516,0.14217186137548696,0.1741514651336042,2.8434372275097393,3.483029302672084
20261,3110825,신대방삼거리역 1번,동작구,골목상권,CS100010,커피-음료,9,0.29839966543040375,0.37000335813711777,0.39212239224606005,4.111148423745753,4.356915469400667
20261,3110826,장승배기역 4번,동작구,골목상권,CS100001,한식음식점,31,0.3441093288562045,1.0119061493400705,1.0500612461345655,3.2642133849679693,3.3872943423695663
20261,3110826,장승배기역 4번,동작구,골목상권,CS100009,호프-간이주점,5,0.17664944288268314,0.12284292722769191,0.1596712198174274,2.456858544553838,3.193424396348548
20261,3110826,장승배기역 4번,동작구,골목상권,CS100010,커피-음료,15,0.2831398019880308,0.49654711578768684,0.6175982207278886,3.3103141052512455,4.117321471519257
20261,3110827,NH농협은행 상도동지점,동작구,골목상권,CS100001,한식음식점,24,0.292122294891208,0.7903084074633461,0.8519377570018986,3.292951697763942,3.5497406541745775
20261,3110827,NH농협은행 상도동지점,동작구,골목상권,CS100009,호프-간이주점,7,0.14574384206828192,0.16548076412664772,0.24384276919039366,2.3640109160949674,3.483468131291338
20261,3110828,노량진역 6번,동작구,골목상권,CS100001,한식음식점,46,0.3904702510693089,1.72543037047343,1.5977544888011987,3.7509355879857176,3.473379323480867
20261,3110828,노량진역 6번,동작구,골목상권,CS100008,분식전문점,5,0.10282894234632803,0.18695987372665124,0.19964461589714677,3.739197474533025,3.992892317942935
20261,3110828,노량진역 6번,동작구,골목상권,CS100009,호프-간이주점,11,0.24585372049636098,0.3012665977749061,0.36999100657444695,2.7387872524991463,3.363554605222245
20261,3110828,노량진역 6번,동작구,골목상권,CS100010,커피-음료,9,0.23576663912214632,0.4010603684580097,0.36188480897247316,4.456226316200108,4.020942321916368
20261,3110830,상도초등학교,동작구,골목상권,CS100001,한식음식점,8,0.17390368816008567,0.3059742137072175,0.25634004849730513,3.824677671340219,3.204250606216314
20261,3110830,상도초등학교,동작구,골목상권,CS100010,커피-음료,10,0.22992093350248782,0.4035566469577557,0.4223440699596126,4.0355664695775575,4.223440699596126
20261,3110831,상도4동주민센터,동작구,골목상권,CS100001,한식음식점,8,0.13141044243441125,0.2798376324245704,0.28863969245592147,3.4979704053071297,3.6079961556990185
20261,3110832,노량진초등학교,동작구,골목상권,CS100001,한식음식점,10,0.11971148486168406,0.35149002541888513,0.33303398361123543,3.514900254188851,3.3303398361123544
20261,3110832,노량진초등학교,동작구,골목상권,CS100009,호프-간이주점,5,0.11093919939890103,0.11400082089673337,0.1680472112395168,2.2800164179346676,3.360944224790336
20261,3110832,노량진초등학교,동작구,골목상권,CS100010,커피-음료,6,0.11627249236303584,0.22286103639456273,0.24854546516296996,3.7143506065760454,4.142424419382833
20261,3110833,상도역 2번,동작구,골목상권,CS100001,한식음식점,10,0.16330747723794184,0.3504469479607686,0.3360350483316172,3.504469479607686,3.360350483316172
20261,3110833,상도역 2번,동작구,골목상권,CS100002,중식음식점,5,0.15973176590125093,0.14850791401230978,0.21760764820445883,2.9701582802461957,4.352152964089177
20261,3110833,상도역 2번,동작구,골목상권,CS100007,치킨전문점,5,0.2642682959921358,0.11357454585583682,0.22267241886722203,2.2714909171167363,4.453448377344441
20261,3110833,상도역 2번,동작구,골목상권,CS100010,커피-음료,9,0.2552408961247098,0.3131260006990166,0.3849573119035924,3.4791777855446284,4.2773034655954705
20261,3110835,상도역 1번,동작구,골목상권,CS100001,한식음식점,10,0.15813326661838362,0.33665119746972605,0.3314472822476833,3.3665119746972603,3.3144728224768327
20261,3110836,상도역 5번,동작구,골목상권,CS100001,한식음식점,34,0.320372283339475,1.305004983274088,1.1440108575451309,3.838249950806141,3.3647378163092085
20261,3110836,상도역 5번,동작구,골목상권,CS100004,양식음식점,11,0.29670334186737035,0.38844496474471585,0.43763952946187884,3.5313178613155984,3.978541176926171
20261,3110836,상도역 5번,동작구,골목상권,CS100005,제과점,7,0.15341520656858823,0.21429736295863377,0.2581989374540025,3.0613908994090537,3.688556249342893
20261,3110836,상도역 5번,동작구,골목상권,CS100006,패스트푸드점,5,0.14425041463123203,0.1846696315997593,0.2352758662779572,3.693392631995186,4.7055173255591445
20261,3110836,상도역 5번,동작구,골목상권,CS100008,분식전문점,10,0.21429506714190982,0.3606580725448896,0.4149798660192569,3.6065807254488957,4.149798660192569
20261,3110836,상도역 5번,동작구,골목상권,CS100009,호프-간이주점,9,0.22238821807633463,0.24071473880711597,0.2936227031073115,2.6746082089679555,3.262474478970127
20261,3110836,상도역 5번,동작구,골목상권,CS100010,커피-음료,30,0.34497579026721115,1.1618027785888823,1.285869276398948,3.8726759286296075,4.286230921329827
20261,3110837,숭실대입구역 1번,동작구,골목상권,CS100001,한식음식점,19,0.3031377245595491,0.6910727691710811,0.6466577992484603,3.6372251009004266,3.403462101307686
20261,3110837,숭실대입구역 1번,동작구,골목상권,CS100005,제과점,7,0.14495493655343142,0.20279862366717907,0.273447252135658,2.8971231952454155,3.906389316223686
20261,3110837,숭실대입구역 1번,동작구,골목상권,CS100007,치킨전문점,5,0.17092781285643258,0.13277819596995274,0.21808052617745557,2.655563919399055,4.361610523549111
20261,3110837,숭실대입구역 1번,동작구,골목상권,CS100008,분식전문점,7,0.2056708609161977,0.24004668208616306,0.2992696466989718,3.4292383155166153,4.275280667128169
20261,3110837,숭실대입구역 1번,동작구,골목상권,CS100009,호프-간이주점,5,0.12144828819803653,0.1406607308573405,0.16744358801532774,2.8132146171468095,3.348871760306555
20261,3110837,숭실대입구역 1번,동작구,골목상권,CS100010,커피-음료,12,0.24121795775948632,0.4618597639572664,0.5101756737125721,3.848831366310553,4.251463947604767
20261,3110838,상도1동주민센터앞,동작구,골목상권,CS100001,한식음식점,6,0.1345889289440513,0.18464465057310733,0.1996376898293184,3.077410842885122,3.32729483048864
20261,3110839,숭실대입구역 4번,동작구,골목상권,CS100001,한식음식점,32,0.2966351502464929,1.2138410151319348,1.0960334096577684,3.793253172287296,3.425104405180526
20261,3110839,숭실대입구역 4번,동작구,골목상권,CS100003,일식음식점,6,0.1265831607637427,0.20695718652586526,0.24232758670388088,3.4492864420977543,4.038793111731348
20261,3110839,숭실대입구역 4번,동작구,골목상권,CS100004,양식음식점,13,0.2496023806214897,0.452245554947262,0.5358304197913113,3.4788119611327843,4.1217724599331635
20261,3110839,숭실대입구역 4번,동작구,골목상권,CS100006,패스트푸드점,10,0.23731206898025575,0.3304019824253052,0.5011814800231721,3.3040198242530523,5.011814800231721
20261,3110839,숭실대입구역 4번,동작구,골목상권,CS100007,치킨전문점,5,0.13327918888503118,0.14055415781885824,0.21103914027137138,2.811083156377165,4.220782805427428
20261,3110839,숭실대입구역 4번,동작구,골목상권,CS100008,분식전문점,10,0.20300655548672755,0.34503054798182436,0.42245989004998297,3.4503054798182435,4.22459890049983
20261,3110839,숭실대입구역 4번,동작구,골목상권,CS100009,호프-간이주점,15,0.30626560872362746,0.38181540168970834,0.5183888573599554,2.5454360112647225,3.455925715733036
20261,3110839,숭실대입구역 4번,동작구,골목상권,CS100010,커피-음료,13,0.21985599069929682,0.5891888660830423,0.5466468439916952,4.532222046792633,4.20497572301304
20261,3110840,중앙대학교,동작구,골목상권,CS100001,한식음식점,36,0.2982278791622268,1.422928729641461,1.0979997192425577,3.9525798045596137,3.049999220118216
20261,3110840,중앙대학교,동작구,골목상권,CS100002,중식음식점,8,0.17119315906974003,0.30896499804185645,0.30252938496312026,3.8620624755232056,3.7816173120390033
20261,3110840,중앙대학교,동작구,골목상권,CS100003,일식음식점,8,0.169044662491253,0.287726701521233,0.2916482728297865,3.596583769015412,3.645603410372331
20261,3110840,중앙대학교,동작구,골목상권,CS100004,양식음식점,5,0.13241340743778385,0.2017753472507892,0.17119809916044182,4.035506945015784,3.4239619832088364
20261,3110840,중앙대학교,동작구,골목상권,CS100006,패스트푸드점,7,0.12637757198902844,0.24852666128296835,0.3022217921142834,3.5503808754709762,4.317454173061192
20261,3110840,중앙대학교,동작구,골목상권,CS100008,분식전문점,13,0.223703093459878,0.46787385266435777,0.4947653117776671,3.5990296358796754,3.8058870136743623
20261,3110840,중앙대학교,동작구,골목상권,CS100009,호프-간이주점,20,0.2807159603858023,0.523330002389068,0.6226077573460336,2.61665001194534,3.1130387867301677
20261,3110840,중앙대학교,동작구,골목상권,CS100010,커피-음료,21,0.260895247864083,0.8897906168972003,0.7965604504898427,4.237098175700954,3.793145002332584
20261,3110842,흑리단길,동작구,골목상권,CS100001,한식음식점,16,0.22433831740704666,0.46937529480369794,0.5173676286113384,2.9335955925231123,3.2335476788208655
20261,3110842,흑리단길,동작구,골목상권,CS100004,양식음식점,5,0.16293767313602037,0.13207280654144027,0.19004983639454162,2.6414561308288054,3.8009967278908325
20261,3110842,흑리단길,동작구,골목상권,CS100008,분식전문점,7,0.14313786568086764,0.1837622633546519,0.28605097355807435,2.6251751907807415,4.086442479401063
20261,3110842,흑리단길,동작구,골목상권,CS100009,호프-간이주점,8,0.18765601977456364,0.1562573852722142,0.26205216949660604,1.9532173159026773,3.2756521187075753
20261,3110842,흑리단길,동작구,골목상권,CS100010,커피-음료,9,0.192076678545594,0.27555231873575853,0.35948425404881684,3.0616924303973168,3.9942694894312987
20261,3110843,사당5동주민센터,동작구,골목상권,CS100001,한식음식점,6,0.12260532914978083,0.20031725765769254,0.2121310300604034,3.338620960961542,3.5355171676733903
20261,3110846,남성역 1번,동작구,골목상권,CS100001,한식음식점,33,0.3827277678577554,1.265036582607205,1.1696220599158822,3.833444189718803,3.54430927247237
20261,3110846,남성역 1번,동작구,골목상권,CS100002,중식음식점,8,0.21010613775354722,0.2928298569341397,0.35281062339856845,3.6603732116767462,4.410132792482106
20261,3110846,남성역 1번,동작구,골목상권,CS100006,패스트푸드점,7,0.15133348657792858,0.22847655104087686,0.35089425782718464,3.2639507291553835,5.012775111816923
20261,3110846,남성역 1번,동작구,골목상권,CS100008,분식전문점,12,0.26766247313283403,0.4173055725544124,0.5307296980306276,3.477546437953437,4.422747483588563
20261,3110846,남성역 1번,동작구,골목상권,CS100009,호프-간이주점,9,0.22335446406366138,0.24744574381851503,0.31132742433827376,2.749397153539056,3.4591936037585973
20261,3110846,남성역 1번,동작구,골목상권,CS100010,커피-음료,18,0.3151072848161526,0.759277177283366,0.7922125978092607,4.218206540463145,4.401181098940337
20261,3110848,양지어린이공원,동작구,골목상권,CS100001,한식음식점,15,0.2805135649769435,0.5641306882949959,0.5316059923680758,3.7608712552999726,3.5440399491205055
20261,3110848,양지어린이공원,동작구,골목상권,CS100008,분식전문점,7,0.22668798587050662,0.2395430018999673,0.3158905956852769,3.422042884285247,4.512722795503955
20261,3110848,양지어린이공원,동작구,골목상권,CS100010,커피-음료,9,0.24908564091943525,0.34437183665156146,0.39456025934723593,3.826353740572905,4.384002881635954
20261,3110849,이수역 10번,동작구,골목상권,CS100001,한식음식점,21,0.27653027287285387,0.814851321567969,0.7637875118912872,3.8802443884189,3.6370833899585104
20261,3110849,이수역 10번,동작구,골목상권,CS100010,커피-음료,10,0.2269000008359587,0.41330531754296096,0.4446952939077143,4.13305317542961,4.446952939077143
20261,3110850,사당역 10번,동작구,골목상권,CS100001,한식음식점,66,0.3125232693079016,2.4290034843494253,2.3428618920800504,3.6803083096203415,3.5497907455758337
20261,3110850,사당역 10번,동작구,골목상권,CS100002,중식음식점,6,0.21179142372948306,0.2217527312497787,0.24699440003794215,3.695878854162978,4.116573333965703
20261,3110850,사당역 10번,동작구,골목상권,CS100003,일식음식점,7,0.19664409083644788,0.24387747286357628,0.2817091755988704,3.483963898051089,4.024416794269577
20261,3110850,사당역 10번,동작구,골목상권,CS100004,양식음식점,9,0.2321203261717544,0.330097576176135,0.3568754276307445,3.6677508464015,3.965282529230494
20261,3110850,사당역 10번,동작구,골목상권,CS100005,제과점,8,0.23933992764020218,0.24386015576187617,0.30015055395799023,3.048251947023452,3.751881924474878
20261,3110850,사당역 10번,동작구,골목상권,CS100007,치킨전문점,9,0.225926937698884,0.2519159097909813,0.39094425169619845,2.7990656643442366,4.343825018846649
20261,3110850,사당역 10번,동작구,골목상권,CS100008,분식전문점,8,0.23568998033066288,0.2955747465592339,0.3296282261449101,3.6946843319904237,4.120352826811376
20261,3110850,사당역 10번,동작구,골목상권,CS100009,호프-간이주점,38,0.49816012592570647,0.925399546656529,1.380610964499068,2.4352619648856026,3.633186748681758
20261,3110850,사당역 10번,동작구,골목상권,CS100010,커피-음료,29,0.42374476217156903,1.1393305243931806,1.2510655284733692,3.9287259461833814,4.314019063701273
20261,3110851,경문고등학교(동작동성당),동작구,골목상권,CS100007,치킨전문점,5,0.14862228957200727,0.1380329314944866,0.24351976274950987,2.7606586298897318,4.870395254990197
20261,3110852,이수역 9번,동작구,골목상권,CS100001,한식음식점,23,0.2891332646529452,0.777886059476224,0.8074496295896287,3.382113302070539,3.5106505634331686
20261,3110852,이수역 9번,동작구,골목상권,CS100010,커피-음료,10,0.19834298448132298,0.3595162390129424,0.4260265914870349,3.5951623901294236,4.26026591487035
20261,3110853,KT구로지사,관악구,골목상권,CS100001,한식음식점,10,0.19397338431270625,0.53277796204344,0.5070351322231131,5.3277796204343995,5.070351322231131
20261,3110853,KT구로지사,관악구,골목상권,CS100010,커피-음료,5,0.1738588274487187,0.27936375051836226,0.3104667306559006,5.587275010367245,6.209334613118012
20261,3110855,신대방역 2번,관악구,골목상권,CS100001,한식음식점,39,0.3437290995135869,1.7465319053869195,1.7634934716215132,4.478286936889537,4.521778132362854
20261,3110855,신대방역 2번,관악구,골목상권,CS100002,중식음식점,11,0.2810291519154557,0.436816963942697,0.6196748809960216,3.9710633085699727,5.633408009054742
20261,3110855,신대방역 2번,관악구,골목상권,CS100006,패스트푸드점,5,0.16632283029081124,0.21806400717715246,0.31330604541503115,4.361280143543049,6.266120908300624
20261,3110855,신대방역 2번,관악구,골목상권,CS100007,치킨전문점,5,0.12288464946212183,0.17681004397021094,0.2768170630455611,3.536200879404219,5.536341260911222
20261,3110855,신대방역 2번,관악구,골목상권,CS100008,분식전문점,8,0.17958904464695374,0.3448564441379616,0.4351016868948985,4.310705551724521,5.438771086186231
20261,3110855,신대방역 2번,관악구,골목상권,CS100009,호프-간이주점,17,0.3048377620797751,0.5105065082207436,0.7710845825793062,3.002979460122021,4.535791662231213
20261,3110855,신대방역 2번,관악구,골목상권,CS100010,커피-음료,20,0.29274939594052696,0.9362986099021645,1.1092187306454468,4.681493049510823,5.546093653227234
20261,3110856,미성초등학교,관악구,골목상권,CS100001,한식음식점,19,0.2827398670200957,0.8082109348793585,0.8888401007917559,4.253741762522939,4.678105793640821
20261,3110856,미성초등학교,관악구,골목상권,CS100010,커피-음료,8,0.23521271379858114,0.37670134383676696,0.45568291359151425,4.708766797959587,5.696036419893928
20261,3110857,미성동주민센터,관악구,골목상권,CS100001,한식음식점,6,0.12808627794276412,0.29321639746973055,0.2712825869585195,4.886939957828843,4.521376449308658
20261,3110858,신대방역 1번,관악구,골목상권,CS100001,한식음식점,7,0.13227603874900837,0.319406068064298,0.32631102532566575,4.562943829489972,4.661586076080939
20261,3110858,신대방역 1번,관악구,골목상권,CS100010,커피-음료,7,0.19525894709818647,0.31322198243721394,0.4180882299606942,4.4745997491030565,5.972688999438489
20261,3110860,호림박물관(성보고등학교),관악구,골목상권,CS100010,커피-음료,5,0.1303146320909618,0.21590203035211553,0.29308521337922844,4.3180406070423105,5.861704267584568
20261,3110861,관악구신사동주민센터,관악구,골목상권,CS100001,한식음식점,50,0.38196898047686395,2.2396857628635436,2.4231774771900505,4.479371525727087,4.846354954380101
20261,3110861,관악구신사동주민센터,관악구,골목상권,CS100002,중식음식점,10,0.26708267009226055,0.43417969991053124,0.5951946368756934,4.341796999105312,5.951946368756935
20261,3110861,관악구신사동주민센터,관악구,골목상권,CS100007,치킨전문점,5,0.1913878689678645,0.19154116876517938,0.294292870214211,3.8308233753035874,5.885857404284221
20261,3110861,관악구신사동주민센터,관악구,골목상권,CS100008,분식전문점,10,0.22174955886227835,0.42765434116024664,0.5810555670257601,4.276543411602467,5.810555670257601
20261,3110861,관악구신사동주민센터,관악구,골목상권,CS100009,호프-간이주점,18,0.3205074359533249,0.5722504204733824,0.8690166914131765,3.1791690026299024,4.827870507850981
20261,3110861,관악구신사동주민센터,관악구,골목상권,CS100010,커피-음료,11,0.26470037570090965,0.5531479690139699,0.6177994041482947,5.028617900126999,5.6163582195299515
20261,3110862,난곡초등학교(난곡동벽화마을),관악구,골목상권,CS100001,한식음식점,8,0.12247692289109796,0.33034279050492227,0.36637134390943205,4.129284881311528,4.5796417988679
20261,3110863,난우초등학교,관악구,골목상권,CS100001,한식음식점,24,0.287634196150438,1.0504800949323327,1.0803033686497756,4.377000395551386,4.501264036040731
20261,3110863,난우초등학교,관악구,골목상권,CS100007,치킨전문점,6,0.16122394648479235,0.19057522788104778,0.34439824845292377,3.1762537980174628,5.73997080754873
20261,3110863,난우초등학교,관악구,골목상권,CS100009,호프-간이주점,10,0.21380885414103445,0.30445164480272585,0.45230937797644916,3.0445164480272586,4.5230937797644915
20261,3110863,난우초등학교,관악구,골목상권,CS100010,커피-음료,9,0.20815607125962202,0.47074321445528255,0.4942201204294347,5.230480160614251,5.491334671438163
20261,3110864,신림우방아파트,관악구,골목상권,CS100001,한식음식점,7,0.18181483249831762,0.3741851654573681,0.3655770620500792,5.345502363676687,5.222529457858275
20261,3110865,남강고등학교(남강중학교),관악구,골목상권,CS100001,한식음식점,25,0.2787587825673935,1.1799195745056419,1.1533580623180228,4.7196782980225676,4.613432249272091
20261,3110865,남강고등학교(남강중학교),관악구,골목상권,CS100005,제과점,5,0.13595435343123224,0.19324879437555845,0.2532590763709182,3.8649758875111693,5.065181527418364
20261,3110865,남강고등학교(남강중학교),관악구,골목상권,CS100006,패스트푸드점,6,0.20539207898327583,0.25662693367995776,0.39894137958994175,4.2771155613326295,6.649022993165696
20261,3110865,남강고등학교(남강중학교),관악구,골목상권,CS100007,치킨전문점,5,0.1439253574767321,0.18800326731177391,0.29293985921719523,3.7600653462354785,5.858797184343905
20261,3110865,남강고등학교(남강중학교),관악구,골목상권,CS100008,분식전문점,10,0.22237653447700104,0.4528377541387943,0.5847955131367688,4.528377541387943,5.847955131367688
20261,3110865,남강고등학교(남강중학교),관악구,골목상권,CS100009,호프-간이주점,11,0.28418457939168035,0.34881005742945287,0.5095722544626622,3.171000522085935,4.632475040569656
20261,3110866,난우중학교,관악구,골목상권,CS100001,한식음식점,8,0.2055119748475573,0.39226400819326884,0.3699322707404077,4.9033001024158605,4.624153384255096
20261,3110866,난우중학교,관악구,골목상권,CS100010,커피-음료,6,0.16015442796057985,0.299003915118166,0.34927824878370733,4.9833985853027665,5.821304146395122
20261,3110867,국제신학대학원대학교(남서울중학교),관악구,골목상권,CS100001,한식음식점,9,0.22530672915683916,0.43532176100699027,0.41741260520434503,4.836908455633225,4.637917835603834
20261,3110867,국제신학대학원대학교(남서울중학교),관악구,골목상권,CS100009,호프-간이주점,7,0.1613382027866685,0.21856790882972144,0.3390782165758798,3.122398697567449,4.8439745225125685
20261,3110867,국제신학대학원대학교(남서울중학교),관악구,골목상권,CS100010,커피-음료,12,0.2698815048894083,0.5896814022514651,0.7332921479246604,4.914011685428877,6.11076789937217
20261,3110868,남부초등학교,관악구,골목상권,CS100001,한식음식점,17,0.3319913594352352,0.767939925431872,0.7998872824779137,4.517293679011011,4.705219308693611
20261,3110868,남부초등학교,관악구,골목상권,CS100009,호프-간이주점,8,0.20953032506809124,0.24800835185709794,0.3811638261411639,3.100104398213724,4.764547826764549
20261,3110868,남부초등학교,관악구,골목상권,CS100010,커피-음료,17,0.3836122099335343,0.7530716848749291,1.0248610440468526,4.42983344044076,6.0285943767461925
20261,3110869,"신림역 5번(신림동주민센터, 신림동별빛거리)",관악구,골목상권,CS100001,한식음식점,60,0.4300894709060001,3.1108371373939834,3.0864389131022176,5.184728562323306,5.144064855170362
20261,3110869,"신림역 5번(신림동주민센터, 신림동별빛거리)",관악구,골목상권,CS100005,제과점,6,0.21942401371903442,0.2588317315203066,0.32149018291521597,4.31386219200511,5.3581697152536
20261,3110869,"신림역 5번(신림동주민센터, 신림동별빛거리)",관악구,골목상권,CS100007,치킨전문점,5,0.21102048472094864,0.20562584556694344,0.30453902332066296,4.112516911338869,6.090780466413259
20261,3110869,"신림역 5번(신림동주민센터, 신림동별빛거리)",관악구,골목상권,CS100008,분식전문점,6,0.23907947727812312,0.3263650324369893,0.35509660578781777,5.439417207283155,5.9182767631302955
20261,3110869,"신림역 5번(신림동주민센터, 신림동별빛거리)",관악구,골목상권,CS100009,호프-간이주점,19,0.35197643846561316,0.7087670465889725,0.965708601085237,3.7303528767840657,5.082676847817037
20261,3110869,"신림역 5번(신림동주민센터, 신림동별빛거리)",관악구,골목상권,CS100010,커피-음료,29,0.43369328760857073,1.6523068237905034,1.8344083835158447,5.697609737208633,6.325546150054636
20261,3110871,신원동주민센터,관악구,골목상권,CS100001,한식음식점,24,0.3313306656588606,1.0463004516740346,1.1128949543635867,4.359585215308478,4.637062309848278
20261,3110871,신원동주민센터,관악구,골목상권,CS100005,제과점,5,0.12421565465095301,0.17352529758862614,0.2543336385868411,3.4705059517725227,5.086672771736822
20261,3110871,신원동주민센터,관악구,골목상권,CS100007,치킨전문점,5,0.16314694079112954,0.1625317315271834,0.2925657181035235,3.250634630543668,5.85131436207047
20261,3110871,신원동주민센터,관악구,골목상권,CS100008,분식전문점,6,0.16588058135640338,0.24836525635275247,0.33926041368545057,4.139420939212541,5.654340228090843
20261,3110871,신원동주민센터,관악구,골목상권,CS100010,커피-음료,5,0.10936229585614005,0.23917739792293216,0.2666453744614418,4.783547958458644,5.332907489228837
20261,3110873,당곡중학교,관악구,골목상권,CS100001,한식음식점,42,0.322149103696665,1.775265697282687,1.9263489603687167,4.2268230887683025,4.58654514373504
20261,3110873,당곡중학교,관악구,골목상권,CS100002,중식음식점,5,0.1592198370710029,0.21396748066155857,0.27201071806853616,4.2793496132311715,5.440214361370723
20261,3110873,당곡중학교,관악구,골목상권,CS100005,제과점,7,0.20723881014746479,0.24324886585796138,0.34763628088810977,3.4749837979708773,4.966232584115854
20261,3110873,당곡중학교,관악구,골목상권,CS100007,치킨전문점,7,0.17315715644998683,0.2146543376992449,0.39644506035398974,3.066490538560642,5.663500862199854
20261,3110873,당곡중학교,관악구,골목상권,CS100008,분식전문점,9,0.2230706361741717,0.3745827659810496,0.49986813568829525,4.162030733122774,5.554090396536614
20261,3110873,당곡중학교,관악구,골목상권,CS100009,호프-간이주점,10,0.2134720041775383,0.3062673507789343,0.4435048496735899,3.062673507789343,4.435048496735899
20261,3110873,당곡중학교,관악구,골목상권,CS100010,커피-음료,14,0.2953208356157619,0.6512783981373717,0.7668463261170569,4.651988558124083,5.477473757978978
20261,3110874,원신초등학교(구세군관악영문교회),관악구,골목상권,CS100001,한식음식점,11,0.24906630896922335,0.5237917357078807,0.5409958778450207,4.761743051889825,4.9181443440456425
20261,3110875,보라매동주민센터(당곡고등학교),관악구,골목상권,CS100001,한식음식점,7,0.1741345148691859,0.29391007671817776,0.2797765454492733,4.198715381688254,3.996807792132475
20261,3110875,보라매동주민센터(당곡고등학교),관악구,골목상권,CS100010,커피-음료,7,0.12408535320655421,0.32121065733551424,0.3641555883946416,4.588723676221632,5.202222691352023
20261,3110876,서원동주민센터(신관중학교),관악구,골목상권,CS100001,한식음식점,11,0.19805082319913164,0.47707978444060956,0.5191583657488996,4.337088949460087,4.719621506808179
20261,3110877,신림역 8번,관악구,골목상권,CS100001,한식음식점,27,0.31248808938874456,1.2817508280756347,1.3017905516997206,4.747225289169017,4.8214464877767425
20261,3110877,신림역 8번,관악구,골목상권,CS100008,분식전문점,8,0.2173575896491496,0.34007672913681536,0.4726698515138391,4.250959114210192,5.908373143922989
20261,3110877,신림역 8번,관악구,골목상권,CS100009,호프-간이주점,7,0.1549468477368883,0.23502532802043846,0.3274106072960312,3.357504686006264,4.677294389943303
20261,3110877,신림역 8번,관악구,골목상권,CS100010,커피-음료,12,0.3174208622420457,0.6269645007857835,0.7068991242940873,5.224704173214862,5.890826035784061
20261,3110879,신림현대아파트,관악구,골목상권,CS100001,한식음식점,5,0.12572691065621722,0.20597785681789843,0.21854776049365282,4.119557136357969,4.370955209873056
20261,3110881,구립대학경로당(관악산샘말공원),관악구,골목상권,CS100001,한식음식점,93,0.39762280814997636,4.655391644334896,4.77464344108187,5.00579746702677,5.1340252054643765
20261,3110881,구립대학경로당(관악산샘말공원),관악구,골목상권,CS100002,중식음식점,17,0.2928582626366875,0.8226018749547965,1.0638531676826966,4.838834558557627,6.257959809898216
20261,3110881,구립대학경로당(관악산샘말공원),관악구,골목상권,CS100003,일식음식점,6,0.18326897390203606,0.28921289743347617,0.3365664476013231,4.820214957224603,5.609440793355385
20261,3110881,구립대학경로당(관악산샘말공원),관악구,골목상권,CS100004,양식음식점,5,0.11225783055127865,0.2823810182147879,0.2711966632156507,5.647620364295758,5.423933264313015
20261,3110881,구립대학경로당(관악산샘말공원),관악구,골목상권,CS100005,제과점,5,0.20932440394432955,0.23202464474881976,0.2585799553661777,4.640492894976395,5.171599107323555
20261,3110881,구립대학경로당(관악산샘말공원),관악구,골목상권,CS100006,패스트푸드점,8,0.3303337237731333,0.3963968695893778,0.5527462356675787,4.9549608698672225,6.909327945844734
20261,3110881,구립대학경로당(관악산샘말공원),관악구,골목상권,CS100007,치킨전문점,12,0.31112197355574833,0.4599005436766413,0.7513196671931885,3.832504530638677,6.260997226609905
20261,3110881,구립대학경로당(관악산샘말공원),관악구,골목상권,CS100008,분식전문점,24,0.3420456576370376,1.1253950579782794,1.503307226846046,4.689146074909497,6.263780111858525
20261,3110881,구립대학경로당(관악산샘말공원),관악구,골목상권,CS100009,호프-간이주점,18,0.36730832005558184,0.6603206937029301,0.8804947770758907,3.6684482983496114,4.8916376504216155
20261,3110881,구립대학경로당(관악산샘말공원),관악구,골목상권,CS100010,커피-음료,25,0.3013772142891746,1.4874097766873848,1.5238389165232433,5.949639106749539,6.095355666092973
20261,3110882,신성초등학교,관악구,골목상권,CS100001,한식음식점,36,0.3618510756305181,1.6403443595476215,1.7379256460458958,4.556512109854504,4.827571239016377
20261,3110882,신성초등학교,관악구,골목상권,CS100006,패스트푸드점,6,0.15728141898813242,0.267536808765785,0.4101164887803596,4.458946812763084,6.835274813005994
20261,3110882,신성초등학교,관악구,골목상권,CS100007,치킨전문점,7,0.23721506760182987,0.24376211541434561,0.4256166322568873,3.482315934490652,6.0802376036698185
20261,3110882,신성초등학교,관악구,골목상권,CS100010,커피-음료,7,0.14453607662573992,0.36459284754000326,0.3888258517821759,5.208469250571475,5.554655025459655
20261,3110883,은천초등학교(은천교앞),관악구,골목상권,CS100001,한식음식점,23,0.4024081449754055,1.068904962779623,1.07340268242808,4.647412881650535,4.666968184469913
20261,3110883,은천초등학교(은천교앞),관악구,골목상권,CS100002,중식음식점,6,0.2217175897266087,0.24819161530626926,0.3468942119024852,4.136526921771154,5.781570198374753
20261,3110883,은천초등학교(은천교앞),관악구,골목상권,CS100007,치킨전문점,5,0.17673142037814013,0.16721551678076252,0.2939265028861466,3.3443103356152504,5.878530057722932
20261,3110883,은천초등학교(은천교앞),관악구,골목상권,CS100008,분식전문점,6,0.16091526402751505,0.25714305293172357,0.34115164443731893,4.285717548862059,5.685860740621982
20261,3110883,은천초등학교(은천교앞),관악구,골목상권,CS100009,호프-간이주점,9,0.22233394715355945,0.2851582040442079,0.4187459649600894,3.1684244893800875,4.652732944000994
20261,3110883,은천초등학교(은천교앞),관악구,골목상권,CS100010,커피-음료,9,0.2163135450677367,0.45330786874927254,0.506898462864471,5.036754097214139,5.632205142938567
20261,3110884,봉천역 4번(봉천110안전센터),관악구,골목상권,CS100001,한식음식점,45,0.3914963063309069,1.9367591154988277,2.229238401392972,4.30390914555295,4.953863114206604
20261,3110884,봉천역 4번(봉천110안전센터),관악구,골목상권,CS100009,호프-간이주점,10,0.19165234976392984,0.3071189722647356,0.475352742401306,3.071189722647356,4.753527424013059
20261,3110885,영락고등학교,관악구,골목상권,CS100001,한식음식점,17,0.2722631471004151,0.8229453218713229,0.770542596883358,4.840854834537193,4.532603511078577
20261,3110885,영락고등학교,관악구,골목상권,CS100008,분식전문점,5,0.19059800263003718,0.22440905843049133,0.2789643168327914,4.4881811686098265,5.579286336655827
20261,3110885,영락고등학교,관악구,골목상권,CS100009,호프-간이주점,5,0.13134701333916948,0.16788482057118578,0.2214365760476043,3.3576964114237153,4.428731520952086
20261,3110885,영락고등학교,관악구,골목상권,CS100010,커피-음료,11,0.2865659173371137,0.5326445308053483,0.6189288712821989,4.842223007321349,5.626626102565444
20261,3110886,관악해태어린이공원,관악구,골목상권,CS100001,한식음식점,8,0.1725512946900483,0.39736006339685637,0.37284527154933617,4.967000792460705,4.660565894366702
20261,3110886,관악해태어린이공원,관악구,골목상권,CS100008,분식전문점,7,0.20928295438464253,0.286541070627196,0.4303979495603202,4.093443866102801,6.148542136576003
20261,3110886,관악해태어린이공원,관악구,골목상권,CS100010,커피-음료,11,0.26343566792667855,0.5161762750828623,0.6700045638495559,4.6925115916623845,6.0909505804505075
20261,3110888,청룡동주민센터,관악구,골목상권,CS100001,한식음식점,12,0.2227388615910286,0.5417331829485097,0.5773228113846711,4.51444319123758,4.811023428205593
20261,3110888,청룡동주민센터,관악구,골목상권,CS100007,치킨전문점,5,0.1755068477115484,0.1596356642114613,0.3182327264424418,3.1927132842292263,6.364654528848837
20261,3110888,청룡동주민센터,관악구,골목상권,CS100010,커피-음료,7,0.2110686374153493,0.3415745161858914,0.41933169436697226,4.879635945512734,5.990452776671033
20261,3110889,봉천역 6번,관악구,골목상권,CS100001,한식음식점,10,0.16266534843197267,0.41211869096547643,0.5120082624718946,4.121186909654765,5.120082624718945
20261,3110890,봉천역 1번(관악초등학교),관악구,골목상권,CS100001,한식음식점,16,0.29411679206019015,0.6888361864045583,0.7737976409951373,4.30522616502849,4.836235256219608
20261,3110890,봉천역 1번(관악초등학교),관악구,골목상권,CS100008,분식전문점,6,0.18288138376435845,0.26134132899924495,0.3687765260122085,4.355688816654083,6.146275433536808
20261,3110890,봉천역 1번(관악초등학교),관악구,골목상권,CS100010,커피-음료,7,0.1305005271503133,0.34726594330266675,0.41587289600193944,4.9609420471809536,5.9410413714562775
20261,3110891,구암초등학교,관악구,골목상권,CS100001,한식음식점,5,0.12898837042066005,0.21650554800498226,0.2325619224692967,4.3301109600996455,4.651238449385934
20261,3110891,구암초등학교,관악구,골목상권,CS100010,커피-음료,6,0.16677994504709504,0.23203142262837287,0.35787516493971255,3.8671903771395475,5.964586082328543
20261,3110892,관악구 중앙길,관악구,골목상권,CS100001,한식음식점,68,0.44755994316531045,3.342469069005865,3.3007563934058477,4.915395689714507,4.854053519714482
20261,3110892,관악구 중앙길,관악구,골목상권,CS100003,일식음식점,8,0.26516743157564265,0.35783614915196865,0.44133827303323064,4.472951864399608,5.516728412915383
20261,3110892,관악구 중앙길,관악구,골목상권,CS100006,패스트푸드점,7,0.21179894207458635,0.30595993161221574,0.4566639801362921,4.370856165888797,6.523771144804173
20261,3110892,관악구 중앙길,관악구,골목상권,CS100007,치킨전문점,7,0.1672915807335513,0.2764737463714027,0.40988339176635075,3.9496249481628958,5.855477025233582
20261,3110892,관악구 중앙길,관악구,골목상권,CS100008,분식전문점,9,0.28104982872065704,0.4667460175566907,0.5143312615025503,5.186066861741008,5.714791794472781
20261,3110892,관악구 중앙길,관악구,골목상권,CS100009,호프-간이주점,27,0.447166713711862,0.9313194386216253,1.3136120297894203,3.449331254154168,4.8652297399608155
20261,3110892,관악구 중앙길,관악구,골목상권,CS100010,커피-음료,29,0.42932663885843036,1.5224796584776388,1.7068176086138531,5.249929856819445,5.885577960737424
20261,3110893,관악소방서(문영여고),관악구,골목상권,CS100001,한식음식점,5,0.11723671846818301,0.19714297572869857,0.2207902319050924,3.9428595145739718,4.415804638101848
20261,3110895,샤로수길,관악구,골목상권,CS100001,한식음식점,135,0.3385748247921619,7.038964456587132,6.169196632522444,5.214047745620098,4.5697752833499585
20261,3110895,샤로수길,관악구,골목상권,CS100002,중식음식점,25,0.3644362447488682,1.2416645868288378,1.3910088974515251,4.966658347315351,5.5640355898061005
20261,3110895,샤로수길,관악구,골목상권,CS100003,일식음식점,30,0.3671059471681215,1.3667484079248888,1.6290174499254462,4.555828026416296,5.430058166418154
20261,3110895,샤로수길,관악구,골목상권,CS100004,양식음식점,39,0.3737296004860952,1.9179518758505578,2.0960502143102104,4.917825322693738,5.37448772900054
20261,3110895,샤로수길,관악구,골목상권,CS100005,제과점,12,0.3122354248681957,0.5389095621481508,0.568739668895616,4.490913017901256,4.7394972407968
20261,3110895,샤로수길,관악구,골목상권,CS100006,패스트푸드점,12,0.3081258862290927,0.582559301666651,0.7333645070827322,4.8546608472220925,6.111370892356102
20261,3110895,샤로수길,관악구,골목상권,CS100008,분식전문점,13,0.28736613921587895,0.7051587231463624,0.6806065618314009,5.424297870356634,5.2354350910107765
20261,3110895,샤로수길,관악구,골목상권,CS100009,호프-간이주점,49,0.5359574752656009,1.7793897906725262,2.2259860706439025,3.6314077360663797,4.542828715599801
20261,3110895,샤로수길,관악구,골목상권,CS100010,커피-음료,43,0.3765561144832643,2.447752780264614,2.3355223919867405,5.692448326196777,5.431447423224977
20261,3110896,관악우성아파트,관악구,골목상권,CS100001,한식음식점,16,0.2913040790866073,0.5788626793189567,0.6997670683963089,3.6178917457434796,4.373544177476931
20261,3110896,관악우성아파트,관악구,골목상권,CS100010,커피-음료,5,0.12314144951660524,0.1961976041171915,0.2592701198995985,3.9239520823438303,5.185402397991969
20261,3110897,서울대입구역 8번,관악구,골목상권,CS100001,한식음식점,15,0.25494111273511083,0.757552285323096,0.7127364459520631,5.05034856882064,4.751576306347087
20261,3110897,서울대입구역 8번,관악구,골목상권,CS100004,양식음식점,6,0.23938472682335793,0.27779552831373705,0.34264245389463593,4.629925471895618,5.710707564910599
20261,3110897,서울대입구역 8번,관악구,골목상권,CS100008,분식전문점,8,0.26468772233464255,0.3475883640865102,0.48520767790183816,4.344854551081378,6.065095973772977
20261,3110897,서울대입구역 8번,관악구,골목상권,CS100010,커피-음료,13,0.32290581911748956,0.6458689894042252,0.7828699305332752,4.968222995417117,6.022076388717502
20261,3110900,낙성대역 1번(관악구민 종합체육센터),관악구,골목상권,CS100001,한식음식점,19,0.2639926503283689,0.9037747938718446,0.9416549483024241,4.75670944143076,4.956078675275917
20261,3110900,낙성대역 1번(관악구민 종합체육센터),관악구,골목상권,CS100008,분식전문점,5,0.13488664550656063,0.22120075166991277,0.3024876149018233,4.4240150333982555,6.049752298036466
20261,3110900,낙성대역 1번(관악구민 종합체육센터),관악구,골목상권,CS100010,커피-음료,10,0.20985513067986955,0.5003475109032033,0.6096797019435354,5.003475109032033,6.096797019435353
20261,3110901,인헌고등학교(인헌중학교),관악구,골목상권,CS100001,한식음식점,10,0.16661265740893252,0.4929403587980507,0.4477900459026532,4.929403587980507,4.477900459026532
20261,3110901,인헌고등학교(인헌중학교),관악구,골목상권,CS100008,분식전문점,8,0.26210230219361763,0.3361483597281853,0.4715652928265845,4.201854496602317,5.894566160332306
20261,3110901,인헌고등학교(인헌중학교),관악구,골목상권,CS100010,커피-음료,8,0.19308421373459403,0.40656582546822767,0.45423102555536243,5.082072818352846,5.677887819442031
20261,3110902,사당역 4번,관악구,골목상권,CS100001,한식음식점,47,0.341303714005764,2.2158126518036516,2.256874637243257,4.714495003837556,4.801860930304802
20261,3110902,사당역 4번,관악구,골목상권,CS100003,일식음식점,6,0.24126940460387772,0.261618426894681,0.33034967371499147,4.36030711491135,5.505827895249857
20261,3110902,사당역 4번,관악구,골목상권,CS100008,분식전문점,13,0.25679116475739827,0.5573749197640446,0.7625203914454373,4.287499382800343,5.86554147265721
20261,3110902,사당역 4번,관악구,골목상권,CS100009,호프-간이주점,10,0.21334460007206874,0.3432264376472448,0.46052050007354883,3.432264376472448,4.605205000735489
20261,3110902,사당역 4번,관악구,골목상권,CS100010,커피-음료,19,0.27993221827566034,0.9741045128873486,1.1044409966302486,5.126865857301834,5.812847350685519
20261,3110903,방배아이파크아파트,서초구,골목상권,CS100001,한식음식점,11,0.23245017895760403,0.36470432940603215,0.37065828981969734,3.3154939036912014,3.369620816542703
20261,3110903,방배아이파크아파트,서초구,골목상권,CS100010,커피-음료,7,0.13079552663786054,0.23602112068947725,0.29312253344337785,3.3717302955639608,4.187464763476827
20261,3110904,이수역 5번,서초구,골목상권,CS100001,한식음식점,13,0.16436443296687744,0.3615446753966103,0.41394061337622884,2.781112887666233,3.184158564432529
20261,3110904,이수역 5번,서초구,골목상권,CS100010,커피-음료,11,0.3222598783670374,0.31184319727033694,0.44536457817439407,2.834938157003063,4.048768892494492
20261,3110905,방배노인종합복지관(이수중학교),서초구,골목상권,CS100001,한식음식점,8,0.21600415448077032,0.24890133713182552,0.2608844716699803,3.111266714147819,3.2610558958747538
20261,3110905,방배노인종합복지관(이수중학교),서초구,골목상권,CS100010,커피-음료,7,0.15186877721818293,0.21128232491636328,0.28894479424438163,3.0183189273766184,4.127782774919737
20261,3110907,방배초등학교,서초구,골목상권,CS100001,한식음식점,21,0.30885430726361,0.6517536083604243,0.7184345415285093,3.1035886112401156,3.421116864421473
20261,3110907,방배초등학교,서초구,골목상권,CS100008,분식전문점,6,0.14540137667666167,0.16968300966619174,0.2514539809139333,2.828050161103196,4.190899681898888
20261,3110907,방배초등학교,서초구,골목상권,CS100010,커피-음료,13,0.3064044896723025,0.40562827458919043,0.5505633964679423,3.1202174968399263,4.235103049753402
20261,3110908,구반포역,서초구,골목상권,CS100001,한식음식점,8,0.2551425347244759,0.16463235844753826,0.23242985475686678,2.057904480594228,2.9053731844608346
20261,3110908,구반포역,서초구,골목상권,CS100010,커피-음료,12,0.2689485318703552,0.24032262484624803,0.4607831058685222,2.0026885403854005,3.8398592155710185
20261,3110912,방배동사이길,서초구,골목상권,CS100010,커피-음료,7,0.11795459323131907,0.17833270194438852,0.2680201953542441,2.5476100277769786,3.8288599336320583
20261,3110913,방현초등학교(방배119안전센터),서초구,골목상권,CS100001,한식음식점,9,0.13421838956173576,0.29088862593659787,0.27218333188298666,3.2320958437399767,3.0242592431442965
20261,3110913,방현초등학교(방배119안전센터),서초구,골목상권,CS100010,커피-음료,7,0.16065423678902754,0.2179489332799856,0.265201818417524,3.11355618971408,3.7885974059646284
20261,3110916,내방역 4번,서초구,골목상권,CS100001,한식음식점,10,0.13520553687054904,0.3116801511106583,0.3218607520655073,3.1168015111065825,3.218607520655073
20261,3110916,내방역 4번,서초구,골목상권,CS100010,커피-음료,6,0.11859956736389393,0.18906516019761085,0.23866708266470923,3.151086003293514,3.9777847110784874
20261,3110918,방배역 3번,서초구,골목상권,CS100010,커피-음료,5,0.13664060714042753,0.1658896115682605,0.22817448333160645,3.3177922313652095,4.563489666632129
20261,3110919,내방역 8번,서초구,골목상권,CS100005,제과점,7,0.19534116906035448,0.16249000105886816,0.30264988233596235,2.3212857294124025,4.323569747656605
20261,3110921,서울프랑스학교,서초구,골목상권,CS100004,양식음식점,5,0.16774033090927798,0.13559963082069668,0.20609125471915235,2.7119926164139336,4.121825094383047
20261,3110925,서초중학교,서초구,골목상권,CS100001,한식음식점,11,0.2929566638285638,0.35961878193882546,0.38305292437532357,3.269261653989322,3.4822993125029416
20261,3110926,신중초등학교,서초구,골목상권,CS100001,한식음식점,5,0.11672748756309456,0.16900967243482407,0.15924675797069338,3.3801934486964815,3.1849351594138673
20261,3110926,신중초등학교,서초구,골목상권,CS100010,커피-음료,7,0.16679203363590617,0.22459549245625948,0.2919868952935203,3.208507035089421,4.171241361336004
20261,3110927,잠원역,서초구,골목상권,CS100001,한식음식점,7,0.12398396809529666,0.21585528836744522,0.2102335902956825,3.0836469766777888,3.003337004224036
20261,3110927,잠원역,서초구,골목상권,CS100008,분식전문점,5,0.20406789416782403,0.12233712965022964,0.19387733048143935,2.4467425930045925,3.8775466096287867
20261,3110929,남부터미널역 1번,서초구,골목상권,CS100001,한식음식점,7,0.13723731352830315,0.25699396096952376,0.22766827816426832,3.6713422995646248,3.252403973775262
20261,3110929,남부터미널역 1번,서초구,골목상권,CS100010,커피-음료,9,0.25518208940973974,0.3143363846794785,0.38090806563571367,3.4926264964386498,4.232311840396818
20261,3110930,서초동성당,서초구,골목상권,CS100001,한식음식점,5,0.11207757544419297,0.16441076967714047,0.14272407352691033,3.288215393542809,2.854481470538207
20261,3110930,서초동성당,서초구,골목상권,CS100005,제과점,6,0.11875649844971752,0.13704135237285184,0.2116160495542297,2.284022539547531,3.5269341592371615
20261,3110930,서초동성당,서초구,골목상권,CS100010,커피-음료,8,0.22591953823387578,0.2710068051298783,0.30587779612962096,3.3875850641234786,3.823472451620262
20261,3110931,삼성전자서울R&D(서울우면초등학교),서초구,골목상권,CS100010,커피-음료,13,0.3092127256804443,0.3047566998925958,0.5111632049929553,2.344282306866121,3.9320246537919643
20261,3110934,우면주공아파트,서초구,골목상권,CS100001,한식음식점,16,0.2539767218537708,0.46202752369400674,0.5145851875982597,2.887672023087542,3.2161574224891227
20261,3110934,우면주공아파트,서초구,골목상권,CS100008,분식전문점,8,0.27469972407510224,0.21253536776946688,0.32994357626283916,2.656692097118336,4.124294703285489
20261,3110934,우면주공아파트,서초구,골목상권,CS100010,커피-음료,10,0.2493538672866803,0.2984749498974203,0.40004821408887076,2.984749498974203,4.000482140888708
20261,3110936,더케이호텔(양재리본타워2단지아파트),서초구,골목상권,CS100001,한식음식점,5,0.10391864710535982,0.14717149855078587,0.15404887277742496,2.9434299710157172,3.080977455548499
20261,3110936,더케이호텔(양재리본타워2단지아파트),서초구,골목상권,CS100010,커피-음료,7,0.10095218517439021,0.19346684440610518,0.28201183687753434,2.7638120629443597,4.0287405268219185
20261,3110938,바우뫼공원,서초구,골목상권,CS100001,한식음식점,9,0.12059094655430576,0.28334427324031725,0.31259089337302975,3.1482697026701914,3.47323214858922
20261,3110938,바우뫼공원,서초구,골목상권,CS100010,커피-음료,12,0.251223416265459,0.3454319420929119,0.5408020134257056,2.8785995174409327,4.506683445214213
20261,3110939,양재역 8번(양재동우체국),서초구,골목상권,CS100001,한식음식점,77,0.32674655562449606,2.3937824855789485,2.596794076113093,3.108808422829803,3.3724598391079135
20261,3110939,양재역 8번(양재동우체국),서초구,골목상권,CS100003,일식음식점,7,0.20577215299532386,0.22011428899441404,0.2669426922874879,3.1444898427773436,3.8134670326783984
20261,3110939,양재역 8번(양재동우체국),서초구,골목상권,CS100004,양식음식점,8,0.23743142722758412,0.2537380402043991,0.29595517428904705,3.1717255025549886,3.6994396786130883
20261,3110939,양재역 8번(양재동우체국),서초구,골목상권,CS100006,패스트푸드점,6,0.2867015086276998,0.17657520369454555,0.26844459225422707,2.942920061575759,4.474076537570451
20261,3110939,양재역 8번(양재동우체국),서초구,골목상권,CS100007,치킨전문점,5,0.13757069743810782,0.1277326134951568,0.19675514759398696,2.5546522699031358,3.935102951879739
20261,3110939,양재역 8번(양재동우체국),서초구,골목상권,CS100009,호프-간이주점,26,0.3730370300337006,0.5724735493712297,0.8688065395298551,2.201821343735499,3.3415636135763656
20261,3110939,양재역 8번(양재동우체국),서초구,골목상권,CS100010,커피-음료,27,0.37080087933065375,0.9145230163579836,1.090212614672373,3.387122282807347,4.037824498786566
20261,3110942,염곡동 구룡사(포이동성당),서초구,골목상권,CS100001,한식음식점,45,0.3191790230422563,1.4305831941403175,1.5692601771556194,3.1790737647562612,3.4872448381235985
20261,3110942,염곡동 구룡사(포이동성당),서초구,골목상권,CS100002,중식음식점,7,0.24757704389549845,0.22435147604116615,0.2955652991200984,3.205021086302374,4.222361416001406
20261,3110942,염곡동 구룡사(포이동성당),서초구,골목상권,CS100006,패스트푸드점,5,0.16910356865538168,0.14791894296678473,0.23732600349634503,2.9583788593356948,4.7465200699269
20261,3110942,염곡동 구룡사(포이동성당),서초구,골목상권,CS100010,커피-음료,17,0.26972719942818996,0.5946114892483152,0.7150143807132054,3.497714642637148,4.205966945371797
20261,3110943,법제교육센터(버들어린이공원),서초구,골목상권,CS100001,한식음식점,6,0.10458159256694376,0.1909112777791509,0.19261792423196372,3.181854629652515,3.2102987371993956
20261,3110943,법제교육센터(버들어린이공원),서초구,골목상권,CS100010,커피-음료,8,0.20791721218085096,0.2408525861333173,0.3349035590454721,3.0106573266664665,4.186294488068401
20261,3110945,본마을노인복지센터(서초구립내곡도서관),서초구,골목상권,CS100010,커피-음료,5,0.12971017729646003,0.12455110555862223,0.15412470778886672,2.4910221111724447,3.082494155777334
20261,3110947,청계산입구역 2번(내곡동주민센터),서초구,골목상권,CS100001,한식음식점,12,0.14284998265967758,0.29489331697926313,0.2829236772345221,2.457444308160526,2.3576973102876844
20261,3110947,청계산입구역 2번(내곡동주민센터),서초구,골목상권,CS100010,커피-음료,6,0.149805041163246,0.15462821081816863,0.17323925604724247,2.577136846969477,2.887320934120708
20261,3110949,한남IC,강남구,골목상권,CS100001,한식음식점,5,0.11756885214568513,0.2058596119697991,0.18719348691342738,4.117192239395982,3.7438697382685473
20261,3110949,한남IC,강남구,골목상권,CS100003,일식음식점,5,0.11721990244791497,0.15484288042124678,0.24520439170288344,3.0968576084249353,4.904087834057669
20261,3110949,한남IC,강남구,골목상권,CS100010,커피-음료,10,0.19207821681973788,0.37754219137686296,0.5018640711175933,3.77542191376863,5.018640711175934
20261,3110951,신사은행나무공원,강남구,골목상권,CS100001,한식음식점,5,0.11280185071901196,0.20972728078956082,0.19480161436840684,4.194545615791216,3.896032287368137
20261,3110951,신사은행나무공원,강남구,골목상권,CS100010,커피-음료,7,0.18450652731090433,0.27870477015810124,0.3571785027363912,3.9814967165443034,5.102550039091303
20261,3110952,논현목련공원,강남구,골목상권,CS100001,한식음식점,13,0.31171590038858843,0.4830127723458806,0.4920886456832053,3.7154828641990814,3.785297274486195
20261,3110954,국기원,강남구,골목상권,CS100010,커피-음료,11,0.17888219526310792,0.47597094086878683,0.558039619688647,4.3270085533526075,5.073087451714973
20261,3110955,논현초등학교,강남구,골목상권,CS100001,한식음식점,23,0.28859420844261535,1.0825433968230915,0.9517190527193619,4.706710420969963,4.137908924866791
20261,3110955,논현초등학교,강남구,골목상권,CS100004,양식음식점,5,0.14245659680061445,0.23738610546526337,0.24023834472060476,4.7477221093052675,4.804766894412095
20261,3110955,논현초등학교,강남구,골목상권,CS100006,패스트푸드점,6,0.22292926271105795,0.2268208717852822,0.3539309503145564,3.780347863088037,5.898849171909274
20261,3110955,논현초등학교,강남구,골목상권,CS100009,호프-간이주점,6,0.19159184581240196,0.19606388542273148,0.2403218335914488,3.267731423712191,4.005363893190813
20261,3110955,논현초등학교,강남구,골목상권,CS100010,커피-음료,31,0.3842468060779876,1.3532247829074218,1.6693074568953705,4.365241235185231,5.384862764178615
20261,3110957,언북중학교,강남구,골목상권,CS100001,한식음식점,16,0.26832055796388005,0.6656365189119942,0.6551878171240334,4.160228243199963,4.094923857025209
20261,3110957,언북중학교,강남구,골목상권,CS100010,커피-음료,17,0.2847300139004991,0.7045525553104355,0.8982803391879222,4.144426795943739,5.284001995223071
20261,3110958,역삼역 4번,강남구,골목상권,CS100001,한식음식점,5,0.12569127013514186,0.2156956881388478,0.19070752082840506,4.313913762776956,3.814150416568101
20261,3110958,역삼역 4번,강남구,골목상권,CS100010,커피-음료,5,0.11013504269983382,0.21151956019949084,0.2443453136275895,4.230391203989817,4.88690627255179
20261,3110959,신구중학교,강남구,골목상권,CS100001,한식음식점,5,0.103492932802191,0.18887897028593711,0.17364012233815712,3.7775794057187424,3.472802446763142
20261,3110961,언주역 3번,강남구,골목상권,CS100001,한식음식점,25,0.33357010183203695,1.1938354969108207,1.1024666359178787,4.775341987643283,4.409866543671515
20261,3110961,언주역 3번,강남구,골목상권,CS100004,양식음식점,5,0.16652736297936466,0.23796345097048086,0.25389596772694384,4.759269019409617,5.077919354538877
20261,3110961,언주역 3번,강남구,골목상권,CS100008,분식전문점,5,0.19538010626998475,0.2145325032200292,0.26204011901836577,4.290650064400584,5.240802380367315
20261,3110961,언주역 3번,강남구,골목상권,CS100010,커피-음료,8,0.17551180444011222,0.4159511099276873,0.4193001348380785,5.199388874096091,5.241251685475981
20261,3110962,도산공원북측,강남구,골목상권,CS100004,양식음식점,7,0.16362333658290956,0.20822921753699714,0.3024564800187273,2.9747031076713877,4.320806857410391
20261,3110962,도산공원북측,강남구,골목상권,CS100010,커피-음료,8,0.1935143918757212,0.27634284305055923,0.35048617260599496,3.45428553813199,4.381077157574937
20261,3110963,역삼월드메르디앙아파트,강남구,골목상권,CS100004,양식음식점,5,0.17747325064723826,0.17021549318802529,0.267573228179504,3.404309863760506,5.35146456359008
20261,3110964,싸리고개근린공원,강남구,골목상권,CS100008,분식전문점,26,0.24562894319735068,0.8114836307281005,1.2573374948868832,3.1210908874157712,4.835913441872627
20261,3110965,언주역 6번,강남구,골목상권,CS100001,한식음식점,18,0.3067961640194597,0.7930954130046937,0.8237400394332757,4.406085627803854,4.576333552407087
20261,3110965,언주역 6번,강남구,골목상권,CS100006,패스트푸드점,5,0.19382147743817044,0.17910797877442566,0.3283999977834687,3.582159575488513,6.567999955669373
20261,3110965,언주역 6번,강남구,골목상권,CS100010,커피-음료,11,0.24747847628355316,0.5229514461485292,0.6289594465920462,4.75410405589572,5.7178131508367835
20261,3110966,논현2동주민센터,강남구,골목상권,CS100001,한식음식점,28,0.33819917953232764,1.2288228352301231,1.1896911612189556,4.388652982964725,4.248897004353413
20261,3110966,논현2동주민센터,강남구,골목상권,CS100002,중식음식점,6,0.23763870902091844,0.25771112303265487,0.31525114288038314,4.295185383877581,5.254185714673052
20261,3110966,논현2동주민센터,강남구,골목상권,CS100003,일식음식점,9,0.21580411904245092,0.33185100493867,0.4652242129910467,3.687233388207444,5.169157922122741
20261,3110966,논현2동주민센터,강남구,골목상권,CS100004,양식음식점,14,0.3122088485882962,0.5440542768831188,0.7240177280374315,3.886101977736563,5.171555200267368
20261,3110966,논현2동주민센터,강남구,골목상권,CS100005,제과점,6,0.22277825142900662,0.20516678382240774,0.27940452220305184,3.419446397040129,4.656742036717531
20261,3110966,논현2동주민센터,강남구,골목상권,CS100008,분식전문점,7,0.23964106655484002,0.28679368105960945,0.36178002116686997,4.097052586565849,5.168286016669571
20261,3110966,논현2동주민센터,강남구,골목상권,CS100010,커피-음료,15,0.27993456313501164,0.6719708090921457,0.7817103736777814,4.479805393947638,5.2114024911852095
20261,3110967,역삼역 8번,강남구,골목상권,CS100001,한식음식점,7,0.1344515184796003,0.3165348556080906,0.2700375606152099,4.521926508687009,3.857679437360141
20261,3110967,역삼역 8번,강남구,골목상권,CS100010,커피-음료,7,0.12189980954987502,0.31040636010736306,0.34598746894267673,4.4343765729623295,4.942678127752525
20261,3110969,베르사이유1아파트,강남구,골목상권,CS100007,치킨전문점,5,0.13956171096926323,0.15142551494752585,0.2841403033482286,3.028510298950517,5.682806066964572
20261,3110971,선정릉역 4번,강남구,골목상권,CS100001,한식음식점,8,0.14307620783669928,0.35636287466474764,0.33323771162325266,4.454535933309345,4.165471395290658
20261,3110971,선정릉역 4번,강남구,골목상권,CS100010,커피-음료,11,0.21843536455490736,0.47402587797811485,0.6008961223272004,4.309326163437407,5.462692021156367
20261,3110976,언북초등학교,강남구,골목상권,CS100001,한식음식점,11,0.18537241885326794,0.4414934262423723,0.4700293338511322,4.0135766022033845,4.272993944101202
20261,3110976,언북초등학교,강남구,골목상권,CS100010,커피-음료,6,0.16233631729357537,0.2504252059376171,0.3157581783108846,4.173753432293617,5.26263630518141
20261,3110980,개포지구대옆,강남구,골목상권,CS100001,한식음식점,6,0.1422816920083821,0.2544202966827148,0.24393096188215652,4.240338278045247,4.065516031369276
20261,3110981,국악고교사거리,강남구,골목상권,CS100001,한식음식점,12,0.2171540325838878,0.48776836894651143,0.48978310168689554,4.064736407887596,4.081525847390796
20261,3110981,국악고교사거리,강남구,골목상권,CS100010,커피-음료,8,0.15723403713663098,0.3369332465223192,0.4083793944360188,4.21166558152899,5.1047424304502345
20261,3110983,국립국악고등학교,강남구,골목상권,CS100001,한식음식점,5,0.12142684521636768,0.20385478787198844,0.1904475428305219,4.077095757439769,3.808950856610438
20261,3110984,포이초등학교(개포목련어린이공원),강남구,골목상권,CS100001,한식음식점,8,0.1408434768565783,0.36081034835514875,0.3163667067493188,4.51012935443936,3.954583834366485
20261,3110984,포이초등학교(개포목련어린이공원),강남구,골목상권,CS100010,커피-음료,10,0.20316669706019821,0.41278510171786303,0.5105801093262528,4.127851017178631,5.105801093262528
20261,3110985,청담근린공원,강남구,골목상권,CS100001,한식음식점,5,0.2347594735195349,0.20098592684689476,0.20882518550016232,4.019718536937895,4.176503710003247
20261,3110989,대치동아우편취급국,강남구,골목상권,CS100001,한식음식점,23,0.3626599316270538,0.9270784985540952,0.9459071684417094,4.030776080669979,4.112639862790041
20261,3110989,대치동아우편취급국,강남구,골목상권,CS100004,양식음식점,8,0.2776338034575288,0.29775723968010287,0.391476776321301,3.721965496001286,4.893459704016263
20261,3110989,대치동아우편취급국,강남구,골목상권,CS100010,커피-음료,7,0.1758330238936282,0.31046608515773017,0.3413242732238318,4.435229787967574,4.8760610460547404
20261,3110991,삼성중앙역 5번,강남구,골목상권,CS100001,한식음식점,8,0.13145907323751807,0.3425315298607818,0.30674487690623126,4.281644123259772,3.8343109613278905
20261,3110991,삼성중앙역 5번,강남구,골목상권,CS100004,양식음식점,6,0.13401232838150284,0.2100130577809226,0.2858255658892355,3.500217629682043,4.763759431487259
20261,3110992,도곡초등학교,강남구,골목상권,CS100001,한식음식점,8,0.16065725359182081,0.38477839488243504,0.3367255620761475,4.809729936030438,4.209069525951844
20261,3110992,도곡초등학교,강남구,골목상권,CS100004,양식음식점,5,0.23147173072210436,0.20981319217057384,0.2601643093500695,4.196263843411477,5.20328618700139
20261,3110992,도곡초등학교,강남구,골목상권,CS100005,제과점,5,0.18427241730319222,0.17239767631960415,0.2480608526002362,3.447953526392083,4.961217052004724
20261,3110992,도곡초등학교,강남구,골목상권,CS100010,커피-음료,6,0.11860864699601636,0.3003342533259714,0.3190226702898366,5.00557088876619,5.31704450483061
20261,3110994,개포고등학교,강남구,골목상권,CS100001,한식음식점,16,0.23891128081666224,0.6094407247609219,0.6213080730727566,3.809004529755762,3.8831754567047287
20261,3110994,개포고등학교,강남구,골목상권,CS100005,제과점,5,0.21301209744878924,0.15382170974428674,0.22040501164559825,3.0764341948857346,4.4081002329119645
20261,3110994,개포고등학교,강남구,골목상권,CS100010,커피-음료,9,0.1929210387713134,0.3544960514752844,0.4311275602976704,3.9388450163920488,4.790306225529671
20261,3110995,봉은사역 4번,강남구,골목상권,CS100001,한식음식점,5,0.10970687735658188,0.22293889452166613,0.1784808811326033,4.458777890433323,3.569617622652066
20261,3110995,봉은사역 4번,강남구,골목상권,CS100010,커피-음료,10,0.20713869115104439,0.42467180224437345,0.4811504443864917,4.246718022443734,4.811504443864917
20261,3110996,대치2동주민센터,강남구,골목상권,CS100001,한식음식점,8,0.1430258163864385,0.355360006563967,0.30542646231399057,4.442000082049588,3.817830778924882
20261,3110996,대치2동주민센터,강남구,골목상권,CS100008,분식전문점,5,0.11564658210160156,0.18846034540417161,0.24625095010741033,3.769206908083432,4.925019002148207
20261,3110996,대치2동주민센터,강남구,골목상권,CS100010,커피-음료,5,0.09163414494157372,0.24590442050837252,0.2398283466380735,4.91808841016745,4.79656693276147
20261,3110997,대청초등학교,강남구,골목상권,CS100001,한식음식점,72,0.3639355379656252,2.992836090360328,2.7725733579949283,4.156716792167122,3.8507963305485116
20261,3110997,대청초등학교,강남구,골목상권,CS100003,일식음식점,6,0.141275939338373,0.237364940521087,0.2571798589860967,3.956082342018117,4.286330983101611
20261,3110997,대청초등학교,강남구,골목상권,CS100004,양식음식점,6,0.1263886085734629,0.25488757058064815,0.24911862906441495,4.248126176344136,4.151977151073583
20261,3110997,대청초등학교,강남구,골목상권,CS100005,제과점,9,0.22433591830199154,0.3084904771410158,0.3669612558548565,3.4276719682335086,4.077347287276183
20261,3110997,대청초등학교,강남구,골목상권,CS100006,패스트푸드점,8,0.1964538572575035,0.33051637611026996,0.4233400464154263,4.131454701378375,5.291750580192828
20261,3110997,대청초등학교,강남구,골목상권,CS100007,치킨전문점,9,0.21234783133378088,0.29262283014772,0.422900096336387,3.2513647794191107,4.698889959293188
20261,3110997,대청초등학교,강남구,골목상권,CS100008,분식전문점,14,0.2566490989963817,0.5475138041105602,0.643557041012485,3.9108128865040013,4.596836007232036
20261,3110997,대청초등학교,강남구,골목상권,CS100009,호프-간이주점,16,0.30547632111179057,0.5015768039238403,0.5959825162746563,3.134855024524002,3.724890726716602
20261,3110997,대청초등학교,강남구,골목상권,CS100010,커피-음료,28,0.37277635846277607,1.2553462172923286,1.2996790553310924,4.483379347472603,4.641710911896759
20261,3110998,은곡마을(은곡마을공원),강남구,골목상권,CS100010,커피-음료,6,0.11197764066446897,0.24281390648870382,0.23627488712843603,4.0468984414783975,3.937914785473934
20261,3110999,윗방죽마을공원,강남구,골목상권,CS100001,한식음식점,12,0.20959202510956065,0.4668173481927506,0.38746114475581384,3.890144568272922,3.2288428729651155
20261,3110999,윗방죽마을공원,강남구,골목상권,CS100003,일식음식점,5,0.09315549206437286,0.17563962287139953,0.2026031182821075,3.5127924574279907,4.05206236564215
20261,3110999,윗방죽마을공원,강남구,골목상권,CS100007,치킨전문점,7,0.18040986097163694,0.180203668286151,0.3041399765074281,2.574338118373586,4.344856807248973
20261,3110999,윗방죽마을공원,강남구,골목상권,CS100009,호프-간이주점,6,0.12378417494716581,0.17019016105146736,0.198862024245099,2.8365026841911227,3.3143670707516497
20261,3110999,윗방죽마을공원,강남구,골목상권,CS100010,커피-음료,13,0.23632840414146844,0.5210364067636142,0.545128958677913,4.007972359720109,4.193299682137792
20261,3111000,대왕초등학교(세곡동사거리서남측),강남구,골목상권,CS100001,한식음식점,11,0.13738151137485008,0.39598547289083896,0.3528905517063596,3.5998679353712633,3.2080959246032688
20261,3111001,아래방죽마을공원(율현초등학교),강남구,골목상권,CS100010,커피-음료,6,0.14835982435088324,0.2239679776827248,0.2466289150967957,3.7327996280454134,4.110481918279929
20261,3111003,삼전역 4번,송파구,골목상권,CS100001,한식음식점,37,0.3214327505207993,1.6654969572443625,1.5527991085559238,4.501343127687466,4.196754347448443
20261,3111003,삼전역 4번,송파구,골목상권,CS100004,양식음식점,5,0.18504807297882708,0.2231226581654839,0.2340515108170962,4.462453163309678,4.681030216341924
20261,3111003,삼전역 4번,송파구,골목상권,CS100006,패스트푸드점,8,0.28211888303020544,0.31769900620960634,0.47802496989492566,3.9712375776200792,5.975312123686571
20261,3111003,삼전역 4번,송파구,골목상권,CS100008,분식전문점,10,0.21196968411660738,0.40584319391616025,0.5110580674422059,4.058431939161602,5.110580674422059
20261,3111003,삼전역 4번,송파구,골목상권,CS100009,호프-간이주점,6,0.13755777405739888,0.20519187654234816,0.2378180629176636,3.419864609039136,3.96363438196106
20261,3111003,삼전역 4번,송파구,골목상권,CS100010,커피-음료,18,0.31717717856864985,0.889142581415377,0.9292079099143375,4.939681007863205,5.162266166190764
20261,3111004,삼전역 1번,송파구,골목상권,CS100001,한식음식점,56,0.31209312072598266,2.420980631402839,2.3405464123939215,4.323179698933641,4.179547164989145
20261,3111004,삼전역 1번,송파구,골목상권,CS100003,일식음식점,9,0.2446289411165474,0.33769513824772335,0.43521245957819626,3.7521682027524816,4.835693995313292
20261,3111004,삼전역 1번,송파구,골목상권,CS100004,양식음식점,6,0.2178540518454371,0.2595027143299736,0.2749741233240744,4.325045238832894,4.58290205540124
20261,3111004,삼전역 1번,송파구,골목상권,CS100005,제과점,7,0.14369290494440431,0.25872532694020905,0.3114112175700992,3.6960760991458437,4.448731679572846
20261,3111004,삼전역 1번,송파구,골목상권,CS100006,패스트푸드점,8,0.2736060609342673,0.3209184455048832,0.4640691519095245,4.01148056881104,5.800864398869057
20261,3111004,삼전역 1번,송파구,골목상권,CS100007,치킨전문점,13,0.35412913618486397,0.39110481327314317,0.6846249459941757,3.008498563639563,5.266345738416736
20261,3111004,삼전역 1번,송파구,골목상권,CS100008,분식전문점,9,0.2220876440200622,0.3877656305454567,0.446020417914576,4.30850700606063,4.955782421273066
20261,3111004,삼전역 1번,송파구,골목상권,CS100009,호프-간이주점,11,0.22210551174652318,0.35095097876706655,0.439004241675345,3.1904634433369687,3.9909476515940456
20261,3111004,삼전역 1번,송파구,골목상권,CS100010,커피-음료,24,0.3557620959248741,1.1195234407263623,1.2185322779223258,4.66468100302651,5.0772178246763575
20261,3111005,삼전역 3번,송파구,골목상권,CS100001,한식음식점,26,0.30897731465842093,1.1809272859453859,1.0663047184874224,4.542028022866869,4.101171994182394
20261,3111005,삼전역 3번,송파구,골목상권,CS100008,분식전문점,8,0.218771312093316,0.31608235816202906,0.40156778329677795,3.9510294770253633,5.019597291209724
20261,3111005,삼전역 3번,송파구,골목상권,CS100009,호프-간이주점,5,0.11173416615467897,0.1733138456677203,0.19643145914239735,3.466276913354406,3.9286291828479465
20261,3111005,삼전역 3번,송파구,골목상권,CS100010,커피-음료,12,0.30301326954973473,0.5781417975049421,0.5998735211159167,4.817848312541184,4.998946009299306
20261,3111006,석촌고분역 1번,송파구,골목상권,CS100001,한식음식점,39,0.33841904708219556,1.7287630096650337,1.6707605324116057,4.432725665807779,4.284001365157963
20261,3111006,석촌고분역 1번,송파구,골목상권,CS100003,일식음식점,5,0.16940428311889585,0.1975417354660931,0.24436845512926617,3.950834709321862,4.887369102585323
20261,3111006,석촌고분역 1번,송파구,골목상권,CS100005,제과점,5,0.11916403465330673,0.1940723859349153,0.22924897130735694,3.8814477186983063,4.584979426147139
20261,3111006,석촌고분역 1번,송파구,골목상권,CS100008,분식전문점,10,0.22425830222819157,0.4136247150571341,0.5221098202568923,4.136247150571341,5.221098202568923
20261,3111006,석촌고분역 1번,송파구,골목상권,CS100009,호프-간이주점,8,0.20756732333488936,0.25902745328699683,0.3278910051434533,3.2378431660874605,4.098637564293166
20261,3111006,석촌고분역 1번,송파구,골목상권,CS100010,커피-음료,15,0.2744749224104351,0.7494148295075744,0.7788686726430812,4.996098863383829,5.192457817620542
20261,3111007,석촌고분역 4번,송파구,골목상권,CS100001,한식음식점,15,0.27287292314284345,0.6635509976364069,0.6132143814953283,4.423673317576046,4.0880958766355215
20261,3111008,석촌고분역 3번,송파구,골목상권,CS100001,한식음식점,16,0.2513767398076789,0.6422546650223991,0.6535523897994562,4.014091656389994,4.084702436246602
20261,3111008,석촌고분역 3번,송파구,골목상권,CS100006,패스트푸드점,5,0.17105626133895077,0.18244018264291595,0.30070778715334673,3.6488036528583194,6.014155743066935
20261,3111008,석촌고분역 3번,송파구,골목상권,CS100008,분식전문점,7,0.2150751231372831,0.25747741859868867,0.362594090942732,3.678248837124124,5.179915584896171
20261,3111008,석촌고분역 3번,송파구,골목상권,CS100010,커피-음료,5,0.12458244424176501,0.217683452418691,0.24214715741382828,4.35366904837382,4.842943148276565
20261,3111010,석촌역 7번,송파구,골목상권,CS100001,한식음식점,73,0.3194263835786909,3.1755294021982094,3.070988168292755,4.350040276983848,4.2068331072503495
20261,3111010,석촌역 7번,송파구,골목상권,CS100003,일식음식점,8,0.16627658552326496,0.32005778452698863,0.3809336453423384,4.000722306587358,4.76167056677923
20261,3111010,석촌역 7번,송파구,골목상권,CS100004,양식음식점,11,0.28803174906103307,0.47293436183518844,0.5203965372167505,4.299403289410804,4.730877611061368
20261,3111010,석촌역 7번,송파구,골목상권,CS100005,제과점,10,0.26152895025618966,0.3565449611945624,0.44828390422015474,3.5654496119456245,4.482839042201547
20261,3111010,석촌역 7번,송파구,골목상권,CS100007,치킨전문점,5,0.13443546427233222,0.18547169286475562,0.24780348960443183,3.709433857295112,4.956069792088637
20261,3111010,석촌역 7번,송파구,골목상권,CS100008,분식전문점,6,0.16632022847817957,0.2834198843001293,0.28735394885244175,4.723664738335489,4.789232480874029
20261,3111010,석촌역 7번,송파구,골목상권,CS100009,호프-간이주점,16,0.303587158322696,0.5319692081836365,0.6516390407911182,3.3248075511477277,4.0727440049444885
20261,3111010,석촌역 7번,송파구,골목상권,CS100010,커피-음료,23,0.4525771383324029,1.119375986299973,1.153117920349029,4.866852114347709,5.01355617543056
20261,3111011,잠실나루역,송파구,골목상권,CS100008,분식전문점,5,0.1867273125836606,0.11630101487571294,0.21833961562741083,2.3260202975142588,4.366792312548216
20261,3111011,잠실나루역,송파구,골목상권,CS100010,커피-음료,6,0.15119248146451855,0.188195553356878,0.26013051135575294,3.1365925559479666,4.335508522595882
20261,3111012,석촌역 6번,송파구,골목상권,CS100001,한식음식점,26,0.3176270615932373,1.0863731700905341,1.0333108073204627,4.178358346502054,3.974272335847933
20261,3111012,석촌역 6번,송파구,골목상권,CS100002,중식음식점,5,0.1893890193654779,0.20114785611234567,0.2430512314970134,4.022957122246913,4.8610246299402675
20261,3111012,석촌역 6번,송파구,골목상권,CS100004,양식음식점,5,0.18170846336782773,0.20760895281737216,0.22800993491793886,4.1521790563474426,4.560198698358777
20261,3111012,석촌역 6번,송파구,골목상권,CS100005,제과점,6,0.19169561588814196,0.19363623759397697,0.26255171688879675,3.227270626566283,4.375861948146612
20261,3111012,석촌역 6번,송파구,골목상권,CS100009,호프-간이주점,5,0.1111144674859608,0.15105894456709937,0.18886613597756055,3.0211788913419872,3.7773227195512113
20261,3111012,석촌역 6번,송파구,골목상권,CS100010,커피-음료,16,0.3256844274793585,0.6722720692575122,0.786835039860427,4.201700432859451,4.917718999127669
20261,3111013,송파나루역 1번(송리단길),송파구,골목상권,CS100001,한식음식점,74,0.39272290868491916,3.5373294906395976,2.9724750717382546,4.780174987350808,4.016858205051696
20261,3111013,송파나루역 1번(송리단길),송파구,골목상권,CS100002,중식음식점,7,0.24317226956680588,0.34623557873641997,0.32852954705410903,4.946222553377428,4.693279243630129
20261,3111013,송파나루역 1번(송리단길),송파구,골목상권,CS100003,일식음식점,25,0.32335465760052423,1.0291220021959941,1.2309522703704865,4.116488008783977,4.923809081481946
20261,3111013,송파나루역 1번(송리단길),송파구,골목상권,CS100004,양식음식점,54,0.43922370405413386,2.2170580163835987,2.7084272955696487,4.1056629933029605,5.015606102906757
20261,3111013,송파나루역 1번(송리단길),송파구,골목상권,CS100005,제과점,23,0.3215417500336333,0.843775544138308,1.040564379431692,3.6685893223404693,4.524192954050835
20261,3111013,송파나루역 1번(송리단길),송파구,골목상권,CS100006,패스트푸드점,10,0.21666340855077953,0.4304094597366997,0.5526350873730042,4.304094597366997,5.526350873730042
20261,3111013,송파나루역 1번(송리단길),송파구,골목상권,CS100008,분식전문점,11,0.22207020358262805,0.5266605714387118,0.5210635657160884,4.787823376715561,4.736941506509894
20261,3111013,송파나루역 1번(송리단길),송파구,골목상권,CS100009,호프-간이주점,31,0.4194002267833331,1.026537564569639,1.2510577160341407,3.311411498611739,4.035670051723034
20261,3111013,송파나루역 1번(송리단길),송파구,골목상권,CS100010,커피-음료,76,0.48943746664213045,3.570465153772464,3.9209717217726383,4.697980465490084,5.159173318121892
20261,3111014,송파나루역 2번,송파구,골목상권,CS100001,한식음식점,35,0.3014233146351927,1.4966267782018159,1.3963970613979553,4.276076509148045,3.989705889708443
20261,3111014,송파나루역 2번,송파구,골목상권,CS100009,호프-간이주점,14,0.2649524281565429,0.41326714231847,0.5588397520701409,2.951908159417643,3.991712514786721
20261,3111015,석촌역 3번,송파구,골목상권,CS100001,한식음식점,23,0.27793179793517947,1.0492814472005152,0.9048355792238116,4.562093248697892,3.9340677357557032
20261,3111015,석촌역 3번,송파구,골목상권,CS100003,일식음식점,9,0.23826956471954758,0.33542621095542335,0.43574325312745266,3.726957899504704,4.8415917014161405
20261,3111015,석촌역 3번,송파구,골목상권,CS100005,제과점,12,0.31036644927540924,0.4024035749703526,0.5505392588457848,3.3533631247529385,4.587827157048207
20261,3111015,석촌역 3번,송파구,골목상권,CS100006,패스트푸드점,5,0.25172566350753567,0.18519541515639437,0.2768225014194626,3.7039083031278874,5.536450028389252
20261,3111015,석촌역 3번,송파구,골목상권,CS100007,치킨전문점,6,0.2278067954958613,0.17703875839556532,0.29700917580319675,2.950645973259422,4.950152930053279
20261,3111015,석촌역 3번,송파구,골목상권,CS100009,호프-간이주점,6,0.13198048389383282,0.20105524177944775,0.23036164416123653,3.3509206963241294,3.839360736020609
20261,3111015,석촌역 3번,송파구,골목상권,CS100010,커피-음료,33,0.3644041113425193,1.4468060020703586,1.7066555594983168,4.38426061233442,5.171683513631263
20261,3111016,송파역 2번,송파구,골목상권,CS100007,치킨전문점,5,0.14945536256195022,0.15718405160501525,0.26957763852688515,3.1436810321003055,5.391552770537703
20261,3111016,송파역 2번,송파구,골목상권,CS100010,커피-음료,8,0.21412107546138634,0.34863481387060935,0.40450768859673425,4.357935173382617,5.056346107459178
20261,3111017,송파나루역 3번,송파구,골목상권,CS100001,한식음식점,5,0.11815265086811594,0.19281973465119814,0.1971891970415764,3.856394693023963,3.943783940831528
20261,3111019,한성백제역 3번,송파구,골목상권,CS100001,한식음식점,19,0.36114658893677737,0.8498231059116573,0.8016134648112297,4.472753189008722,4.219018235848577
20261,3111019,한성백제역 3번,송파구,골목상권,CS100004,양식음식점,10,0.18072795692481472,0.41170158758021386,0.5185220454032071,4.117015875802139,5.185220454032071
20261,3111019,한성백제역 3번,송파구,골목상권,CS100005,제과점,6,0.20532301619501278,0.20146574242273324,0.2845589374399007,3.3577623737122204,4.742648957331678
20261,3111019,한성백제역 3번,송파구,골목상권,CS100009,호프-간이주점,6,0.14182735452513312,0.18530033297788293,0.24857409064913896,3.0883388829647154,4.142901510818983
20261,3111019,한성백제역 3번,송파구,골목상권,CS100010,커피-음료,14,0.3390320182560947,0.6545087865420949,0.7455682214328231,4.6750627610149635,5.3254872959487365
20261,3111020,방이동고분군(방산고등학교),송파구,골목상권,CS100001,한식음식점,10,0.2337495644481381,0.3753376501199767,0.39430665034748674,3.753376501199767,3.943066503474867
20261,3111020,방이동고분군(방산고등학교),송파구,골목상권,CS100007,치킨전문점,10,0.3103572796598683,0.21490982439599354,0.5422310732192627,2.1490982439599358,5.422310732192627
20261,3111020,방이동고분군(방산고등학교),송파구,골목상권,CS100010,커피-음료,12,0.27503684847132465,0.44086968054254055,0.6149107934269006,3.6739140045211713,5.124256611890838
20261,3111021,방이역 4번,송파구,골목상권,CS100001,한식음식점,95,0.3118502526244397,4.127254283406513,4.054785051881998,4.344478193059487,4.268194791454735
20261,3111021,방이역 4번,송파구,골목상권,CS100002,중식음식점,7,0.15848483297688504,0.3388750837486693,0.3459447909586269,4.84107262498099,4.942068442266099
20261,3111021,방이역 4번,송파구,골목상권,CS100003,일식음식점,9,0.29074694190867545,0.38890505443536694,0.4347305391593808,4.321167271504077,4.83033932399312
20261,3111021,방이역 4번,송파구,골목상권,CS100004,양식음식점,14,0.2678957417216093,0.6112784417697289,0.6724302487669959,4.366274584069492,4.803073205478542
20261,3111021,방이역 4번,송파구,골목상권,CS100005,제과점,8,0.19576947522671834,0.31342817495199266,0.3549844496541187,3.9178521868999083,4.437305620676484
20261,3111021,방이역 4번,송파구,골목상권,CS100006,패스트푸드점,7,0.18481045059551687,0.2883600064311875,0.3947094074494992,4.119428663302678,5.6387058207071314
20261,3111021,방이역 4번,송파구,골목상권,CS100007,치킨전문점,5,0.16789252764923285,0.18313193530181704,0.2458140527438321,3.6626387060363403,4.9162810548766425
20261,3111021,방이역 4번,송파구,골목상권,CS100008,분식전문점,5,0.11429766677648623,0.2403768637518217,0.2351635470479232,4.8075372750364345,4.703270940958464
20261,3111021,방이역 4번,송파구,골목상권,CS100009,호프-간이주점,17,0.28359366885174797,0.561593168690379,0.6907451077045266,3.303489227590465,4.06320651590898
20261,3111021,방이역 4번,송파구,골목상권,CS100010,커피-음료,30,0.4150694938253901,1.4390276845665473,1.5233510757276563,4.796758948555158,5.077836919092187
20261,3111023,문정역 1번,송파구,골목상권,CS100001,한식음식점,21,0.3153839282520371,0.8655719873998189,0.8485631704209992,4.121771368570566,4.0407770020047575
20261,3111023,문정역 1번,송파구,골목상권,CS100010,커피-음료,12,0.28597491966149535,0.507437025344334,0.5982251259974306,4.22864187786945,4.985209383311922
20261,3111024,경찰병원역 4번(건너말공원),송파구,골목상권,CS100001,한식음식점,13,0.2652266878860572,0.5064634038114622,0.5430283484783041,3.8958723370112476,4.177141142140801
20261,3111024,경찰병원역 4번(건너말공원),송파구,골목상권,CS100010,커피-음료,6,0.17094177855595105,0.23994051819751527,0.30403899592063194,3.999008636625254,5.067316598677199
20261,3111025,경찰병원역 3번,송파구,골목상권,CS100001,한식음식점,12,0.25526893676004264,0.5235252216460317,0.5306963294313446,4.362710180383597,4.422469411927872
20261,3111026,문정역 2번,송파구,골목상권,CS100001,한식음식점,27,0.30814895018005856,1.0921141503065002,1.111292851160621,4.044867223357408,4.115899448743041
20261,3111026,문정역 2번,송파구,골목상권,CS100002,중식음식점,7,0.14795766835838683,0.26590580415232057,0.3595394598759375,3.7986543450331514,5.136277998227678
20261,3111026,문정역 2번,송파구,골목상권,CS100010,커피-음료,19,0.34173448952236,0.7898810190110387,0.9811150685470811,4.15726852111073,5.163763518668848
20261,3111027,문정초등학교,송파구,골목상권,CS100001,한식음식점,21,0.2649554789756116,0.8491440572525237,0.8861029575782264,4.043543129773922,4.219537893229649
20261,3111027,문정초등학교,송파구,골목상권,CS100008,분식전문점,6,0.18032786877869944,0.22207383315220655,0.3103419435122886,3.7012305525367757,5.17236572520481
20261,3111027,문정초등학교,송파구,골목상권,CS100010,커피-음료,9,0.19743258623692797,0.39563230910087344,0.46182658609300326,4.39591454556526,5.131406512144481
20261,3111028,문현중학교(장지역 1번),송파구,골목상권,CS100001,한식음식점,20,0.262754400208018,0.8200493711024749,0.8074500258860592,4.100246855512375,4.037250129430296
20261,3111028,문현중학교(장지역 1번),송파구,골목상권,CS100007,치킨전문점,5,0.15584029953382283,0.14900642839996223,0.25747235120642975,2.9801285679992446,5.149447024128595
20261,3111028,문현중학교(장지역 1번),송파구,골목상권,CS100008,분식전문점,6,0.15447184567474984,0.2350094819350692,0.2999405611665561,3.91682469891782,4.999009352775935
20261,3111028,문현중학교(장지역 1번),송파구,골목상권,CS100009,호프-간이주점,5,0.11107703282963517,0.14632031652146266,0.1955215343550505,2.9264063304292534,3.91043068710101
20261,3111028,문현중학교(장지역 1번),송파구,골목상권,CS100010,커피-음료,14,0.3218674229797551,0.5787653929503186,0.7068410580697657,4.134038521073704,5.048864700498327
20261,3111030,방이역 2번,송파구,골목상권,CS100001,한식음식점,12,0.19153622047802812,0.5144188923505048,0.5177312108062638,4.286824102920873,4.314426756718865
20261,3111030,방이역 2번,송파구,골목상권,CS100005,제과점,5,0.203724468280199,0.16338204993540897,0.248433004738126,3.2676409987081794,4.9686600947625195
20261,3111030,방이역 2번,송파구,골목상권,CS100010,커피-음료,12,0.29159081983484547,0.5044591239035106,0.663346650041532,4.203826032529254,5.5278887503461
20261,3111031,장지동주민센터(한림연예예술고교),송파구,골목상권,CS100001,한식음식점,14,0.2561470977544676,0.5892418556753372,0.5662093502011059,4.20887039768098,4.04435250143647
20261,3111031,장지동주민센터(한림연예예술고교),송파구,골목상권,CS100005,제과점,6,0.13102589246882487,0.19379799797119546,0.2803578122159142,3.2299666328532575,4.672630203598571
20261,3111031,장지동주민센터(한림연예예술고교),송파구,골목상권,CS100008,분식전문점,5,0.1359788864386301,0.18851117925849353,0.2515142086816935,3.7702235851698704,5.03028417363387
20261,3111031,장지동주민센터(한림연예예술고교),송파구,골목상권,CS100010,커피-음료,13,0.3115054331394797,0.5404232074707815,0.6703936455307871,4.157101595929088,5.15687419639067
20261,3111032,방이역 1번,송파구,골목상권,CS100001,한식음식점,19,0.2506495550217183,0.7335254499150495,0.784046068993704,3.860660262710787,4.1265582578616
20261,3111032,방이역 1번,송파구,골목상권,CS100005,제과점,5,0.15834709742935557,0.15473230027010673,0.23079594997611685,3.0946460054021343,4.6159189995223375
20261,3111032,방이역 1번,송파구,골목상권,CS100010,커피-음료,6,0.15254254505470083,0.2853410794903948,0.29928312188494305,4.755684658173246,4.988052031415718
20261,3111033,문정동성당,송파구,골목상권,CS100001,한식음식점,7,0.14998617399635583,0.25121169412550953,0.2593816425459319,3.588738487507279,3.7054520363704553
20261,3111034,오동나무공원(송파레미니스1단지),송파구,골목상권,CS100001,한식음식점,16,0.2237359232956641,0.6766949012270899,0.6457008119431108,4.229343132669312,4.035630074644443
20261,3111034,오동나무공원(송파레미니스1단지),송파구,골목상권,CS100005,제과점,6,0.1894302354245972,0.2036099242064501,0.2786046717765807,3.3934987367741685,4.643411196276345
20261,3111034,오동나무공원(송파레미니스1단지),송파구,골목상권,CS100010,커피-음료,12,0.27304462861748013,0.5117518160749304,0.6089504319673342,4.264598467291086,5.074586933061118
20261,3111035,오금공원(오주중학교),송파구,골목상권,CS100001,한식음식점,11,0.22078006503288441,0.4722557713282039,0.46688025147065565,4.293234284801853,4.2443659224605055
20261,3111035,오금공원(오주중학교),송파구,골목상권,CS100010,커피-음료,7,0.1613037576424726,0.30789050502961596,0.36961307033468105,4.398435786137371,5.280186719066872
20261,3111037,Sh수협은행 오금동금융센터(아랫말어린이공원),송파구,골목상권,CS100001,한식음식점,6,0.12161708290463744,0.24495093817656216,0.24474517014347266,4.082515636276036,4.079086169057878
20261,3111038,보인중학교,송파구,골목상권,CS100001,한식음식점,21,0.27691821952810936,0.8754472443887608,0.9112366647021005,4.168796401851242,4.339222212867146
20261,3111038,보인중학교,송파구,골목상권,CS100010,커피-음료,7,0.11713504831668761,0.3211687579228306,0.36274761371180414,4.5881251131832945,5.182108767311488
20261,3111039,벌말어린이공원,송파구,골목상권,CS100001,한식음식점,13,0.24480029614719342,0.55214344195606,0.550025478239045,4.247257245815846,4.230965217223423
20261,3111039,벌말어린이공원,송파구,골목상권,CS100009,호프-간이주점,5,0.15355648156708745,0.14676023413917694,0.2110309517877767,2.9352046827835387,4.220619035755534
20261,3111039,벌말어린이공원,송파구,골목상권,CS100010,커피-음료,9,0.21224263110248187,0.3967104601646736,0.47778717433306467,4.407894001829707,5.308746381478496
20261,3111042,거여역 1번(거여공원),송파구,골목상권,CS100001,한식음식점,40,0.423146465361494,1.7800820390969943,1.6826641957491058,4.450205097742486,4.206660489372764
20261,3111042,거여역 1번(거여공원),송파구,골목상권,CS100007,치킨전문점,5,0.19833428562957872,0.1787861354018967,0.2576604813185431,3.575722708037934,5.153209626370861
20261,3111042,거여역 1번(거여공원),송파구,골목상권,CS100008,분식전문점,5,0.1285454626436211,0.21752838594139928,0.24379425727251494,4.350567718827985,4.875885145450299
20261,3111042,거여역 1번(거여공원),송파구,골목상권,CS100009,호프-간이주점,12,0.34021767131035807,0.38467005154585393,0.49672545419817515,3.205583762882116,4.1393787849847925
20261,3111042,거여역 1번(거여공원),송파구,골목상권,CS100010,커피-음료,8,0.19491216850885038,0.40222918152534254,0.38742568710323594,5.027864769066782,4.8428210887904495
20261,3111044,남천초등학교,송파구,골목상권,CS100001,한식음식점,29,0.41317388984620496,1.2313730294308618,1.1762524354093926,4.246113894589178,4.056042880722043
20261,3111044,남천초등학교,송파구,골목상권,CS100008,분식전문점,8,0.20944531061944316,0.318692514170369,0.39807460613997464,3.9836564271296124,4.975932576749683
20261,3111044,남천초등학교,송파구,골목상권,CS100009,호프-간이주점,10,0.2225003043998124,0.2889030369343204,0.40021735756507193,2.889030369343204,4.002173575650719
20261,3111044,남천초등학교,송파구,골목상권,CS100010,커피-음료,8,0.18752568515776705,0.394700349713364,0.3847650108320778,4.9337543714170495,4.809562635400972
20261,3111046,마천역(마천초등학교),송파구,골목상권,CS100001,한식음식점,69,0.42666772927694585,2.7797606090824547,2.7242927326180455,4.028638563887616,3.948250337127602
20261,3111046,마천역(마천초등학교),송파구,골목상권,CS100002,중식음식점,5,0.09786455100647934,0.21549401470942844,0.22693031740991004,4.309880294188568,4.538606348198201
20261,3111046,마천역(마천초등학교),송파구,골목상권,CS100006,패스트푸드점,5,0.10075712693597091,0.21927552456862728,0.2657347483571933,4.385510491372545,5.314694967143866
20261,3111046,마천역(마천초등학교),송파구,골목상권,CS100007,치킨전문점,10,0.21896604704858,0.3141148830064937,0.4872376939670949,3.1411488300649366,4.872376939670948
20261,3111046,마천역(마천초등학교),송파구,골목상권,CS100008,분식전문점,17,0.3174876552502662,0.643183652048509,0.8162013652990449,3.783433247344171,4.801184501759087
20261,3111046,마천역(마천초등학교),송파구,골목상권,CS100009,호프-간이주점,19,0.2981310340700431,0.5512990577737554,0.7331588546076915,2.901573988282923,3.8587308137246925
20261,3111046,마천역(마천초등학교),송파구,골목상권,CS100010,커피-음료,6,0.12136145109288633,0.3163679040960282,0.260809450278954,5.27279840160047,4.3468241713159
20261,3111047,마천1치안센터,송파구,골목상권,CS100001,한식음식점,5,0.1537229750959773,0.21870740438036296,0.1844618061966722,4.374148087607259,3.689236123933444
20261,3111048,천호역 1번(천호문구완구거리),강동구,골목상권,CS100001,한식음식점,12,0.1877267168364212,0.5254047950646363,0.5746560717744917,4.378373292205303,4.788800598120765
20261,3111049,천호지구대(천호동자전거거리),강동구,골목상권,CS100001,한식음식점,18,0.29372218313618287,0.7100134394079154,0.7982247779242672,3.944519107821752,4.434582099579262
20261,3111049,천호지구대(천호동자전거거리),강동구,골목상권,CS100009,호프-간이주점,6,0.12189715266760369,0.16584107117596866,0.26295908900388776,2.764017852932811,4.382651483398129
20261,3111049,천호지구대(천호동자전거거리),강동구,골목상권,CS100010,커피-음료,6,0.12755019560428768,0.26642524946947715,0.31880378962137024,4.440420824491286,5.313396493689504
20261,3111050,강동구청(강동구청역 2번),강동구,골목상권,CS100001,한식음식점,5,0.12746051381746937,0.20398070281568276,0.20474463989139674,4.079614056313655,4.094892797827935
20261,3111050,강동구청(강동구청역 2번),강동구,골목상권,CS100010,커피-음료,7,0.1521692199040055,0.27851279993364536,0.37689048404271347,3.9787542847663624,5.384149772038764
20261,3111051,천호역 6번,강동구,골목상권,CS100001,한식음식점,32,0.3128290106855395,1.3645201098725526,1.4918695951270176,4.2641253433517265,4.66209248477193
20261,3111051,천호역 6번,강동구,골목상권,CS100009,호프-간이주점,12,0.2491814234582653,0.35801026303905514,0.5579628016084619,2.983418858658793,4.649690013403849
20261,3111051,천호역 6번,강동구,골목상권,CS100010,커피-음료,22,0.392056505872319,0.9731375741239557,1.2861361901689496,4.423352609654344,5.846073591677044
20261,3111052,암사역 3번(천호동자전거거리),강동구,골목상권,CS100001,한식음식점,30,0.3325781209308778,1.1688655894234374,1.2885922497677074,3.8962186314114584,4.295307499225691
20261,3111052,암사역 3번(천호동자전거거리),강동구,골목상권,CS100005,제과점,5,0.18150085373785116,0.15672517244394268,0.231812980422608,3.1345034488788537,4.636259608452161
20261,3111052,암사역 3번(천호동자전거거리),강동구,골목상권,CS100008,분식전문점,6,0.20131422965722157,0.2481963782266268,0.3137983460666058,4.136606303777113,5.22997243444343
20261,3111052,암사역 3번(천호동자전거거리),강동구,골목상권,CS100009,호프-간이주점,7,0.16756406047354516,0.1953413352526237,0.2897863646730339,2.79059050360891,4.139805209614771
20261,3111052,암사역 3번(천호동자전거거리),강동구,골목상권,CS100010,커피-음료,20,0.3419290257001878,0.8074112690891814,1.0744235985738244,4.037056345445906,5.372117992869122
20261,3111053,성내천어린이공원(하니사랑길),강동구,골목상권,CS100001,한식음식점,17,0.24875791730812932,0.7035360517740368,0.7154821870705448,4.138447363376687,4.208718747473792
20261,3111053,성내천어린이공원(하니사랑길),강동구,골목상권,CS100010,커피-음료,12,0.24193737052071126,0.5051080091396807,0.6328192614902044,4.209233409497339,5.2734938457517035
20261,3111057,천호공원(해공체육문화센터),강동구,골목상권,CS100001,한식음식점,45,0.3875763636534008,1.6377635543927254,1.8437190490537387,3.6394745653171676,4.097153442341642
20261,3111057,천호공원(해공체육문화센터),강동구,골목상권,CS100008,분식전문점,6,0.14396318251468587,0.2193089127502837,0.2875224343323087,3.6551485458380615,4.792040572205145
20261,3111057,천호공원(해공체육문화센터),강동구,골목상권,CS100009,호프-간이주점,6,0.14974053023516973,0.16510980674439368,0.2284396095648368,2.7518301124065614,3.8073268260806135
20261,3111057,천호공원(해공체육문화센터),강동구,골목상권,CS100010,커피-음료,8,0.20710301858848096,0.34943193146575824,0.37712880554978456,4.367899143321978,4.714110069372307
20261,3111058,성내중학교,강동구,골목상권,CS100001,한식음식점,6,0.2608926085639381,0.2310954401775587,0.2503251319711432,3.851590669625978,4.172085532852387
20261,3111059,강동역 4번(강풀만화거리),강동구,골목상권,CS100001,한식음식점,71,0.3753372206257039,3.028707553822843,3.0592500974398353,4.265785287074427,4.308802954140613
20261,3111059,강동역 4번(강풀만화거리),강동구,골목상권,CS100002,중식음식점,6,0.23745531146159077,0.25704751911313495,0.298078816944951,4.284125318552249,4.96798028241585
20261,3111059,강동역 4번(강풀만화거리),강동구,골목상권,CS100003,일식음식점,16,0.3225609528142909,0.5944398699452307,0.819716837308134,3.7152491871576916,5.123230233175838
20261,3111059,강동역 4번(강풀만화거리),강동구,골목상권,CS100004,양식음식점,7,0.21988487043019325,0.313311192677708,0.33083321094276863,4.475874181110115,4.726188727753837
20261,3111059,강동역 4번(강풀만화거리),강동구,골목상권,CS100005,제과점,7,0.19683009209101923,0.25055779975112963,0.31420257793543593,3.579397139301852,4.488608256220513
20261,3111059,강동역 4번(강풀만화거리),강동구,골목상권,CS100007,치킨전문점,8,0.1959746214134256,0.2660233787510748,0.4169673165189146,3.325292234388435,5.212091456486433
20261,3111059,강동역 4번(강풀만화거리),강동구,골목상권,CS100008,분식전문점,6,0.1477467605955399,0.2748709265779127,0.2944939507960569,4.581182109631878,4.908232513267615
20261,3111059,강동역 4번(강풀만화거리),강동구,골목상권,CS100009,호프-간이주점,20,0.3537101150368234,0.6119669738819048,0.8432386899747263,3.059834869409524,4.216193449873631
20261,3111059,강동역 4번(강풀만화거리),강동구,골목상권,CS100010,커피-음료,31,0.39006859316331727,1.4008898229787434,1.6206771386219383,4.518999428963689,5.227990769748188
20261,3111060,암사역 2번(서울강동초등학교),강동구,골목상권,CS100001,한식음식점,65,0.42204790221425537,2.699961016165398,2.8123626650865985,4.153786178715997,4.326711792440921
20261,3111060,암사역 2번(서울강동초등학교),강동구,골목상권,CS100002,중식음식점,5,0.11092793496727922,0.2137850343060348,0.24846702104873708,4.275700686120696,4.969340420974742
20261,3111060,암사역 2번(서울강동초등학교),강동구,골목상권,CS100006,패스트푸드점,7,0.18827467077989166,0.28228388848085073,0.4137570004586771,4.032626978297867,5.910814292266815
20261,3111060,암사역 2번(서울강동초등학교),강동구,골목상권,CS100007,치킨전문점,5,0.12010628469308887,0.18320124866096085,0.25848924667458756,3.6640249732192167,5.169784933491751
20261,3111060,암사역 2번(서울강동초등학교),강동구,골목상권,CS100008,분식전문점,9,0.2622207561039846,0.3806262696804221,0.4577223394518663,4.229180774226912,5.085803771687403
20261,3111060,암사역 2번(서울강동초등학교),강동구,골목상권,CS100009,호프-간이주점,26,0.483401164914624,0.7500664083351485,1.1264998070566932,2.8848708012890323,4.332691565602666
20261,3111060,암사역 2번(서울강동초등학교),강동구,골목상권,CS100010,커피-음료,16,0.29480540732386873,0.759934172247032,0.8116047397648524,4.74958857654395,5.072529623530327
20261,3111061,암사역 1번,강동구,골목상권,CS100001,한식음식점,40,0.3712443356525477,1.7193855810876373,1.7394212576228458,4.298463952719094,4.348553144057115
20261,3111061,암사역 1번,강동구,골목상권,CS100002,중식음식점,9,0.2128486533873086,0.36349536507495456,0.4829732908289932,4.038837389721717,5.366369898099924
20261,3111061,암사역 1번,강동구,골목상권,CS100003,일식음식점,5,0.10507606449303937,0.19492165675798545,0.24818016482448108,3.898433135159709,4.963603296489621
20261,3111061,암사역 1번,강동구,골목상권,CS100005,제과점,7,0.21150296483339404,0.24054642110218064,0.32953249810019114,3.436377444316866,4.707607115717016
20261,3111061,암사역 1번,강동구,골목상권,CS100007,치킨전문점,6,0.21398650383761275,0.19234124395684404,0.32078112150267307,3.2056873992807344,5.346352025044551
20261,3111061,암사역 1번,강동구,골목상권,CS100008,분식전문점,5,0.18703665247453916,0.2101111982763672,0.2520175532690869,4.202223965527344,5.0403510653817385
20261,3111061,암사역 1번,강동구,골목상권,CS100009,호프-간이주점,12,0.2603698638754289,0.36572764378429923,0.512302305850319,3.0477303648691603,4.269185882085991
20261,3111061,암사역 1번,강동구,골목상권,CS100010,커피-음료,20,0.30126392600107743,0.9058498893565732,1.0658130085392936,4.529249446782866,5.3290650426964685
20261,3111062,둔촌동역 3번(성내3동주민센터),강동구,골목상권,CS100001,한식음식점,23,0.3015247994197597,0.9107671167100058,0.9286127850673971,3.9598570291739383,4.037446891597378
20261,3111062,둔촌동역 3번(성내3동주민센터),강동구,골목상권,CS100010,커피-음료,22,0.39551279462563727,0.8654146390028327,1.136189890488252,3.9337029045583303,5.164499502219327
20261,3111063,강동구립 천호도서관,강동구,골목상권,CS100001,한식음식점,30,0.3279414429569528,1.2296118479566254,1.2274536113176784,4.098706159855418,4.091512037725595
20261,3111063,강동구립 천호도서관,강동구,골목상권,CS100007,치킨전문점,5,0.1870058965969313,0.14867719083080144,0.2526115107033451,2.973543816616029,5.052230214066902
20261,3111063,강동구립 천호도서관,강동구,골목상권,CS100008,분식전문점,6,0.2504485739224362,0.23008489434204232,0.2934680507491072,3.8347482390340386,4.891134179151787
20261,3111063,강동구립 천호도서관,강동구,골목상권,CS100009,호프-간이주점,10,0.22433197444169067,0.28359755627158245,0.4036176320857945,2.8359755627158245,4.036176320857945
20261,3111064,둔촌동역 4번,강동구,골목상권,CS100001,한식음식점,14,0.2640556692976437,0.5096311966338709,0.6066724995736293,3.640222833099078,4.333374996954496
20261,3111064,둔촌동역 4번,강동구,골목상권,CS100007,치킨전문점,6,0.13182078875363745,0.15197324873006215,0.3439202285279282,2.532887478834369,5.732003808798803
20261,3111065,천일초등학교,강동구,골목상권,CS100001,한식음식점,14,0.3161269079993539,0.533854305648049,0.6040319466170719,3.813245040343207,4.314513904407657
20261,3111066,암사동성당(효정하나플러스아파트),강동구,골목상권,CS100001,한식음식점,22,0.33822811771503225,0.9493214004290544,0.9922665366771412,4.31509727467752,4.510302439441551
20261,3111066,암사동성당(효정하나플러스아파트),강동구,골목상권,CS100009,호프-간이주점,11,0.3048369469413022,0.3116375131324752,0.501571408942812,2.83306830120432,4.559740081298291
20261,3111066,암사동성당(효정하나플러스아파트),강동구,골목상권,CS100010,커피-음료,8,0.1885889539634332,0.37255328900376994,0.43266163182030876,4.656916112547124,5.408270397753859
20261,3111067,강동구립성내도서관,강동구,골목상권,CS100001,한식음식점,23,0.30940181151626134,1.008423887868711,1.0026861489220487,4.3844516863857,4.359504995313255
20261,3111067,강동구립성내도서관,강동구,골목상권,CS100005,제과점,8,0.21187819182214926,0.27027271108061873,0.39655986505261615,3.3784088885077344,4.956998313157702
20261,3111067,강동구립성내도서관,강동구,골목상권,CS100006,패스트푸드점,5,0.17139524750916746,0.19943486345865147,0.3118732969018673,3.988697269173029,6.237465938037347
20261,3111067,강동구립성내도서관,강동구,골목상권,CS100007,치킨전문점,5,0.1613740273014747,0.16795667304660963,0.2770742024260609,3.359133460932193,5.541484048521219
20261,3111067,강동구립성내도서관,강동구,골목상권,CS100008,분식전문점,6,0.2250696385882669,0.24093203265592583,0.31835827702915154,4.015533877598764,5.305971283819192
20261,3111067,강동구립성내도서관,강동구,골목상권,CS100009,호프-간이주점,12,0.2545698676781118,0.3501257906502964,0.5317038985213702,2.9177149220858034,4.430865821011419
20261,3111067,강동구립성내도서관,강동구,골목상권,CS100010,커피-음료,10,0.20863107059657257,0.46223679057093386,0.5284037464115492,4.622367905709339,5.2840374641154915
20261,3111069,천호1동주민센터,강동구,골목상권,CS100001,한식음식점,16,0.356528525749385,0.7082788878706648,0.6832535883164396,4.426743049191655,4.270334926977747
20261,3111069,천호1동주민센터,강동구,골목상권,CS100010,커피-음료,7,0.16693502106096453,0.33823405899243236,0.36433038726311157,4.8319151284633195,5.204719818044451
20261,3111070,천호초등학교,강동구,골목상권,CS100001,한식음식점,7,0.14444485761261286,0.30507576552264903,0.3042546521901929,4.358225221752129,4.34649503128847
20261,3111072,굽은다리역 1번(십자성마을),강동구,골목상권,CS100001,한식음식점,19,0.3327369753644236,0.8335417032615844,0.8047421852405245,4.387061596113602,4.2354851854764455
20261,3111072,굽은다리역 1번(십자성마을),강동구,골목상권,CS100006,패스트푸드점,7,0.22204261241257733,0.2774559253245744,0.44187501739400686,3.9636560760653485,6.312500248485812
20261,3111072,굽은다리역 1번(십자성마을),강동구,골목상권,CS100010,커피-음료,13,0.27853353554630034,0.5996827983352152,0.6915437549603194,4.612944602578579,5.319567345848611
20261,3111073,둔촌동역 1번(한산중학교),강동구,골목상권,CS100001,한식음식점,34,0.34963955185966256,1.4546551667204717,1.4764414342197247,4.278397549177858,4.342474806528602
20261,3111073,둔촌동역 1번(한산중학교),강동구,골목상권,CS100004,양식음식점,8,0.23933992764020218,0.32869656352296356,0.40303403743087274,4.108707044037044,5.037925467885909
20261,3111073,둔촌동역 1번(한산중학교),강동구,골목상권,CS100008,분식전문점,10,0.2209038998099071,0.38921792843802056,0.5330541365205321,3.892179284380205,5.330541365205321
20261,3111073,둔촌동역 1번(한산중학교),강동구,골목상권,CS100009,호프-간이주점,8,0.2117843552354112,0.2543692128104208,0.33684647360958253,3.17961516013026,4.2105809201197815
20261,3111073,둔촌동역 1번(한산중학교),강동구,골목상권,CS100010,커피-음료,20,0.2842459571027286,0.8972523444971287,1.0773637678886119,4.486261722485644,5.38681883944306
20261,3111074,명일역 1번,강동구,골목상권,CS100001,한식음식점,8,0.14877895958526027,0.3081522654944063,0.33557991407140214,3.8519033186800784,4.194748925892527
20261,3111075,굽은다리역 2번,강동구,골목상권,CS100001,한식음식점,8,0.14506416743292436,0.34620870317694025,0.34713603532922543,4.3276087897117534,4.339200441615318
20261,3111076,둔촌2동주민센터,강동구,골목상권,CS100001,한식음식점,18,0.2913108972686328,0.6265708965834015,0.6824396097386677,3.4809494254633413,3.79133116521482
20261,3111076,둔촌2동주민센터,강동구,골목상권,CS100007,치킨전문점,6,0.1784444477393922,0.14935208731871139,0.2961394053046409,2.4892014553118567,4.935656755077348
20261,3111076,둔촌2동주민센터,강동구,골목상권,CS100008,분식전문점,5,0.1774248428351839,0.17053238074267646,0.2341590664135004,3.410647614853529,4.683181328270008
20261,3111076,둔촌2동주민센터,강동구,골목상권,CS100009,호프-간이주점,7,0.1695351177275229,0.17102187640382213,0.2655732323750073,2.4431696629117448,3.7939033196429612
20261,3111076,둔촌2동주민센터,강동구,골목상권,CS100010,커피-음료,7,0.1401841789491934,0.25908403649957273,0.3192382112890145,3.7012005214224675,4.56054587555735
20261,3111077,길동주민센터(강동도서관),강동구,골목상권,CS100001,한식음식점,66,0.31377860495243826,2.7254729349517506,2.915720338485688,4.129504446896592,4.417758088614678
20261,3111077,길동주민센터(강동도서관),강동구,골목상권,CS100002,중식음식점,5,0.11387701933708205,0.21043576837228772,0.25302331336518785,4.2087153674457545,5.060466267303757
20261,3111077,길동주민센터(강동도서관),강동구,골목상권,CS100003,일식음식점,6,0.2243614787671946,0.2310498153808747,0.2962079968640843,3.850830256347912,4.9367999477347375
20261,3111077,길동주민센터(강동도서관),강동구,골목상권,CS100004,양식음식점,5,0.18861244346885833,0.22559188301966163,0.23867685249031878,4.511837660393232,4.773537049806375
20261,3111077,길동주민센터(강동도서관),강동구,골목상권,CS100008,분식전문점,9,0.2667896750730861,0.3668505877086033,0.46469071522421235,4.076117641206703,5.163230169157915
20261,3111077,길동주민센터(강동도서관),강동구,골목상권,CS100009,호프-간이주점,12,0.26027199723649586,0.3676953511936777,0.5035140863319967,3.0641279266139807,4.195950719433306
20261,3111077,길동주민센터(강동도서관),강동구,골목상권,CS100010,커피-음료,24,0.37779415326555055,1.0788496433487833,1.272945923159443,4.495206847286597,5.3039413464976795
20261,3111078,굽은다리역 4번,강동구,골목상권,CS100001,한식음식점,51,0.42131457239066117,2.18196919328879,2.3114265185429446,4.278370967232922,4.532208859888127
20261,3111078,굽은다리역 4번,강동구,골목상권,CS100002,중식음식점,5,0.11355143211459974,0.21000362002135461,0.263499964254879,4.200072400427092,5.26999928509758
20261,3111078,굽은다리역 4번,강동구,골목상권,CS100003,일식음식점,6,0.2113160442957425,0.23057533427211377,0.30847274722485757,3.8429222378685632,5.1412124537476265
20261,3111078,굽은다리역 4번,강동구,골목상권,CS100006,패스트푸드점,6,0.22710376749642575,0.2380055305786143,0.37161227930980134,3.966758842976905,6.193537988496689
20261,3111078,굽은다리역 4번,강동구,골목상권,CS100007,치킨전문점,8,0.3092418737167705,0.24437501473114126,0.44453256784845047,3.0546876841392656,5.556657098105631
20261,3111078,굽은다리역 4번,강동구,골목상권,CS100009,호프-간이주점,20,0.3154807752543933,0.578388847891432,0.9027083476144182,2.89194423945716,4.513541738072091
20261,3111078,굽은다리역 4번,강동구,골목상권,CS100010,커피-음료,18,0.34653437886616006,0.8280977134248662,0.975389679294076,4.600542852360368,5.4188315516337555
20261,3111079,둔촌고등학교(둔촌중학교),강동구,골목상권,CS100001,한식음식점,5,0.1346329099128293,0.19526839674773866,0.20467623015015268,3.905367934954773,4.093524603003053
20261,3111080,굽은다리역 3번,강동구,골목상권,CS100001,한식음식점,19,0.3408041347649238,0.73891541915245,0.7387469085602992,3.8890285218550003,3.8881416240015754
20261,3111080,굽은다리역 3번,강동구,골목상권,CS100002,중식음식점,5,0.2668105387878162,0.18900331210457097,0.2441066920791483,3.780066242091419,4.8821338415829665
20261,3111080,굽은다리역 3번,강동구,골목상권,CS100008,분식전문점,6,0.18496806464199925,0.22797184073867882,0.290988990449101,3.7995306789779804,4.849816507485016
20261,3111080,굽은다리역 3번,강동구,골목상권,CS100010,커피-음료,19,0.30755222793582604,0.7174121664785734,0.9451525660352328,3.7758535077819655,4.97448718965912
20261,3111083,GS강동자이아파트,강동구,골목상권,CS100001,한식음식점,21,0.29178597027343806,0.8117947874286257,0.9153484678538001,3.8656894639458366,4.3588022278752385
20261,3111083,GS강동자이아파트,강동구,골목상권,CS100007,치킨전문점,6,0.13074051683592763,0.17560048541326143,0.33912988341655914,2.9266747568876905,5.652164723609319
20261,3111083,GS강동자이아파트,강동구,골목상권,CS100009,호프-간이주점,6,0.17299192396051294,0.17026848003086764,0.25705858863777054,2.837808000514461,4.284309810629509
20261,3111085,묘곡초등학교(고덕아이파크아파트),강동구,골목상권,CS100001,한식음식점,28,0.3231805281318573,1.06874259329963,1.1752971265577514,3.816937833212964,4.197489737706255
20261,3111085,묘곡초등학교(고덕아이파크아파트),강동구,골목상권,CS100005,제과점,5,0.21853598086691378,0.15134766133334368,0.2273015901929511,3.026953226666874,4.546031803859022
20261,3111085,묘곡초등학교(고덕아이파크아파트),강동구,골목상권,CS100006,패스트푸드점,5,0.1551296769778448,0.18159394965857195,0.2975718480862578,3.631878993171439,5.951436961725156
20261,3111085,묘곡초등학교(고덕아이파크아파트),강동구,골목상권,CS100007,치킨전문점,6,0.1775130846795814,0.18030706270048882,0.32103629810715445,3.0051177116748136,5.350604968452574
20261,3111085,묘곡초등학교(고덕아이파크아파트),강동구,골목상권,CS100008,분식전문점,7,0.15971418759251446,0.2633216830605838,0.3602282433388897,3.761738329436911,5.146117761984138
20261,3111085,묘곡초등학교(고덕아이파크아파트),강동구,골목상권,CS100009,호프-간이주점,6,0.1295846096640949,0.16939226922710898,0.242228560383923,2.823204487118483,4.037142673065383
20261,3111085,묘곡초등학교(고덕아이파크아파트),강동구,골목상권,CS100010,커피-음료,11,0.26180436514816996,0.4493291384573845,0.5563724111717538,4.084810349612586,5.057931010652307
20261,3111086,한영중고,강동구,골목상권,CS100001,한식음식점,9,0.12320738700965526,0.3376155973115402,0.35480087302318075,3.751284414572669,3.942231922479786
20261,3111086,한영중고,강동구,골목상권,CS100005,제과점,9,0.22556474827924292,0.2264379400416321,0.42989946580964933,2.51597711157369,4.7766607312183265
20261,3111086,한영중고,강동구,골목상권,CS100006,패스트푸드점,7,0.1829196937855282,0.21302836362305483,0.4296046048358546,3.043262337472212,6.137208640512209
20261,3111086,한영중고,강동구,골목상권,CS100007,치킨전문점,5,0.1529045441640611,0.12472878469848772,0.26440431953453175,2.4945756939697543,5.288086390690635
20261,3111086,한영중고,강동구,골목상권,CS100008,분식전문점,5,0.11467644164745634,0.1700468181110186,0.25434643787229044,3.400936362220372,5.0869287574458095
20261,3111086,한영중고,강동구,골목상권,CS100010,커피-음료,10,0.1928298885294692,0.37032276938202474,0.5098306956582963,3.7032276938202475,5.098306956582963
20261,3111087,고덕중학교(고덕2동주민센터),강동구,골목상권,CS100001,한식음식점,9,0.17355025057595064,0.318950325885901,0.3499523211865856,3.5438925098433445,3.8883591242953957
20261,3111087,고덕중학교(고덕2동주민센터),강동구,골목상권,CS100007,치킨전문점,7,0.18830093086847283,0.16665284145312384,0.3755321359938209,2.380754877901769,5.364744799911727
20261,3111088,고덕동성당,강동구,골목상권,CS100001,한식음식점,26,0.3093550035736024,0.8630185059062754,1.0277696147832414,3.3193019457933666,3.9529600568586205
20261,3111088,고덕동성당,강동구,골목상권,CS100010,커피-음료,9,0.21627190914296232,0.32675384715084593,0.42576266628664017,3.6305983016760663,4.73069629207378
20261,3111089,상일여고(상일초등학교),강동구,골목상권,CS100001,한식음식점,81,0.42344002519099005,2.863690397970054,3.251462452076434,3.5354202444074736,4.014151175403005
20261,3111089,상일여고(상일초등학교),강동구,골목상권,CS100002,중식음식점,10,0.2197203110568949,0.3606362625182853,0.4780249567013689,3.6063626251828533,4.780249567013689
20261,3111089,상일여고(상일초등학교),강동구,골목상권,CS100003,일식음식점,9,0.21736512705315006,0.29399479178842547,0.4096447652732888,3.266608797649172,4.551608503036542
20261,3111089,상일여고(상일초등학교),강동구,골목상권,CS100004,양식음식점,7,0.19671957736686993,0.26680167811308264,0.306210414175095,3.8114525444726093,4.374434488215643
20261,3111089,상일여고(상일초등학교),강동구,골목상권,CS100005,제과점,12,0.27683457030871456,0.35269919694513385,0.5175651575668729,2.939159974542782,4.313042979723941
20261,3111089,상일여고(상일초등학교),강동구,골목상권,CS100006,패스트푸드점,9,0.217897792107708,0.30028797341680646,0.492737612317145,3.336533037964516,5.474862359079389
20261,3111089,상일여고(상일초등학교),강동구,골목상권,CS100007,치킨전문점,7,0.1429084815870655,0.20983397962268427,0.3369131784599052,2.997628280324061,4.813045406570074
20261,3111089,상일여고(상일초등학교),강동구,골목상권,CS100008,분식전문점,15,0.294805079450142,0.5492074142927309,0.7260582927961512,3.6613827619515393,4.8403886186410086
20261,3111089,상일여고(상일초등학교),강동구,골목상권,CS100009,호프-간이주점,13,0.2191530617145492,0.3534141139045209,0.49331175574957653,2.718570106957853,3.7947058134582807
20261,3111089,상일여고(상일초등학교),강동구,골목상권,CS100010,커피-음료,24,0.3309566923353249,0.9368895511753097,1.1403799314377832,3.9037064632304572,4.751583047657429
20261,3111090,강일동주민센터,강동구,골목상권,CS100001,한식음식점,14,0.2571371746248651,0.4099525869296613,0.5071119576077352,2.928232763783295,3.6222282686266802
20261,3111090,강일동주민센터,강동구,골목상권,CS100007,치킨전문점,8,0.40715316122008627,0.1562117802626338,0.38973253864727553,1.9526472532829224,4.871656733090944
20261,3111090,강일동주민센터,강동구,골목상권,CS100008,분식전문점,7,0.1483665563646546,0.1901840347106729,0.32555216089511246,2.7169147815810417,4.650745155644464
20261,3111090,강일동주민센터,강동구,골목상권,CS100010,커피-음료,7,0.12865479096788984,0.22387589294468146,0.31235299389845833,3.1982270420668777,4.462185627120833
